slice,group,n,log_bias_actual_minus_pred,log_rmse,log_bias_sd_across_supported_folds,dollar_bias_pred_minus_actual,dollar_rmse,relative_bias_pred_over_actual,mean_abs_relative_error
Quality_x_KitchenQual,10|Ex,15,-0.061271074650404954,0.47265435864373256,,909.649433372061,176359.91667250416,0.2213382001035779,0.403861687236864
Quality_x_GrLivArea,"10|(1869.0, 5642.0]",17,-0.038327897869127166,0.4456058323428905,0.0,-6014.747263534618,166496.45991685678,0.18026432028971642,0.37138263912832065
OverallQual,10,18,-0.03607888921326996,0.43305132642507216,0.2720718133264814,-5720.943617110506,161805.56529492367,0.1701300832978349,0.3508698228192
Neighborhood_x_OverallQual,IDOTRR|Q4,12,-0.16261936710208044,0.3725284754112927,,8990.044535551995,24553.909859339572,0.251788129601786,0.3402908328570055
Neighborhood_x_GrLivArea,"IDOTRR|(333.999, 1066.6]",12,-0.1657214281079741,0.3562377787990736,,8605.416997050042,22135.25943792692,0.2443017563367902,0.32048694542367495
Neighborhood_x_YearBuilt,"Edwards|(2000.0, 2007.0]",15,-0.09434324805418086,0.3217186741369838,0.09399111511715927,30859.535732823642,113174.77022732812,0.17371642737902532,0.21884601102301324
Neighborhood_x_YearRemodAdd,"IDOTRR|(1945.0, 1970.0]",26,-0.1276668177340645,0.3182075686486308,0.17156095477394584,6664.99325133122,21384.281253464127,0.1916108963851921,0.2658518822009659
Neighborhood_x_GrLivArea,"IDOTRR|(1066.6, 1339.0]",14,-0.09673492927197318,0.27981442358332137,0.0,5911.754921511904,19991.503935349425,0.1476867669106273,0.21460554172357058
Neighborhood_x_SaleType,IDOTRR|WD,33,-0.06863260710343855,0.27316065678251283,0.13161651240260888,2058.651582789514,18439.835102329118,0.11585666257125447,0.20518182760492176
Neighborhood,IDOTRR,37,-0.07590323151758083,0.2716704461899327,0.13099119403994305,3152.006938429504,18925.83312260802,0.12211393526932857,0.20934020089738806
ExterQual,Ex,52,-0.014694483382471231,0.2654389300708455,0.0848051695951313,-322.6597070257099,95636.43921996886,0.06434494713626232,0.17698606994652105
Neighborhood_x_GarageCars,IDOTRR|G1,22,-0.0351564252973754,0.26311159169295517,0.0,-758.3945284713634,18266.6190187876,0.0798366435404591,0.18318846401684252
Quality_x_Age,"3|(60.2, 136.0]",12,-0.16860719757449547,0.2606388253240734,,12580.940885962866,18493.409660916066,0.20785477925281795,0.23991587379596022
SaleCondition,Alloca,12,-0.00403936938633039,0.2502019155580298,0.0,-10049.192015633396,42308.880185289956,0.0370457896431552,0.206847984432451
Quality_x_Age,"4|(60.2, 136.0]",46,-0.05826599671412784,0.24349637406706565,0.0747462707773497,3831.2171235589244,19712.422554048044,0.09367182903381853,0.19957125325308758
OverallCond,3,25,-0.10611707479350976,0.2416401986293977,0.02416538652781972,9073.424038554187,19477.495681823315,0.14027590769213716,0.20232488383769326
Neighborhood_x_YearBuilt,"IDOTRR|(1799.999, 1945.0]",33,-0.05500595453109213,0.23913306888796015,0.1087948951648656,2206.235551174658,17106.18031182897,0.09087979074156453,0.1736855580035543
Neighborhood_x_SaleCondition,OldTown|Abnorml,12,-0.08508705929614709,0.23779072354744246,0.0,5507.102837581707,18531.24334936209,0.11732330389731054,0.20324909798398702
YearRemodAdd_era,"(2007.0, 2011.0]",69,-0.008399721116314606,0.23239576412958282,0.064755323439664,1912.1647048569412,78042.15543564141,0.04631791711014368,0.14921359556456393
Neighborhood_x_GarageCars,Edwards|G2,36,-0.0475352148191658,0.23208539369618908,0.06524107140702527,9394.656867140626,61342.45091801668,0.08413658010030566,0.1623384992902685
Quality_x_GrLivArea,"4|(1066.6, 1339.0]",34,-0.031014870677626604,0.22465852514681925,0.08389831609947124,1656.7506855354711,19506.834020442544,0.060559897293102266,0.16026704849858597
ExterQual,Fa,14,-0.0776592413936461,0.22342412114212676,,4152.626842823379,17165.181387995548,0.10607723041158056,0.19599799699427994
Quality_x_KitchenQual,3|TA,16,-0.10210689707767251,0.22203750262854952,0.0,6766.081522230672,16038.089560053715,0.13065203699990374,0.1804877299462726
YearBuilt_era,"(2007.0, 2011.0]",42,0.009890712964321166,0.21726915637386685,0.057115004527891665,-6595.819907369365,71686.26999400722,0.021854707099804662,0.13994908745996482
KitchenQual,Ex,100,0.008616391900512941,0.21598519123548496,0.07230412351165262,-6393.198757096799,78676.22910833232,0.022153097515430112,0.13829597880100464
Neighborhood,Edwards,100,-0.045126280871584414,0.21500643137318837,0.03978638167102364,8834.0262851604,58238.698459599116,0.07619935109980287,0.14441213874934702
Neighborhood_x_GarageCars,OldTown|G0,12,-0.040350484698447264,0.21406034454970702,0.0,1229.3998553756344,15464.929009568108,0.06614396851426782,0.1796207794250729
SaleCondition,Family,20,-0.005204897145781118,0.20862000415063722,0.0,443.93890133586393,28438.56111869053,0.03063863549374644,0.15365700939763238
OverallQual,3,20,-0.0856965988320578,0.2071283088070834,0.0,5797.884121339697,15137.702735187237,0.11029918423984694,0.17070977111401914
SaleCondition,Partial,125,0.00016291895371443844,0.20704186576402497,0.04571116056727519,-1864.7730643456216,65883.59823394906,0.027671294889647112,0.12881747458517517
SaleCondition,Abnorml,101,-0.028632274095007574,0.2055125654791372,0.054086674820599055,-347.885311105154,34107.66965745523,0.05198980454078041,0.15686664129646608
SaleType,New,122,0.00291487026900423,0.2047670222157373,0.04588374849282685,-2489.670949139473,66209.3118983,0.024445333066482177,0.12591660848246164
Quality_x_RenovationEra,"4|(1945.0, 1970.0]",74,-0.007051256320904402,0.20432495174736534,0.03532912830033077,-639.4288168356452,17735.76634612469,0.030880149011557702,0.1491557431793827
BsmtQual,Ex,121,0.0006897668891727366,0.20388718080910168,0.03287728524471715,-4783.409492213515,72687.45758311587,0.026674241793834833,0.12831129372505723
Quality_x_RenovationEra,"3|(1945.0, 1970.0]",15,-0.09190314287504103,0.20180694664468074,0.0,6647.4012246939565,14929.13359727315,0.11532256788623275,0.16423885075073888
MoSold,1,58,-0.02838985092965485,0.19987266787777536,0.0897404414678991,-714.0617280800084,60967.33160490493,0.05449155895636155,0.1342668846285442
Neighborhood_x_SaleCondition,IDOTRR|Normal,29,-0.02243316424518386,0.19619416218700056,0.08476925046446565,-277.70979569501475,15274.185804675952,0.04697262888772566,0.13077454864964397
Quality_x_KitchenQual,4|TA,94,-0.010112506053463496,0.1948902038309192,0.033081262096240495,-127.08482474414849,17393.20579122101,0.03162962025387611,0.14192004961897176
OverallCond,4,57,-0.05220561664885568,0.1920841324529941,0.06267475315739443,4976.477507032293,18717.683698282726,0.0733862550820796,0.14121276139075895
Quality_x_RenovationEra,"4|(2000.0, 2007.0]",12,-0.06849215268801527,0.18790129181524154,,5710.874531219776,18787.00586389235,0.08795630173133616,0.1495113633920491
Neighborhood_x_OverallQual,OldTown|Q4,17,0.0022598576459384096,0.18736043143264156,0.0,-1015.648618883325,17486.356549210926,0.0163622860171429,0.16076806057019716
Neighborhood_x_GrLivArea,"NWAmes|(1339.0, 1578.0]",17,-0.008183296522821341,0.18694258360453228,0.0,-628.3585317847712,24108.86972427652,0.02989702766217652,0.11395873956003552
GarageCars,0,81,-0.017410237359539883,0.18476479821506078,0.045386788779390494,-397.8063793129652,16200.296961252514,0.036114906279522796,0.13599318409756156
MoSold,10,89,-0.004342454620028674,0.18284775980415377,0.034598470820307474,829.3008803681515,52180.2495812841,0.02621760395359773,0.10792132167555907
OverallQual,4,116,-0.0121711541410006,0.1820026857633629,0.023429662523991212,80.43317785650282,16584.20631129059,0.03081899008687974,0.13268102531488554
MSSubClass,30,69,-0.039305369041058344,0.18151571616786338,0.06535377780987288,2225.8965967044846,15820.409596013893,0.057643983921016675,0.14808541161021743
Neighborhood_x_GrLivArea,"OldTown|(1869.0, 5642.0]",22,-7.642455145375557e-05,0.17430607240642168,0.050009287582788844,-8636.952519333501,44085.69432582202,0.01484062135393928,0.13501640145032645
Neighborhood_x_GrLivArea,"Somerst|(1578.0, 1869.0]",20,-0.008277690083220168,0.17384982862225537,0.05410220946760929,-978.2664908606545,39193.94813454724,0.02657373546310703,0.1043381282194562
Neighborhood_x_SaleCondition,NAmes|Abnorml,23,0.000464242089414699,0.17349060928789617,0.02579713310492084,581.5261607021991,21295.329329181524,0.014160020392438022,0.12843273514808876
Quality_x_GrLivArea,"4|(333.999, 1066.6]",59,-0.004345957293230526,0.17215990918951518,0.03322862738989717,-883.0955905524108,15003.762310873082,0.020685230288437193,0.1289695435246164
Neighborhood_x_GarageCars,Somerst|G3,23,0.014445740674607282,0.17073638453560447,0.06740316632814757,-6855.650120407588,40925.05016927557,0.0027250241424188917,0.09981331272192995
Neighborhood_x_GrLivArea,"OldTown|(333.999, 1066.6]",29,-0.0201790257562218,0.16581443413176017,0.05684732088919716,149.82975835265725,12759.80501851297,0.0356534672746264,0.12324219571724018
Neighborhood_x_GarageCars,StoneBr|G2,15,0.05472506799829884,0.16530621262631642,0.0,-15354.808946676148,46744.15116083313,-0.0427952267848839,0.08720467153138954
Neighborhood_x_YearRemodAdd,"OldTown|(1990.0, 2000.0]",23,0.028348967667117673,0.16480695326750106,0.047753990781764795,-8999.25576885829,40379.47083210424,-0.01516120065787294,0.12428129199826572
Quality_x_Age,"7|(24.0, 42.4]",31,-0.012655648155076232,0.16440372627196814,0.046625681877769866,293.02797332929725,28141.54211429843,0.028679380982328962,0.10820263498405171
MSSubClass,70,60,0.028550175173437074,0.16337466423319735,0.05451048172545058,-7361.836840251975,21802.763539811247,-0.012839418772860814,0.11280401539529264
Neighborhood_x_YearBuilt,"NridgHt|(2007.0, 2011.0]",14,0.022174453034541512,0.1633316191741004,0.0,-17152.156980189648,70212.84275837432,-0.008512080189686553,0.11739215849901832
Neighborhood_x_OverallQual,Somerst|Q8,29,0.00619377287606308,0.1619939573170234,0.05640629649866533,-4568.708993767626,38957.469782021086,0.008978917121181726,0.10528743458333713
Neighborhood_x_OverallQual,NAmes|Q4,20,0.03272825269196451,0.16107753983426987,0.0,-3718.754441990471,17635.97478896439,-0.02065908927962092,0.10773328035709104
Neighborhood_x_YearBuilt,"OldTown|(1799.999, 1945.0]",92,-0.01430858916871947,0.16039396492692268,0.0300100780223016,-1405.4286445752061,25033.240516890983,0.027832570654015464,0.12621211873010596
TotalBsmtSF_quintile,"(1391.2, 6110.0]",292,-0.0006859597558171593,0.1597650873483334,0.034054991666514614,-2908.329737987516,51967.36350747207,0.016115705965993644,0.10202122483520186
Neighborhood_x_YearRemodAdd,"OldTown|(1945.0, 1970.0]",55,-0.026066452091203954,0.15962022222377242,0.010951927345039223,1269.2483468485123,17073.430194839515,0.03973929948854288,0.12391170161566507
Neighborhood_x_OverallQual,StoneBr|Q8,16,0.05808536226086747,0.1589760543066023,0.0,-18923.950224995475,48093.8879172248,-0.04707027287463884,0.07964254345854208
GarageCars,3,181,-0.0007244548069290566,0.15857869868503344,0.03048908401172628,-3963.8994179496244,56698.33652293049,0.015808873781399876,0.1005105016891337
Neighborhood_x_OverallQual,NWAmes|Q7,26,-0.02248636862137963,0.1577591183257499,0.08092375937896037,2650.1175854099565,23433.51819324846,0.03780424892945677,0.09503872757624346
YearBuilt_era,"(1799.999, 1945.0]",280,-0.006597005832247176,0.15752974322893534,0.023684585948626394,-2206.8650921428693,21546.192387707524,0.020135522649732767,0.11825030982704869
TotalSF_quintile,"(3166.4, 11752.0]",292,0.0020591370924413956,0.15752671115326597,0.030334722230308104,-3624.830002349374,52571.7099668789,0.013007969587039992,0.10236512914084829
Neighborhood_x_GrLivArea,"BrkSide|(333.999, 1066.6]",23,-0.01657650031078825,0.15733661310497374,0.013338883618841588,-125.8567443483771,11628.27435397201,0.030258062344337245,0.11698570328978616
Neighborhood_x_YearBuilt,"ClearCr|(1945.0, 1970.0]",15,0.020434742591310357,0.15664729041604514,0.0,-4208.915274010395,29398.406461339575,-0.007006218697395439,0.11800583321722272
Neighborhood_x_GrLivArea,"Mitchel|(1066.6, 1339.0]",13,-0.009517399209181657,0.15604250025470462,0.0,270.5655795730787,18731.79441738912,0.02282514013966699,0.10400817732704262
Neighborhood_x_SaleType,Somerst|New,32,0.0031547164128638006,0.15593911443384356,0.008686389952239823,-2797.442491912272,36295.59876170443,0.010920992838131367,0.1018507805604325
OverallCond,9,22,0.09508825432577508,0.15587769354543757,0.01302864667330228,-21521.484463810426,45737.17964877537,-0.08406259426497678,0.1007664995633795
Neighborhood_x_GrLivArea,"Edwards|(333.999, 1066.6]",26,-0.03190146583143994,0.15583565819430217,0.0018896450437149055,2634.616460557305,14566.208642661999,0.044512946182229854,0.12412102236129413
Neighborhood_x_YearRemodAdd,"Edwards|(1945.0, 1970.0]",51,-0.028197011549549206,0.15575937691874153,0.05374503221944498,1637.182649216477,18897.74858355835,0.04095611572172048,0.11505107916543313
GrLivArea_quintile,"(1869.0, 5642.0]",291,0.007307598372243049,0.15559907135887524,0.026540473207481506,-4659.662696576433,51446.00956116189,0.007240357276194662,0.10049033836947416
KitchenQual,Fa,39,-0.03202461162032017,0.1544075450032977,0.036163117443028026,2189.2168735641494,14848.291048936064,0.04523055828037206,0.118209854679417
Neighborhood_x_SaleCondition,Somerst|Partial,33,0.0033635430156188522,0.15356818238308975,0.008054470132888838,-2783.892094636273,35743.77651963834,0.010287152316727624,0.0990672946152131
Quality_x_GrLivArea,"8|(1339.0, 1578.0]",24,0.056877301815621596,0.15350349678261252,0.08197082059234591,-14744.10929278429,41863.6359782532,-0.046445982934289705,0.08782633733914809
Neighborhood_x_YearBuilt,"Edwards|(1945.0, 1970.0]",40,-0.013214664900276007,0.15213586492953285,0.06556316911303155,-828.6026317867829,21018.495592822008,0.025355381906235163,0.10591664402211953
MoSold,12,59,0.004792905430619167,0.15188959513067143,0.03483257085976881,-1845.3413468010237,24245.21787366142,0.007421846427129495,0.10269314368676884
Quality_x_RenovationEra,"7|(1970.0, 1990.0]",41,0.0023707374991747106,0.15182537690622996,0.06223427592778428,-2381.6578937773443,27021.84599698244,0.01103133540577743,0.105190919810839
GarageArea_quintile,"(620.2, 1418.0]",292,0.0007000128978197245,0.15170975973944614,0.01969504535042768,-2467.4610340667377,50117.12747629157,0.013551498600888402,0.09627908749685446
TotalBsmtSF_quintile,"(-0.001, 755.8]",292,-0.00832646225204169,0.14922683497450134,0.023656460237972573,-594.9836816379586,15373.984484603536,0.020865300378404276,0.100491073893556
Neighborhood_x_GarageCars,Crawfor|G2,24,0.0898430547693269,0.1491695112015324,0.020520081381788353,-23104.0296875855,40333.17065477492,-0.07948392201365238,0.10720355461123067
Neighborhood_x_GarageCars,Edwards|G1,40,-0.03373847459066583,0.14916356216892476,0.0526426978169996,2715.9550565519926,15403.22538986521,0.045696919386719916,0.10606077227682417
Neighborhood,OldTown,113,-0.0048221804674384834,0.14848147760726088,0.017119268805290397,-2054.108891529232,22943.82254655837,0.016370625569719285,0.11314951995410319
Neighborhood_x_SaleType,OldTown|WD,104,-0.008359721283068576,0.14748178652879776,0.017035506705518972,-1833.5334782359002,23279.646065995337,0.019818063149171592,0.11154670219311316
Neighborhood,StoneBr,25,0.06562157086639153,0.14715367024656945,0.040193502541777816,-24089.47045694982,50001.13444148558,-0.055999288225302764,0.0827726727766381
Neighborhood_x_OverallQual,Crawfor|Q7,13,0.05302780899537191,0.14639103036415077,,-15514.115778416368,34753.36918220992,-0.04276237389322667,0.11650960261441057
Neighborhood_x_GrLivArea,"OldTown|(1066.6, 1339.0]",24,-0.016989696539223553,0.1461367029233293,0.02328669875336491,1350.5018315822247,14571.497003917804,0.028190634181036536,0.11581225719300774
SaleType,COD,43,-0.021623185788292976,0.1453668731175589,0.0548830243896531,2297.786570008251,16047.084995233108,0.03313837273151244,0.10750026425938967
MSSubClass,190,30,-0.0013435748018708912,0.1452940708901145,0.01961973672917241,-1195.9350285148078,18676.8009582414,0.012166389204441127,0.11834295885319263
Neighborhood_x_YearRemodAdd,"Sawyer|(1945.0, 1970.0]",35,-0.012570799743330799,0.14516663348726816,0.036903454014098336,322.06983595051486,14830.920663278688,0.025094210105357725,0.09298768040709181
MSSubClass,75,16,0.017398157692511407,0.14471678499262486,0.0,-10932.203150192088,46922.957484038314,-0.00787372572767199,0.09203478453212575
YearRemodAdd_era,"(1945.0, 1970.0]",433,-0.005370422475810091,0.14437265855424825,0.011606839934737203,-1047.416338968958,16892.652099113442,0.016903806022591235,0.10019635546544653
Neighborhood_x_SaleType,ClearCr|WD,26,0.030468848555166926,0.14319317566482084,0.05883966604593283,-7759.310726933003,30510.655899422734,-0.019679848594763495,0.10614712510102584
Quality_x_Age,"8|(-0.001, 5.0]",89,0.01173088406868171,0.14271010828180072,0.041974614532403004,-4890.421206881209,40558.62596507989,-0.0011607795989499478,0.08796365945195883
Neighborhood_x_YearRemodAdd,"NridgHt|(2007.0, 2011.0]",20,0.020160256379597553,0.14236666892771827,0.0,-13164.677588355098,60338.456618830714,-0.009809454117049522,0.100297797840925
Neighborhood_x_GrLivArea,"NAmes|(1869.0, 5642.0]",22,-0.036963816615772416,0.1417430403196239,0.044347393307223815,7033.566352777096,27269.812638153377,0.04772030016875651,0.11412343943416586
Neighborhood_x_GarageCars,NoRidge|G3,26,0.011786196867325916,0.14146114587686084,0.030387774784116472,-15288.554561770776,73208.5835019553,-0.00228162694750535,0.09476345257641586
MSSubClass,50,144,-0.0020860107930248026,0.14140530010690322,0.020787339673449156,-1273.02213339817,19588.549916258846,0.012325207466422402,0.10356951968816591
GarageArea_quintile,"(-0.001, 295.6]",292,-0.0017153691253347753,0.141400460338867,0.015009878054732858,-1132.5199935282396,13991.441099504298,0.01272111577542725,0.09665673176008681
Neighborhood_x_SaleCondition,NridgHt|Partial,32,0.03324767849628313,0.14107645487114537,0.022742539643418498,-13752.634965894065,55286.28329572446,-0.023367273076718355,0.10156345148485652
Neighborhood_x_SaleType,NridgHt|New,32,0.03324767849628313,0.14107645487114537,0.022742539643418498,-13752.634965894065,55286.28329572446,-0.023367273076718355,0.10156345148485652
BsmtQual,Fa,35,-0.008194176968278503,0.14015381390684967,0.05259222218396273,-1056.9550122641883,15567.660396628817,0.018348052989632567,0.1188349862272955
Neighborhood,ClearCr,28,0.02776329165898745,0.13989229299200803,0.053328315465799594,-7200.300364937072,29813.721207756043,-0.01747772294067717,0.10474934261784608
Neighborhood_x_YearBuilt,"Edwards|(1799.999, 1945.0]",34,-0.0465417485092417,0.13987253944402558,0.02723472077998328,4231.024838337504,14787.335733456894,0.05672604937393051,0.11519481047948023
Neighborhood_x_OverallQual,Mitchel|Q5,22,-0.01595298288461427,0.13984479258436516,0.0061592988012696415,965.6773819193033,17666.406338157576,0.026354768680408956,0.09547475788116501
Neighborhood_x_OverallQual,Edwards|Q5,38,-0.024442626466814336,0.13901302585378664,0.037343184733542305,1666.6199857752163,16061.13097864728,0.034832185962959915,0.10174567539441788
Quality_x_RenovationEra,"8|(2007.0, 2011.0]",20,0.019684255729110766,0.13895202984525062,0.10696337537520613,-7123.096987249967,43671.30742230527,-0.009743807144996808,0.0989790249273768
TotalSF_quintile,"(333.999, 1903.6]",292,-0.011080022036160549,0.1384344970446691,0.022036257526421327,-1.865823429703347,12104.677889485154,0.02187601736802247,0.09358162025820649
Neighborhood_x_GrLivArea,"Edwards|(1066.6, 1339.0]",34,-0.03325946994406964,0.138013329657346,0.044382773967376075,2626.575410442996,15166.625904325483,0.04373874007866145,0.0974633667879688
Neighborhood_x_GrLivArea,"Sawyer|(333.999, 1066.6]",34,-0.0007092327718566317,0.13792445557108968,0.01897344174668436,-834.7342435553253,13510.081797542665,0.012110748760277668,0.07754684574048877
Quality_x_GrLivArea,"5|(1339.0, 1578.0]",62,0.005244957422864736,0.13783685062900236,0.018674931289216656,-968.2334535534085,19717.145470267293,0.00455288958156676,0.10037067515804458
Neighborhood_x_OverallQual,Edwards|Q4,25,-0.019558047088675323,0.13686424389762603,0.03152716441681783,1919.0169771136227,13948.48934799511,0.029153554675880544,0.09777445725223283
Neighborhood_x_GarageCars,Sawyer|G1,34,0.023921485205713622,0.13685372314134994,0.031304652310538555,-4076.638199063153,14062.16764051515,-0.01275743608725937,0.08032030222146631
Neighborhood_x_GrLivArea,"Crawfor|(1869.0, 5642.0]",18,0.08238474641340757,0.13569074196415035,0.0,-22325.426178386664,37017.62873690848,-0.07374319447053147,0.10097310800688507
Quality_x_GrLivArea,"5|(1869.0, 5642.0]",26,0.008133605355754256,0.13494641721676146,0.06025133743330755,-2146.44728200799,19843.719865932086,0.0011881620199862958,0.0994803389431118
Neighborhood_x_YearRemodAdd,"NoRidge|(1990.0, 2000.0]",37,0.01857705169161712,0.13464804010442907,0.01902028756979568,-13790.606560038615,64595.85302538487,-0.009966126777151045,0.0907973501569424
Neighborhood_x_GarageCars,SWISU|G1,15,-0.0043182024116637996,0.13425772781482379,0.0,1010.6083002381099,18355.90950310032,0.012846741284795809,0.0828886280036672
Neighborhood_x_GrLivArea,"NoRidge|(1869.0, 5642.0]",37,0.019908418335441207,0.13424489399540995,0.017486391353260362,-14756.77031876401,64721.16526694931,-0.011352988682107053,0.08997332063534971
Neighborhood_x_YearBuilt,"Crawfor|(1799.999, 1945.0]",34,0.0694842213267297,0.13418190424787632,0.0698709044948293,-16244.251655533983,29937.002881606873,-0.060878678358843696,0.10408313830170983
GrLivArea_quintile,"(333.999, 1066.6]",292,-0.009802587216944169,0.13413962161050796,0.019287005352419083,-80.86999817931752,11938.901614055187,0.019949021660580282,0.08985881980909043
Neighborhood_x_GrLivArea,"Crawfor|(1578.0, 1869.0]",17,0.05640404644998586,0.1340333386660357,0.0,-15041.38472227793,34593.86786710341,-0.04781762986078387,0.09949501346635399
BsmtQual,TA,649,-0.0029587522905122083,0.13383438459248728,0.0037355032442764596,-1029.84213778107,17506.921054358427,0.01282559789787495,0.09211971439663687
Quality_x_Age,"4|(42.4, 60.2]",36,0.05564706517481113,0.13377220864330622,0.020147343608269766,-6328.924087568765,15056.818734040307,-0.04755190285284981,0.0810506817306969
Neighborhood_x_GarageCars,OldTown|G2,46,-0.0012829521063478643,0.13375106056778419,0.03188448783586606,-1548.6617776347146,19154.806958308975,0.010456827339887753,0.1092996015600696
Quality_x_KitchenQual,7|TA,64,0.010146582920796399,0.13322741934176022,0.03608553252640664,-4154.5656686879065,25700.980190037753,-0.00022509271023983535,0.08546853391147738
Neighborhood,SWISU,25,0.0024664035556041597,0.1331460072059496,0.01509003123801363,-175.164413339342,18743.63413355082,0.006079082985398268,0.0917798799319786
Neighborhood_x_YearBuilt,"SWISU|(1799.999, 1945.0]",25,0.0024664035556041597,0.1331460072059496,0.01509003123801363,-175.164413339342,18743.63413355082,0.006079082985398268,0.0917798799319786
Neighborhood_x_SaleType,SWISU|WD,25,0.0024664035556041597,0.1331460072059496,0.01509003123801363,-175.164413339342,18743.63413355082,0.006079082985398268,0.0917798799319786
Neighborhood_x_OverallQual,OldTown|Q6,22,0.005205517270848018,0.13307626239119635,0.0534698573705291,-1836.4888608027138,20015.641607483547,0.003723085568688712,0.10862016618131863
YrSold,2007,329,0.0019764722763413677,0.13307355240717078,0.023622180294065015,-2421.949860616539,38345.72523293007,0.008300261162483596,0.08391347259454214
Quality_x_RenovationEra,"8|(2000.0, 2007.0]",91,0.009308372358390528,0.1325664215886165,0.02044104878400121,-4322.551276423739,36660.73955264907,-0.00019243613452833388,0.08221516058060542
YrSold,2009,338,-0.006967829825895211,0.13233946202751626,0.010778791264171143,-306.8130620146871,22931.91834068154,0.016629727239438487,0.08942779859730587
Quality_x_GrLivArea,"8|(1578.0, 1869.0]",53,-0.011991080163893487,0.13202059772493385,0.030919369269209872,1217.6218444758122,32925.62276849131,0.021861195259330918,0.08474380706602733
Neighborhood_x_YearBuilt,"NoRidge|(1990.0, 2000.0]",39,0.018468916712488036,0.13174751110906177,0.018575891298876678,-13498.16676166601,63088.65116665326,-0.01022223920497825,0.08880752274626448
Quality_x_RenovationEra,"9|(2007.0, 2011.0]",14,0.041261984701421915,0.131661186907832,,-22577.206678194274,63652.207584691954,-0.033142854201888554,0.09476289178142729
Neighborhood_x_SaleCondition,OldTown|Normal,94,0.0011078356808111726,0.13151538411228303,0.02664366098231755,-2785.569556122264,23803.251716993025,0.007679678578479336,0.09934531427434709
Neighborhood_x_OverallQual,NridgHt|Q8,27,0.007412604033923742,0.131467352990136,0.01237612527109901,-3443.8341282814486,42090.51593151711,0.001406027409926092,0.09132305654074582
Neighborhood_x_GrLivArea,"NridgHt|(1869.0, 5642.0]",37,0.009103330965400551,0.13039533729532107,0.022337539595532276,-6412.667044262874,52817.5032491363,-0.0005831834479979217,0.09130792072198993
Neighborhood,Crawfor,51,0.06375817875183179,0.13015041214749223,0.0358080163172041,-15528.543571121194,31476.164134412025,-0.05569487590538016,0.09811478071305559
Neighborhood_x_OverallQual,Edwards|Q6,23,-0.003937078508325312,0.1301285879931935,0.03805170108097351,-2706.7821938106235,23931.599639908487,0.012220901823286785,0.09086376025252581
Neighborhood_x_YearRemodAdd,"Crawfor|(2000.0, 2007.0]",15,0.06221424240899675,0.1300327947978507,0.0,-15644.57826624987,29813.19405808957,-0.05420541109325558,0.09680039177158038
Quality_x_Age,"5|(60.2, 136.0]",105,-0.004978503031898573,0.12941425205997098,0.02886090477823689,-284.3281955070529,15188.343088762564,0.013477438940900387,0.1012303626028869
Neighborhood,NoRidge,41,0.020591714512120683,0.12932806044859024,0.01593498827783796,-13871.591648640451,61713.111988214354,-0.012642536855333295,0.08739439193119093
Neighborhood_x_SaleType,NoRidge|WD,41,0.020591714512120683,0.12932806044859024,0.01593498827783796,-13871.591648640451,61713.111988214354,-0.012642536855333295,0.08739439193119093
Neighborhood_x_SaleCondition,BrkSide|Normal,54,0.022904498020408504,0.12924245013737015,0.017720629446790415,-5263.61128899564,14582.012366877858,-0.014109584972530273,0.09614862504854876
MSSubClass,60,299,-0.001445913422918841,0.12908042963493083,0.010513563274129601,-714.6493473724925,43850.97090760106,0.012296935009408563,0.07504266867037615
Neighborhood_x_YearRemodAdd,"NWAmes|(1970.0, 1990.0]",43,-0.00873325133172795,0.12901131731546409,0.06625842725534643,1019.0688262264032,19407.58572075844,0.01878015488099957,0.07977295487036631
Quality_x_GrLivArea,"6|(1869.0, 5642.0]",49,0.011799645182206147,0.12893523317937833,0.05139498777846885,-4086.0574175517445,25746.350434086893,-0.0036592991988886733,0.09664992478917861
Neighborhood_x_OverallQual,OldTown|Q5,47,-0.01363013197801355,0.12880911521546284,0.04021714662231628,428.64912931577976,13885.61646358302,0.022247960144530125,0.10110473382698547
Quality_x_RenovationEra,"5|(2000.0, 2007.0]",56,-0.019120669807916078,0.128789445258491,0.01529130504087314,1848.457899192635,18458.409263789043,0.028157452720805106,0.0865351319807741
KitchenQual,TA,735,-3.233595615853636e-05,0.12807777905802037,0.006405355412954894,-1327.246365679563,16064.186927655317,0.009004823705848878,0.08780171854049203
Neighborhood_x_YearBuilt,"Sawyer|(1945.0, 1970.0]",57,-0.002872917625982452,0.12781492127835423,0.019444032359072005,-573.5308867120475,14244.952839523557,0.012304132992917301,0.08196456372173867
MoSold,8,122,-0.00010595088289430358,0.1276300700039873,0.027625296516527873,-511.1825422498614,23259.339270595272,0.008554937466618276,0.09064628084875957
Neighborhood_x_SaleType,BrkSide|WD,57,0.024076664620261205,0.12759027995408623,0.017626561285127462,-5412.364663769764,14480.875804772852,-0.015522890680931892,0.09569806703460429
Neighborhood_x_YearBuilt,"Somerst|(2000.0, 2007.0]",55,0.011864023836471076,0.12741293240923018,0.027218345543778544,-4718.900120507746,30076.265072106107,-0.002697538781856285,0.0776056833454624
Neighborhood,BrkSide,58,0.025390944405453444,0.12716945015790815,0.01707224631439254,-5417.779074796035,14375.176289713447,-0.01690077202071282,0.09569361774759776
Quality_x_GrLivArea,"9|(1869.0, 5642.0]",23,0.026570060236386858,0.1268005808524475,0.008278011979906552,-14637.272439807046,59466.46910304206,-0.018920051645050003,0.09230886619648468
Neighborhood_x_OverallQual,Sawyer|Q5,54,-0.006731930268786679,0.12665867296199892,0.03351231867546671,254.41335516495772,14114.836314819087,0.016135449465711587,0.07868809290857462
Neighborhood_x_SaleCondition,Sawyer|Normal,67,-0.00772065016966565,0.1266242803688494,0.024747894631989818,495.07185011478873,14842.901149722884,0.016919230685449604,0.08224847488502002
Neighborhood_x_SaleType,Sawyer|WD,73,-0.007624306855589948,0.1263460003197376,0.023413457854012543,447.6667142495432,14949.929833937536,0.016730618046868147,0.08310821277566682
GarageCars,1,369,-0.004100104194197249,0.1260801283391335,0.0121997097880878,-349.6926368087395,13826.07422770177,0.013033059472573681,0.08489706806199962
Neighborhood,Sawyer,74,-0.008555615567301517,0.12580445513973404,0.023431333174202963,575.9875201085579,14893.4960767356,0.01757949146221497,0.08306009166765149
Neighborhood_x_YearRemodAdd,"OldTown|(2000.0, 2007.0]",23,-0.006061774399201525,0.12542400352504202,0.037917815748460065,-1634.3501770709706,13417.806572675821,0.01470200302906002,0.09712018505353795
Neighborhood_x_YearRemodAdd,"BrkSide|(1945.0, 1970.0]",37,0.023871518782311998,0.12531233941263223,0.03780299382621383,-4665.32583494991,13487.478016529747,-0.015769248051908456,0.09928142335729627
Neighborhood_x_GarageCars,OldTown|G1,48,-0.012946497980768745,0.12530883544774166,0.032586638609624116,843.4412678810371,12170.338810174972,0.021324182264421686,0.09269507544816802
YrSold,2008,304,0.0028426166653560594,0.12521380739007423,0.015766874964253625,-1419.516261511727,26963.29739721105,0.006658490965400783,0.08004380737695706
Neighborhood_x_SaleType,Edwards|WD,86,-0.018222503579314545,0.12445175462482758,0.02616657044080808,639.8281318519149,17143.406132238633,0.026063047724634036,0.09142965756738877
MoSold,11,79,-0.01432253463222205,0.12433203244605213,0.01790823861973209,398.9256329781724,22079.59746740646,0.02302663531872505,0.085261833464417
OverallCond,5,821,-0.0036073173860534,0.12432299175042032,0.008321200888915359,-659.7265345601334,31723.216728818188,0.01264173922587484,0.08064476251079276
Quality_x_RenovationEra,"5|(1945.0, 1970.0]",198,-0.006912385005704431,0.12422360730448251,0.009252307210023472,-187.21067359501885,13921.876461566786,0.015376182889599516,0.08872908976284807
Neighborhood_x_YearRemodAdd,"Somerst|(2000.0, 2007.0]",51,0.009176759133767337,0.12411195318429352,0.03251212978178157,-3987.4323363848,29411.70965628718,-0.0003133976847445809,0.07319254146021378
Neighborhood_x_SaleType,Crawfor|WD,48,0.05816632327087723,0.12377519359692024,0.0333572465321265,-13669.443016773008,28062.081574277938,-0.05081751270143107,0.09512627630128288
OverallQual,8,168,0.007784471907859343,0.12270328866595698,0.03208427425310842,-3609.6944025996913,35145.655867529626,-7.594568330530045e-05,0.08099419443099988
Quality_x_Age,"4|(24.0, 42.4]",31,-0.025703898732890463,0.12268785692542572,0.03958964105193937,2252.0570026511186,13657.104704978727,0.03347595598874635,0.1027515374442537
ExterQual,TA,906,-1.3220842418757467e-05,0.12221603266204725,0.005940006963212991,-1239.9084367337564,16163.359218799778,0.008123349401697798,0.08480338578911742
MoSold,7,234,0.006792624745920175,0.12170484800946488,0.011831290454054061,-3809.9302506676404,27217.7489433997,0.0012827271520239965,0.08174511223791707
Neighborhood_x_GarageCars,Edwards|G0,22,-0.011003593921759102,0.1215995699187922,0.040792940923084,59.02018042908094,13824.781268611028,0.01844210633234794,0.09059675284269407
Quality_x_KitchenQual,8|Gd,133,0.005409604637521303,0.1212980664372179,0.03554815813973609,-2797.855351854742,33786.945977267904,0.0020991787136434197,0.07742804814829171
YearBuilt_era,"(1945.0, 1970.0]",404,0.0033630755502089605,0.12118189663557459,0.00734038841878021,-1476.47185865483,17176.12488630803,0.004500317674321443,0.08175578976391787
Neighborhood_x_GarageCars,NridgHt|G3,51,0.006926094588008176,0.12078044058304599,0.016941791977222335,-4938.923597947089,47248.25442166638,0.00035919273315607343,0.08462961956574656
Neighborhood_x_YearBuilt,"BrkSide|(1799.999, 1945.0]",49,0.02963913748320704,0.1207184184468913,0.017590953776753293,-5851.755037279713,14920.32686370373,-0.02209417504131614,0.09127784585988276
Neighborhood_x_YearRemodAdd,"Edwards|(1970.0, 1990.0]",13,0.010239409948833912,0.12062734444570779,0.0,-3193.866281065232,18388.06625267085,-0.0030125723151378002,0.08326458464382634
Quality_x_KitchenQual,8|Ex,30,0.017508343809794564,0.12025367212873994,0.023994228382183177,-6015.719640405381,39200.61843215314,-0.009911945987989168,0.08716168049833609
MSSubClass,20,536,-0.0006046406815019631,0.12009427919304846,0.011980909051431655,-1554.0131207320283,24005.599176253676,0.008459157042409664,0.07797027159254714
YearBuilt_era,"(2000.0, 2007.0]",322,-0.0003376822934621248,0.11988210557409706,0.012815115216853799,-496.4160334332341,35402.92860679721,0.008938821311324929,0.0731872855327341
Neighborhood_x_YearBuilt,"NWAmes|(1970.0, 1990.0]",55,-0.009597109759335512,0.11934332226995356,0.05302327603419337,1369.7910539659517,18785.482870056097,0.018073254191964944,0.07627328655495372
BsmtQual,Missing,37,-0.008949498558131385,0.11921628381518612,0.045087964816830375,-154.922239035965,10831.479246478155,0.016422434168114262,0.090740973246371
Neighborhood_x_GrLivArea,"OldTown|(1339.0, 1578.0]",18,0.052978642664829025,0.11918090518744304,0.0,-7228.332345467295,13614.819036961604,-0.04602704018837359,0.09880553389046932
Neighborhood_x_YearRemodAdd,"NAmes|(1970.0, 1990.0]",28,-0.04114275199977792,0.11803169581130174,0.06291025554486603,7201.1797072145055,19615.88524596876,0.0485786967576155,0.09115396382451375
YrSold,2010,175,-0.0023235635313982074,0.11746529506066096,0.01855999335691622,-1695.5754377064395,21229.992058882242,0.009590609514449896,0.08678911445607067
Quality_x_GrLivArea,"7|(1339.0, 1578.0]",93,-0.003991509999007891,0.11729403455778559,0.02802924031460087,-318.0402392765973,20990.930802789517,0.011626595953033992,0.08231866222856672
GrLivArea_quintile,"(1066.6, 1339.0]",293,-0.002068419212724329,0.11719052513023964,0.02510880506766573,-660.1454171684431,13465.052999908694,0.009625902658912382,0.07748261680069948
MoSold,2,52,-0.004965777295708778,0.11686066964127828,0.023485372104583156,1317.8933828741015,23482.459849757153,0.01307874633971402,0.07015858137656261
Neighborhood_x_SaleCondition,Crawfor|Normal,43,0.06567858297942296,0.1162965107276565,0.049697182305096406,-14673.046883599722,25638.980199671354,-0.059249804810082594,0.08790750130211311
TotalSF_quintile,"(2676.0, 3166.4]",290,0.003077292852453182,0.11614017516338708,0.008401103283481983,-2306.7162381785156,23144.293276284563,0.003894080667937799,0.07924643879443898
Neighborhood,Somerst,86,0.014750152090103483,0.11586103247868478,0.024577484611346918,-4824.445410136343,27359.264513177783,-0.007399589908405169,0.07701850244552239
Neighborhood_x_GarageCars,Timber|G2,22,0.017731003948214183,0.11529441704770312,0.04814060151770319,-6814.489101106141,31165.437806916445,-0.011515455223824094,0.0752090780139919
Neighborhood_x_GarageCars,ClearCr|G2,22,0.05473111897954224,0.11506504998447688,0.026635316452663885,-12734.531877420144,27177.626941362294,-0.048384524784446464,0.09006049348200088
Neighborhood_x_YearRemodAdd,"Crawfor|(1945.0, 1970.0]",21,0.045363410774278974,0.11471092883564521,0.01815243583095357,-7895.899311726723,20464.440008539106,-0.03895782145376542,0.08782758901366525
Neighborhood_x_GarageCars,BrkSide|G2,20,0.061463935568073856,0.11465840783115887,0.007022712338793813,-11220.86161172786,18553.15011124511,-0.05511979093592364,0.09141244870241291
Neighborhood_x_SaleCondition,ClearCr|Normal,24,0.055066533385280746,0.11434510506229875,0.029287795102590792,-12547.493878699788,26627.01420040824,-0.048791882307620986,0.09085109667713838
SaleType,WD,1267,-3.906508350071482e-06,0.11390674549853151,0.003936308316442852,-1524.099241462397,20881.999911549225,0.0069365772691562366,0.07812331504687928
GrLivArea_quintile,"(1339.0, 1578.0]",292,0.00821431872522224,0.11375302565906752,0.01604584376843872,-2025.1282917026053,20502.933594777594,-0.0015299667856680137,0.07789152883567364
YrSold,2006,314,0.004198434823591867,0.11365469534770861,0.008425186503280873,-2213.915819643919,22020.78949304097,0.0023980235576125577,0.07893874718431088
Neighborhood_x_GarageCars,Sawyer|G2,37,-0.034753318704306736,0.11364993039267879,0.054353672572472034,4543.167731045338,15789.680368828074,0.0417195294790365,0.08336070721602047
Neighborhood_x_SaleCondition,NoRidge|Normal,37,0.011135010375532245,0.1136441065063104,0.036539434279986065,-8466.558086289913,48008.05052221392,-0.004806954409888008,0.08124503016238986
Neighborhood_x_SaleCondition,Blmngtn|Normal,12,-0.005593992026593941,0.11344969188817088,,376.4827329864056,22532.707291751234,0.01206112373702134,0.08829249359580577
Neighborhood_x_SaleType,Blmngtn|WD,12,-0.005593992026593941,0.11344969188817088,,376.4827329864056,22532.707291751234,0.01206112373702134,0.08829249359580577
Neighborhood_x_GrLivArea,"OldTown|(1578.0, 1869.0]",20,-0.02519480783918455,0.11342638306703859,0.04101829947019042,2562.5762975372318,13366.544787696042,0.032067398583664856,0.08417587322229403
Quality_x_Age,"5|(42.4, 60.2]",162,-0.008083884303883987,0.11337932596326877,0.017201067739411453,170.28958469957504,12879.178028908365,0.015302699317919315,0.07351221878591445
Quality_x_KitchenQual,9|Ex,35,0.010205785523160925,0.11332549419928316,0.029169591167218928,-7700.417925480231,50616.1830417913,-0.004008089679160944,0.085454217289114
MoSold,4,141,-0.004184729052451046,0.11318617901500787,0.006263914973501815,-110.40749318030367,18849.81599442243,0.011237319548587659,0.07927767325826318
OverallCond,8,72,0.022162364398614704,0.11316524337482964,0.020826606157781022,-4060.131599888841,19320.519022644727,-0.015474836059561197,0.08624661164311083
Neighborhood_x_OverallQual,NoRidge|Q7,12,0.007537530732374768,0.11309853056764636,,-1989.5731931770279,30957.584087546973,-0.0008495142586643079,0.09421865600852235
Quality_x_GrLivArea,"5|(1066.6, 1339.0]",109,-0.004062982822731949,0.11304338663315272,0.023762644258824656,-473.42527642089397,12853.56244690358,0.010921270416397396,0.07734101768376174
Neighborhood_x_GrLivArea,"Blmngtn|(1339.0, 1578.0]",12,0.011886117177901964,0.1130283910827744,,-3328.311024876806,23086.7896137553,-0.005493397704886892,0.08646089416576797
OverallQual,5,397,-0.002729125397787554,0.11295267219604578,0.006196591767609678,-335.1795199209792,13997.08626961619,0.009549031286234841,0.07796764881887079
Neighborhood_x_SaleCondition,Edwards|Normal,82,-0.024343174630728267,0.11258950599495518,0.03794640473347287,2022.446251408598,13664.900819934615,0.030900080414232024,0.08674995682659346
Neighborhood,Mitchel,49,-0.019890556492501026,0.11208240171991055,0.017179672644477798,3175.4142516901625,16896.05955986917,0.026487410167458654,0.07821242127888327
Quality_x_Age,"6|(60.2, 136.0]",79,0.01357799245281297,0.11166704449577242,0.024395224609649185,-3485.3697121000496,17513.876071423754,-0.007320875248962246,0.08594646041278069
OverallCond,6,252,0.0038719342028648196,0.11165675253389319,0.007634218246579317,-2583.4921338109484,22545.627520436075,0.0025339972570050666,0.07583251375528853
Quality_x_KitchenQual,5|TA,320,0.001653822168572311,0.11149958543683382,0.004804201145934204,-1001.453859314588,13334.227408848521,0.004918710244386663,0.07843247310535058
MoSold,3,106,-0.005687744637858726,0.11144704245387523,0.03591312858878793,-721.1462733814,22572.77610645781,0.01203530384921955,0.08636779293664769
GarageArea_quintile,"(516.0, 620.2]",291,0.0014824839972925115,0.11121443912879862,0.0075844066590877975,-1829.557159205585,21674.667933100638,0.004972626888691283,0.07589911620234223
GarageArea_quintile,"(295.6, 440.0]",336,0.0009881969823498649,0.1109252213778014,0.017935230378253546,-1630.1577164356456,15833.236345593145,0.005646040826164618,0.07534626920849564
Neighborhood_x_GrLivArea,"NAmes|(1578.0, 1869.0]",26,-0.03903720552097551,0.11087199328634084,0.04602172297773439,5292.035176071057,16418.253033141147,0.045451527374015546,0.09315573985231221
Neighborhood,NridgHt,77,0.00611193258990445,0.1105705760993315,0.026001505207391484,-3812.624796590876,39904.40077333957,1.7285993476922302e-05,0.08058166285408666
OverallQual,9,43,0.0166739591736996,0.11053306389231879,0.022310220578063002,-8920.18489827563,47462.41117650451,-0.010799224890833129,0.08075021239308945
Quality_x_RenovationEra,"7|(1945.0, 1970.0]",25,0.018928230708478395,0.11003132188517119,0.03401787999400838,-6025.601795510662,27812.888798652562,-0.013224843508723575,0.07063019121721233
Neighborhood_x_SaleType,NWAmes|WD,67,-0.0031284063286552365,0.10991867754105668,0.0469888694683912,144.54861203944242,17461.121244421654,0.010274335731251145,0.06792294954354608
Neighborhood_x_OverallQual,NAmes|Q7,12,0.0005139239880726324,0.10969304446045021,,863.6810548728317,22971.799046372544,0.005944056457071402,0.07811040726882491
TotalSF_quintile,"(1903.6, 2272.0]",293,0.003165959786218201,0.10955598956407661,0.015856716971906056,-1016.1252666215795,12646.420055059856,0.0033441909850434643,0.07524841569289148
Neighborhood_x_OverallQual,NridgHt|Q9,24,0.0015062839174323124,0.10933476142071405,0.02429199934691118,-3509.247707044325,50050.214259091095,0.0042464953936254225,0.08097058044536612
Neighborhood_x_GarageCars,NWAmes|G2,72,-0.005302399405172655,0.10911139984497646,0.04622591582152609,525.1987260787096,17384.669526944774,0.012286228094382783,0.07013648409232562
MoSold,6,253,0.00472269750533196,0.10879947648102796,0.010310893378246568,-2431.60012087047,21283.38061934817,0.0014058081970209511,0.07363471649917822
Quality_x_Age,"9|(-0.001, 5.0]",39,0.010272691162103961,0.10873982779929395,0.026196690092544408,-7298.235535811179,48306.63165875713,-0.004561215747036305,0.08114112162856991
GarageCars,2,824,0.0032927641619190403,0.10870084248915632,0.007157143924709858,-1665.7760571612253,23058.130513998123,0.0031463673709153255,0.0741581780779955
TotalBsmtSF_quintile,"(1088.0, 1391.2]",291,0.0012221995404663837,0.10850464741152618,0.00936182300356687,-1427.9719820550904,21165.926942898674,0.005054317547494677,0.0747324782858383
Quality_x_GrLivArea,"8|(1869.0, 5642.0]",80,0.004927597512953774,0.10848870259679386,0.025306896923187848,-3474.6735033179693,36000.20557169474,0.0009765209417004345,0.07637283460127968
Neighborhood,NWAmes,73,-0.005318579875837108,0.10836414145631137,0.04600117022296654,538.4092712160148,17266.066055252486,0.012207028614062653,0.06926481535175968
Neighborhood_x_SaleType,Mitchel|WD,46,-0.024649204385183626,0.10817483107934156,0.019015418554341936,3899.2923214944526,16658.33401791703,0.030891382228632944,0.0759941361720055
Neighborhood_x_YearRemodAdd,"SWISU|(1945.0, 1970.0]",15,-0.02898135233647518,0.10813936998600429,0.003937610884540277,4314.775805434479,15100.78912635223,0.035006448757588744,0.08084254663784282
Neighborhood_x_YearBuilt,"Crawfor|(1945.0, 1970.0]",12,0.04471946210257238,0.10792850754945302,,-10643.581958038847,25743.816878489153,-0.03906158846682627,0.08628389281517428
YearRemodAdd_era,"(2000.0, 2007.0]",428,0.0013444453787069858,0.10786711306466899,0.008371308391289765,-1833.7878778468373,24233.305123524657,0.004725469470755921,0.07399036861390645
Neighborhood_x_SaleCondition,Timber|Normal,28,0.003487629762036537,0.10752913288119165,0.0498995472894456,-1590.7534909905153,31202.579818289676,0.001969914579693925,0.0727265665993667
Neighborhood_x_YearRemodAdd,"Somerst|(2007.0, 2011.0]",20,0.025162607703998762,0.10727238370281729,0.0676974165960745,-6376.717176848727,25225.72678162643,-0.019557236720102705,0.08641724002829461
Quality_x_RenovationEra,"7|(2007.0, 2011.0]",12,0.027500409572214963,0.10705196745685572,0.0,-6141.2150833169435,23154.026068366347,-0.021889756442020025,0.08453620936583124
Neighborhood_x_SaleType,Timber|WD,29,0.0013741077379280289,0.10620276068925041,0.04411864238268655,-1176.7987685884561,30720.81045477617,0.003953993083580181,0.07227076055085045
Neighborhood_x_SaleCondition,SWISU|Normal,22,-0.028186697400109203,0.10600588351442831,0.010525531193550153,4140.468581909042,15275.12907288688,0.03390410598604366,0.07729926096552095
Neighborhood_x_GrLivArea,"Somerst|(1339.0, 1578.0]",30,0.023462333003929282,0.1054363173666933,0.040669673948889734,-5501.814170993196,23333.68657097222,-0.018075884168938818,0.08382043672220245
Quality_x_GrLivArea,"7|(1869.0, 5642.0]",93,0.013728269701932496,0.10525937363145804,0.021258916962034916,-4558.573191593874,27504.948948563982,-0.008245711879437238,0.07590497951142156
MoSold,9,63,-0.001362052375011105,0.10508450434229405,0.024963742032890656,-1073.4705324377219,21571.1041605412,0.007029562098375441,0.07580501363381786
Neighborhood_x_GarageCars,NoRidge|G2,15,0.035854611763098274,0.10502792815326333,,-11415.522599214553,33468.315050341276,-0.03060144736223507,0.07462135347946769
GarageArea_quintile,"(440.0, 516.0]",249,-0.0015902800409724896,0.10394413436233706,0.013055283872126157,-773.5901424146674,20252.33496996,0.007194552228528428,0.07390385142896261
TotalBsmtSF_quintile,"(755.8, 910.0]",294,0.005512473560806732,0.10353256901828269,0.014584373593047945,-1814.935126748666,14741.783533108637,7.117380406776622e-05,0.07217813332507483
Quality_x_GrLivArea,"4|(1339.0, 1578.0]",12,0.044150358804020705,0.1032007041652299,,-4942.365623858343,11270.098132013993,-0.03909981846177704,0.0736051601740156
Quality_x_Age,"7|(60.2, 136.0]",36,0.025995726445354677,0.10306045080845735,0.034545738030110684,-6171.42167492356,21376.671402546963,-0.020825597238592092,0.08013980641534652
Neighborhood_x_OverallQual,Blmngtn|Q7,14,-0.016831182046411035,0.102470734621188,,2250.2504605023632,20634.51566850634,0.02214017665571513,0.07776524275954462
MoSold,5,204,0.008423277973611039,0.10220190905018092,0.010804409324335153,-3033.307777923597,18054.142583269717,-0.0030706408838682376,0.07049688414833895
ExterQual,Gd,488,0.003963716965729661,0.10210273724254258,0.008658191812012158,-2544.987620745071,28530.4860436426,0.0012630696930373986,0.06836719749527721
Neighborhood_x_GrLivArea,"NAmes|(1339.0, 1578.0]",33,-0.006309933392848486,0.10209407312532372,0.024509112061808908,219.8169726443664,13840.484254373237,0.011674433904807538,0.07480760255359938
Neighborhood,Timber,38,-0.011832359859400728,0.1020802457192736,0.039096713114085094,2381.47250014021,28594.532722965338,0.01684624552574868,0.07247985541640385
Quality_x_GrLivArea,"5|(333.999, 1066.6]",155,-0.005792522871621773,0.10201400238773241,0.019806107712534864,159.21830859102306,10294.350730383823,0.011625439275661772,0.06647766812489361
Neighborhood_x_GrLivArea,"Edwards|(1578.0, 1869.0]",13,-0.05995174361896948,0.10195813483204813,,8457.716782774487,14569.990411751276,0.06537179342523478,0.08972951001185286
Neighborhood,Blmngtn,17,0.0010823052412083497,0.10174901844379024,0.0,-1151.9580448755896,20434.673240689102,0.004106872573237157,0.07816817870991792
Neighborhood_x_YearBuilt,"Blmngtn|(2000.0, 2007.0]",17,0.0010823052412083497,0.10174901844379024,0.0,-1151.9580448755896,20434.673240689102,0.004106872573237157,0.07816817870991792
Neighborhood_x_YearRemodAdd,"Blmngtn|(2000.0, 2007.0]",17,0.0010823052412083497,0.10174901844379024,0.0,-1151.9580448755896,20434.673240689102,0.004106872573237157,0.07816817870991792
Neighborhood_x_YearRemodAdd,"Sawyer|(1990.0, 2000.0]",12,-0.004040663788143828,0.10164863807796835,0.0,713.3847311173473,14632.273707999975,0.009549109764293259,0.07172727666931472
Neighborhood_x_YearRemodAdd,"Edwards|(2000.0, 2007.0]",23,-0.01783753090789151,0.10142880704161317,0.022033842698705366,615.6855309013247,15434.12875751749,0.02310045036231914,0.08220153210238833
Quality_x_RenovationEra,"5|(1990.0, 2000.0]",61,0.005657767786662719,0.10105686151546586,0.031889788404521856,-682.7655016893652,13371.737453169757,-0.00066753626447702,0.06822990701095112
Quality_x_RenovationEra,"8|(1990.0, 2000.0]",43,5.129904877569872e-05,0.10066967057857945,0.042273493959207584,-1715.2026517971908,30997.84755132276,0.004921739267214006,0.07517887950561841
Quality_x_KitchenQual,4|Fa,12,-0.0022411210270149398,0.10052240126428616,,-1062.1710645715884,9402.085524350996,0.007307767257186025,0.08201384324053548
Neighborhood_x_GarageCars,Crawfor|G1,23,0.042209881550588614,0.10050750618105461,0.02311796225834971,-7787.251630902368,16577.077184781872,-0.037285171813849674,0.0812316333757587
MSSubClass,90,52,-0.004484323945445085,0.1003171349947192,0.011766386800538665,123.00150350724904,14484.700675048363,0.009539584833040246,0.07731801638639654
Quality_x_RenovationEra,"6|(1945.0, 1970.0]",114,0.014563738001779866,0.10019556163513128,0.0252161773830755,-3302.3716983951654,17241.908137700866,-0.00964292762260553,0.07259071979654219
YearRemodAdd_era,"(1990.0, 2000.0]",285,0.008213208730092585,0.10013750762974341,0.013071620310202134,-3680.9496552258634,29921.351949408472,-0.0033304339320999027,0.06890012188374309
Quality_x_Age,"6|(24.0, 42.4]",112,0.008653526180769438,0.10002713253855007,0.018337313405572726,-2004.992488955623,16367.793040242648,-0.0036135490148197194,0.07309803893062224
Neighborhood_x_YearRemodAdd,"NAmes|(1945.0, 1970.0]",146,0.010880915828964657,0.09997126631837555,0.018032652748096564,-1676.0700269474971,13843.170412982341,-0.005964174072875733,0.07101765381313187
Neighborhood_x_YearBuilt,"Sawyer|(1970.0, 1990.0]",14,-0.0202201471378959,0.09979760270554712,,3371.429146086671,15061.078010898746,0.02556861099338784,0.07163225438012052
Neighborhood_x_GrLivArea,"BrkSide|(1066.6, 1339.0]",13,0.023918144708780176,0.09959399149296483,,-3623.755975026194,11440.222151072445,-0.019039852431381836,0.08400089421331879
GrLivArea_quintile,"(1578.0, 1869.0]",292,-0.003375741838241661,0.09932802627586272,0.005774086320826614,-546.6321198307223,20770.872584959983,0.008566621832465293,0.07265106337459461
YearRemodAdd_era,"(1970.0, 1990.0]",245,0.00024391779401482244,0.09883476936980438,0.01780004026768397,-687.4643182609835,16079.412153224372,0.004973630586821401,0.07002912238229657
SaleCondition,Normal,1198,0.0026238650826497403,0.09874782112334421,0.005981257494746827,-1622.3781181234442,18620.011052156042,0.002473893610559573,0.07034349590645618
Neighborhood_x_OverallQual,BrkSide|Q6,18,0.06604498577802184,0.09828136833082142,0.010025218092926558,-10484.826852213828,16448.022867317468,-0.06145987353831823,0.07340848381279523
Quality_x_RenovationEra,"4|(1970.0, 1990.0]",18,-0.016056026344930825,0.09824092290650759,0.002671586801256964,1005.6585782579236,11319.14409521522,0.02096918453409859,0.08220460954561998
Neighborhood_x_GrLivArea,"Sawyer|(1066.6, 1339.0]",17,0.006853657185031177,0.09818010727662975,0.0,-1755.2170867712975,12475.916981069051,-0.0018284045062846898,0.07653054319927338
Neighborhood_x_SaleType,NAmes|WD,207,-0.00042781277598889447,0.09748809492698984,0.01351048110357857,117.19745133088588,14344.355313070659,0.005206380062455733,0.06940128266523782
Neighborhood,NAmes,225,0.0019041919118135474,0.09720823320526988,0.013357047377616222,-213.74561041198191,14164.300173232707,0.0028419854135323507,0.06999253409275412
OverallQual,7,319,0.00640831393793041,0.0970602705653506,0.015678216600833062,-2374.788344040938,20854.58755432105,-0.0014975829495517496,0.0692166555195635
Neighborhood_x_YearRemodAdd,"NridgHt|(2000.0, 2007.0]",57,0.0011826961724682743,0.09697397540077712,0.03856335565306093,-531.2027643929044,29557.32626260309,0.0034652649796265513,0.07366372075344162
Neighborhood_x_OverallQual,Crawfor|Q6,19,0.05167597420366654,0.09675472611217945,0.02961708583263878,-10242.93727320295,20164.116249286402,-0.04712998296053472,0.07592813676750843
MSSubClass,80,58,0.024378491231587692,0.09658134959093538,0.022621614514893435,-4491.295115017874,17528.277687462996,-0.019905937875050825,0.06652254317062468
TotalSF_quintile,"(2272.0, 2676.0]",293,0.0030205820465452823,0.09621747430465921,0.00841771147488258,-1018.0373319140107,14505.024679197126,0.001747083623857643,0.06790649701312684
Neighborhood_x_YearBuilt,"Somerst|(1990.0, 2000.0]",15,0.019816413989786005,0.09616134762449557,0.0,-5600.594171941741,22404.31024149389,-0.015282447719921119,0.07749511968520865
Neighborhood_x_YearRemodAdd,"Somerst|(1990.0, 2000.0]",15,0.019816413989786005,0.09616134762449557,0.0,-5600.594171941741,22404.31024149389,-0.015282447719921119,0.07749511968520865
MSSubClass,120,87,0.012201700543730914,0.09594394880980772,0.027744246776019763,-3891.3499580751463,21760.164061537664,-0.007669141382202351,0.07215658289668517
OverallCond,7,205,0.023273385450074437,0.09585648283185591,0.017941540753152043,-4543.42523417924,16384.517351140097,-0.018752474176248785,0.0686628694384505
Neighborhood_x_YearBuilt,"NAmes|(1945.0, 1970.0]",201,0.005323452625185461,0.09564991688182503,0.010002543662178726,-638.7807549564304,14116.84736982671,-0.0007550957063233754,0.06764983720920947
Neighborhood_x_GarageCars,NAmes|G2,112,0.000476013077017596,0.09548636784476512,0.01915652200221971,-15.355046201480556,15869.355839184664,0.004234188945220775,0.07204131872433735
KitchenQual,Gd,586,0.0008226294736567362,0.09538037996101643,0.010502212910288397,-1355.7782169881077,22489.695277588962,0.0037701435097470593,0.06684003781214216
Quality_x_GrLivArea,"5|(1578.0, 1869.0]",45,-0.006209282435771691,0.09518204836073325,0.033644647163205345,215.47447427020396,14145.1046082833,0.01078738868763463,0.07576614270852203
Neighborhood_x_SaleCondition,CollgCr|Partial,18,-0.007461622249055801,0.0951533157415598,0.0,266.5001654246201,26793.405091837052,0.012040081377165687,0.06848695290790702
Neighborhood_x_SaleType,CollgCr|New,18,-0.007461622249055801,0.0951533157415598,0.0,266.5001654246201,26793.405091837052,0.012040081377165687,0.06848695290790702
Neighborhood_x_YearBuilt,"NridgHt|(2000.0, 2007.0]",63,0.0025424836022073256,0.09494439287419883,0.03311714056240936,-848.2843113467055,29166.7364483888,0.0019127007008465835,0.07240155271076851
YearBuilt_era,"(1970.0, 1990.0]",237,0.001664230420556207,0.09490936199683728,0.016871661574902833,-1025.2031642421946,15438.906481548864,0.003171455210275421,0.06609615996634083
Neighborhood_x_OverallQual,NoRidge|Q8,24,-0.006313671238836527,0.09478578452737121,0.010770934895597151,286.79826128495307,31801.137740683145,0.010733979541343844,0.07028253533831726
Neighborhood_x_OverallQual,NridgHt|Q7,16,-0.0006876234915512702,0.0947783726709858,0.0,-249.35157218028507,18133.852238548476,0.005323295057257274,0.08154292052575669
Neighborhood_x_GrLivArea,"NAmes|(1066.6, 1339.0]",67,0.024657621353984506,0.09380265171716907,0.029546830934762514,-3391.3873897537633,11743.373265632983,-0.0206103055322084,0.05608913823961738
Neighborhood_x_OverallQual,NAmes|Q6,74,-0.00460811448258687,0.09352567212398752,0.0322582916034969,342.4345336548531,14523.981013102293,0.009125542609051112,0.07100799989546137
Quality_x_RenovationEra,"9|(2000.0, 2007.0]",25,-0.0070813132199140935,0.09348032989057688,0.02640984106717534,1257.988303923353,37032.55130325892,0.011444501787680954,0.07351293034296978
Neighborhood_x_GrLivArea,"Edwards|(1339.0, 1578.0]",19,-0.014851106830368534,0.09285264755585648,0.045711301535477464,1529.4674430245589,10564.301996695875,0.019237759635411633,0.06676980191206687
Neighborhood_x_YearBuilt,"NAmes|(1970.0, 1990.0]",16,0.002983485522567886,0.09276634171802896,0.0,-1125.331649595414,11266.868746689177,0.0013551260856928815,0.07636328342075571
Neighborhood_x_OverallQual,BrkSide|Q5,21,0.016642467511438074,0.09264501191819974,0.0015518057671320175,-3201.3367840175342,11134.876110437632,-0.012331299102533014,0.0746852945228625
Neighborhood_x_YearRemodAdd,"SawyerW|(1970.0, 1990.0]",20,0.027267484665466045,0.09226813890418308,0.02673351117297765,-5726.468190747653,15270.88551283904,-0.022983767076211626,0.07226001483466829
Neighborhood_x_GrLivArea,"NridgHt|(1578.0, 1869.0]",22,0.006200173640768353,0.09226126649868004,0.05872029496731407,-2677.4292260213524,25058.80398149483,-0.0019388367284632639,0.07212317305574559
TotalBsmtSF_quintile,"(910.0, 1088.0]",291,0.002495784239817929,0.09174966955443015,0.008155223250739262,-1209.121096211031,14573.380789512046,0.0017765143907462451,0.06887008209699808
Quality_x_Age,"5|(5.0, 24.0]",15,-0.020217989581916503,0.09147878279428083,0.0,2234.7341574982497,13523.256902709665,0.024251422234625064,0.06525987427311068
Neighborhood_x_GarageCars,CollgCr|G3,20,0.0075771376330020955,0.09127255249878902,0.03269464908149263,-2434.181782110798,26306.77614308497,-0.0033806358074132737,0.060844152971335067
Quality_x_RenovationEra,"6|(1970.0, 1990.0]",99,-0.009129471003974075,0.0911283855283247,0.020885678922154104,989.1448695975517,13932.627775762538,0.013388176650628818,0.06875061923127349
Neighborhood_x_GrLivArea,"Somerst|(1869.0, 5642.0]",18,0.04715023419979541,0.09109390024458745,0.0,-14205.443892611585,28646.173517985197,-0.04317556827895921,0.07029930639851537
BsmtQual,Gd,618,0.004086843631291685,0.09097419922422777,0.010181683674399788,-1673.2473904835938,20614.378110638954,9.616235203883834e-06,0.06361538153002322
Quality_x_GrLivArea,"9|(1578.0, 1869.0]",18,0.012637541215090111,0.09072083330125823,0.026890447696134807,-4490.623487210304,28824.906884914846,-0.008588497002556946,0.06798709704485266
Quality_x_KitchenQual,6|TA,235,0.008671236791795793,0.09057597684859645,0.00789609713161416,-1994.8565886748618,14139.099059982624,-0.004520189733878195,0.06804753335930554
Quality_x_Age,"8|(5.0, 24.0]",62,-0.002147631562163412,0.09052919617313505,0.030841537537804466,-869.8271469497164,26677.29227816869,0.00624767815759119,0.07014256572342097
Neighborhood_x_YearRemodAdd,"Mitchel|(1970.0, 1990.0]",23,-0.013797666498753821,0.09013757104937281,0.020242471488398944,2048.825405677215,14697.887186096328,0.017781858983276874,0.06525620219739245
OverallQual,6,374,0.005751571786110699,0.08988078830782385,0.005918196378172023,-1431.5934416300022,14885.193941167181,-0.0016925019351628804,0.06673078877654066
Neighborhood_x_GarageCars,BrDale|G1,12,0.011908043628789352,0.08915456823908899,0.0,-1621.9799665990006,8771.612395550741,-0.007849132630187633,0.06983411524020947
Neighborhood_x_SaleType,NAmes|COD,14,0.009667719961486425,0.08886997812529175,0.0,-1935.828576648691,11513.24481789453,-0.005693363340017243,0.07312055650300943
Neighborhood_x_GarageCars,BrkSide|G1,28,0.023875093443533415,0.08815570403949734,0.023343797577978352,-3698.789135219558,10676.655379934497,-0.020008739533413707,0.06861399754553307
YearBuilt_era,"(1990.0, 2000.0]",175,-0.0008094083673633484,0.08803995402481311,0.007926276956722817,-2455.383577561248,32826.12475291272,0.0045899618135056535,0.062250995169694484
Neighborhood_x_YearRemodAdd,"NAmes|(2000.0, 2007.0]",26,-0.008290760803525029,0.08800357011098695,0.002573307414397422,1087.3853600888106,13284.975624993214,0.012309319382362504,0.0655829464878403
Neighborhood_x_SaleCondition,MeadowV|Normal,16,-0.04871430911633601,0.08795108396407289,0.0,5300.859502026722,9221.315621391654,0.0527084686094737,0.07458918155738839
Neighborhood_x_GarageCars,Somerst|G2,63,0.014861286416395746,0.08764774209513497,0.02762186077306275,-4082.8944841643006,20256.980252220204,-0.011095877577753635,0.06869658758270691
Neighborhood_x_YearBuilt,"Somerst|(2007.0, 2011.0]",16,0.019921597431012517,0.08763092533759642,,-4459.617879042084,21053.849270383478,-0.016172711457620753,0.07455323943977268
Quality_x_Age,"5|(24.0, 42.4]",107,0.010519954515682916,0.08734916962094766,0.011786190993238485,-1500.7874452037952,13757.004521901872,-0.006506704532297111,0.060039408607105604
Quality_x_KitchenQual,6|Gd,127,-0.003734404343809826,0.08721756087507054,0.010444527822941127,256.6179842393459,16053.535672810234,0.007522414182286149,0.06243886678418519
Neighborhood_x_SaleCondition,BrDale|Normal,12,0.008480512872167742,0.0871371538486262,0.0,-1197.2069404392266,8969.440481216352,-0.004606161569935069,0.06638733938643261
Neighborhood_x_GarageCars,NridgHt|G2,26,0.004514922516700988,0.08713538776371578,0.04877024524131128,-1603.3463785459999,18354.980085572686,-0.0006533772266629511,0.07264144007352298
Neighborhood_x_GrLivArea,"CollgCr|(1869.0, 5642.0]",21,-0.011220207586751215,0.08682409656737353,0.028432742491583875,1877.7550790030177,25326.38434368384,0.015092218927826629,0.06802305041729595
Quality_x_Age,"6|(42.4, 60.2]",75,0.004078791559378866,0.0864705327184985,0.0293946874577081,-1049.362859153685,14842.717620022457,-0.00032552537164165653,0.06855113133923658
Neighborhood_x_GrLivArea,"Timber|(1578.0, 1869.0]",14,-0.04298791299511188,0.08632783106106896,,12734.295837259324,24857.508885540967,0.04682266543744334,0.07447730051496648
Quality_x_GrLivArea,"6|(1066.6, 1339.0]",88,0.00882804897947938,0.08630605874581604,0.02375225077265203,-1801.7238268604988,12470.950774429723,-0.005060663597366596,0.06374941933077306
Neighborhood_x_YearBuilt,"SawyerW|(1970.0, 1990.0]",24,0.02407388122367397,0.08602916409392307,0.02461715260882211,-5398.898948706475,14767.74902972719,-0.020352976135680465,0.06516860330241687
Neighborhood_x_GrLivArea,"BrkSide|(1339.0, 1578.0]",15,0.04968618934865698,0.08575805076087856,0.0,-7897.374402954583,13427.759385861289,-0.04612029823501769,0.06871262486230492
Neighborhood,BrDale,16,0.0048098059720079744,0.08548474900737142,0.0,-831.0484912430366,8671.851338328652,-0.0010861199665191112,0.06809291790170971
Neighborhood,MeadowV,17,-0.04561938374687625,0.08533032569701708,0.0,4967.982343875647,8946.411669745306,0.04937903683286683,0.07043051626535632
Neighborhood_x_SaleType,MeadowV|WD,17,-0.04561938374687625,0.08533032569701708,0.0,4967.982343875647,8946.411669745306,0.04937903683286683,0.07043051626535632
Neighborhood_x_YearBuilt,"Mitchel|(1970.0, 1990.0]",25,-0.010416046015194311,0.08515261419692366,0.022573321015324,1435.612898536679,13827.118623104134,0.013966427574656732,0.058044632723975795
Quality_x_KitchenQual,7|Gd,244,0.0033413282061678373,0.08509436850439522,0.017600330940093167,-1394.8252778262158,19303.27042587623,0.0002726987681635826,0.06431304332835541
Neighborhood_x_SaleCondition,StoneBr|Normal,16,0.028323941216054305,0.08494881165890936,0.0,-9574.924018994574,24621.608810448088,-0.024747908716513355,0.0663817631663624
Neighborhood_x_SaleType,StoneBr|WD,16,0.028323941216054305,0.08494881165890936,0.0,-9574.924018994574,24621.608810448088,-0.024747908716513355,0.0663817631663624
MSSubClass,45,12,0.026731740218268445,0.08379964790872388,,-3121.681835387078,8716.383106244582,-0.023291562429934604,0.0680591511875707
Neighborhood_x_SaleType,NridgHt|WD,43,-0.014143843729673849,0.08348151594239238,0.028767465316564163,3777.287059267495,23683.38105610195,0.017710744107132498,0.06647071961565594
Quality_x_GrLivArea,"6|(333.999, 1066.6]",59,0.016535021569755993,0.08337565690394828,0.035675467585553546,-2452.4314399996456,10470.271086543742,-0.013062661682552098,0.06390510071286097
Neighborhood_x_YearBuilt,"Timber|(2000.0, 2007.0]",18,-0.03189151319431903,0.08328383595616554,0.045414062592518525,10608.247231419273,24434.84820666925,0.03542608529400712,0.06938030452511192
Neighborhood_x_YearBuilt,"BrDale|(1970.0, 1990.0]",13,0.000868541717312637,0.08322212685449022,0.0,-469.3751194642436,8164.707125438847,0.002680345678440853,0.06219862400719696
Neighborhood_x_GarageCars,Timber|G3,15,-0.05566677169201786,0.08307043854725206,0.0,15974.13934020733,25431.861845694115,0.05925173470858253,0.07299423101611223
Quality_x_RenovationEra,"7|(2000.0, 2007.0]",163,0.008473779134430934,0.08266342800838085,0.015388497426420749,-2646.792062162,18178.556102376402,-0.005093958950156406,0.06289252914819408
Neighborhood_x_OverallQual,SawyerW|Q6,23,-0.016127884009907403,0.08253226952209236,0.011602563034951071,2577.2920799930284,11155.66253762879,0.019604383974629852,0.06221607319186319
Neighborhood_x_OverallQual,NAmes|Q5,113,0.0026008532601931133,0.08249372009504694,0.019983989902419213,-562.0046658125331,11391.233621276804,0.0008576002819460713,0.06111609844584553
Neighborhood_x_GarageCars,NAmes|G1,103,-0.004275790315215072,0.08239481080532986,0.020288057542434637,555.4502778779,10631.961938701821,0.00775795216133938,0.061447731968921046
Neighborhood_x_SaleCondition,NridgHt|Normal,45,-0.013184597832409276,0.08226090082575353,0.02984358149431516,3255.8268793580582,23476.452799510083,0.016646305776726898,0.06566127982776143
Neighborhood_x_SaleType,BrDale|WD,14,0.007735899224205462,0.08203898817450624,0.0,-1048.3440038745102,8409.752061014915,-0.004304273742618714,0.0625014410172655
Neighborhood_x_GrLivArea,"NridgHt|(1339.0, 1578.0]",14,-0.013542703834659291,0.08202430703521965,,3320.4894346519804,16730.325194817135,0.01698588752456704,0.0702433961041764
Quality_x_GrLivArea,"6|(1578.0, 1869.0]",80,-0.00900739906025234,0.08199722109614153,0.01519047599573314,1001.8152571622537,14505.946779197107,0.012399683207368426,0.0651756375049113
Quality_x_RenovationEra,"6|(1990.0, 2000.0]",85,0.005182821202412104,0.08195515900637035,0.016543666905604167,-1195.1351870482185,13525.70866836938,-0.0017595193220389194,0.061306148886687416
Neighborhood_x_SaleCondition,NAmes|Normal,198,0.0039038437792043574,0.08185292390868083,0.015525064343082406,-601.1978119514855,12723.528128938326,-0.0005086929682217124,0.06207347577313876
Quality_x_GrLivArea,"7|(1578.0, 1869.0]",84,0.011554720229068989,0.08183703637608386,0.022605769994210625,-3298.798072596406,16638.33322983559,-0.008220233846830818,0.06297425287320968
Neighborhood_x_OverallQual,Somerst|Q7,41,0.012072281143388972,0.08131580102382528,0.032101629322987005,-3296.3256894027936,17100.652656108225,-0.008800808972894012,0.06325338462132322
Neighborhood_x_OverallQual,CollgCr|Q8,23,-0.018296000058787953,0.08130045359512393,0.05893447689261282,4003.4155579685794,23523.95744288777,0.021710155264189426,0.0625560992110001
MSSubClass,160,63,-0.013149348097360337,0.08129459940377368,0.04721051644734628,1456.293901726641,11831.148696673146,0.01654053534837819,0.06599213914365623
Quality_x_Age,"7|(-0.001, 5.0]",125,-0.0006379118846953845,0.08099707436603656,0.01736121355867728,-833.044239247655,16940.581261559884,0.003912180006595492,0.06164555922875252
Neighborhood_x_GarageCars,Mitchel|G2,32,-0.021409355475182357,0.08078497144567613,0.032967222390879215,3832.412360209794,14728.03904403023,0.024704304693923793,0.05660868724228202
Quality_x_RenovationEra,"7|(1990.0, 2000.0]",78,-0.0030433945225274883,0.08055106960001311,0.011740750219945275,-53.17661646425777,19336.073618030274,0.006328202068640267,0.06071299813487744
Neighborhood_x_YearBuilt,"OldTown|(1945.0, 1970.0]",18,0.033260213365243395,0.07916545463415768,0.0,-4128.123670420555,9071.275514831459,-0.03020027289993376,0.05595944072508768
Quality_x_RenovationEra,"6|(2000.0, 2007.0]",72,0.009645106304767954,0.07877640306639608,0.025839580495447923,-1482.1362444584952,13379.103669318964,-0.006493315806550954,0.06088354245514581
Quality_x_KitchenQual,5|Gd,60,-0.010666448361128289,0.07875816018553591,0.02643402525755403,1179.1143830158833,10384.411361544639,0.013885230687987962,0.05499946394187964
Quality_x_GrLivArea,"6|(1339.0, 1578.0]",98,0.005521046694772435,0.07845958020658142,0.010834420358177452,-1143.8694138659441,11692.496585366629,-0.0023431559566940044,0.05741905963466045
Neighborhood_x_SaleType,Somerst|WD,51,0.016560143346102247,0.07842770153542794,0.04053373611573868,-4662.551031898793,18308.857786589604,-0.01356739530906559,0.06020523314118395
Neighborhood_x_OverallQual,Mitchel|Q6,17,-0.010434578427422302,0.07779465555265268,0.0,1835.5930296801243,12426.766084517234,0.013441110059677297,0.060836591093787425
Quality_x_Age,"7|(5.0, 24.0]",117,0.0048085236280322975,0.07771524621791043,0.012718003833188555,-1428.6753097761925,18556.56767625415,-0.0017568091302745431,0.05992686168423253
Neighborhood_x_YearRemodAdd,"Timber|(2000.0, 2007.0]",16,-0.020924125201018162,0.07751637005174489,0.0,7110.1557300311,22032.4087817827,0.023966138439823793,0.0621646350748167
Neighborhood_x_YearRemodAdd,"BrDale|(1970.0, 1990.0]",12,-0.010293529219091102,0.07738558234397366,0.0,731.7109409422761,7332.153438390091,0.013413882849626238,0.056871667643148056
Neighborhood_x_OverallQual,OldTown|Q7,16,0.00738750424081247,0.07699222729881963,,-2070.1003724092907,13554.275734255672,-0.004383045321950871,0.06939077915398055
Neighborhood_x_SaleCondition,SawyerW|Normal,50,-0.007918139812293746,0.07654216863675437,0.015075424305496429,1231.7749521217813,14074.01177465333,0.01088883359738875,0.059079271648153846
Neighborhood_x_SaleCondition,Somerst|Normal,49,0.024268528431953124,0.07641536182899085,0.04012425931280819,-6110.331661879663,18243.45596871207,-0.021451837226004036,0.05825121236596763
Neighborhood_x_OverallQual,SawyerW|Q7,21,-0.008825557897205289,0.07571063844789472,0.015149181054959989,1548.2534259135082,17616.865539588092,0.01172825253974172,0.06253194529442396
Neighborhood_x_GrLivArea,"NAmes|(333.999, 1066.6]",77,0.01055560598048627,0.0748173701164252,0.012955461010591602,-1564.3524891610584,8981.42905949974,-0.00774682396873967,0.059596521049802134
Neighborhood_x_YearRemodAdd,"Gilbert|(2000.0, 2007.0]",35,0.009435786049118785,0.0744750364431266,0.025789358111164753,-2700.3214308697065,15684.020459172709,-0.0066640182389479455,0.049831971937475565
Neighborhood_x_SaleType,SawyerW|WD,57,-0.002637599995295335,0.07372726129863724,0.006239537235173817,488.16973075895515,13392.320981357825,0.0053887305900900935,0.056880142065794406
Neighborhood_x_GrLivArea,"Gilbert|(1578.0, 1869.0]",24,-0.0063664745160489184,0.07372475045469001,0.007055515348956331,572.4926408058333,14474.995155748626,0.009136404047630641,0.05263003428478515
Neighborhood,SawyerW,59,-0.004546736833534608,0.07333933887437113,0.007782804549210109,870.2108937470692,13340.745090825414,0.007269685565981484,0.05701562546623818
Neighborhood_x_OverallQual,Timber|Q8,16,-0.026466974341269767,0.07310162823451292,0.028058444742102097,7918.708197796097,19602.82250453893,0.029146527197487254,0.06176082215036938
Neighborhood_x_GrLivArea,"NWAmes|(1869.0, 5642.0]",23,-0.005506845109154668,0.07297630036325704,0.0,1615.720831720194,18338.167803703866,0.008238253706539146,0.05692922757426779
Neighborhood_x_YearRemodAdd,"CollgCr|(1970.0, 1990.0]",17,0.009624848081524692,0.0727160625714174,0.013947203880999659,-1514.9684946373686,9756.582102849836,-0.007027898581371591,0.05587533769446591
Quality_x_RenovationEra,"5|(1970.0, 1990.0]",73,0.013379602517881225,0.07234963268001018,0.010861638756712403,-2191.9538029184064,10630.535641722277,-0.010858239650025312,0.05157737671921943
Neighborhood_x_SaleCondition,Gilbert|Partial,12,0.007754974401747106,0.0711433808968344,,-2920.2916499801163,16436.38342251206,-0.005314990839993289,0.048565070916449245
Neighborhood_x_SaleType,Gilbert|New,12,0.007754974401747106,0.0711433808968344,,-2920.2916499801163,16436.38342251206,-0.005314990839993289,0.048565070916449245
Neighborhood_x_GrLivArea,"CollgCr|(1339.0, 1578.0]",28,-0.00918823303348296,0.07096599085154126,0.011895274383286199,1491.4729778542521,15615.62602376726,0.011671329698389696,0.051868724932279175
Neighborhood_x_GarageCars,Gilbert|G2,74,0.005304579475453681,0.07016575321692048,0.011535124502031289,-958.8593143679744,12929.898686031436,-0.002893162913046103,0.04628364117231256
Neighborhood_x_GrLivArea,"Mitchel|(333.999, 1066.6]",17,-0.011232071665748473,0.070121400318011,,1009.4640115470572,9703.262470673146,0.013650600246108384,0.051777924002890156
Neighborhood_x_YearBuilt,"SawyerW|(1990.0, 2000.0]",21,-0.034781493917101274,0.07004678839213199,0.0,7316.595141972807,14797.34324768342,0.03730762969835509,0.05708270179486504
Neighborhood_x_SaleCondition,Mitchel|Normal,42,-0.015404952612540622,0.06930183822479687,0.028565993231991632,2513.860388596974,10743.033482044117,0.017824265999990457,0.053185859152481536
Neighborhood_x_OverallQual,NWAmes|Q6,36,0.00773915648380985,0.069041663986161,0.011563435081000651,-1573.7533948068829,12265.616104302519,-0.005372407416393181,0.05727564649128827
Neighborhood,Gilbert,79,0.006522644994300918,0.0686837160327732,0.012125271825281477,-1368.7361796756463,12881.030424480434,-0.004211800616119271,0.04559708199360159
Neighborhood_x_GrLivArea,"Gilbert|(1869.0, 5642.0]",16,0.01212777509124685,0.06782026073969956,0.0,-3359.412932627287,16175.727803304191,-0.0098929326611484,0.04619137473136647
Neighborhood_x_YearBuilt,"CollgCr|(2000.0, 2007.0]",87,-0.002743385229571965,0.0674672991621428,0.015730028262432257,239.2190105964051,16562.837286344333,0.0050283703457035585,0.05201142167391398
Neighborhood_x_SaleType,Gilbert|WD,66,0.008088981274124779,0.06736129808190398,0.009929052157710326,-1465.2971729258052,11875.52501867613,-0.005864653540696143,0.0439586947182529
Neighborhood_x_YearBuilt,"CollgCr|(1970.0, 1990.0]",21,0.011551009796813259,0.06650521763961101,0.01125731623090968,-1731.2967622267772,8918.490412848216,-0.009378562069401887,0.048986231894830465
Neighborhood_x_YearRemodAdd,"CollgCr|(2000.0, 2007.0]",91,-0.0023642324631255682,0.06644165988782834,0.014683837487436057,176.13722602118483,16224.625360642947,0.004580220001754602,0.0509760086724075
Neighborhood_x_SaleCondition,NWAmes|Normal,64,0.0037059431476333116,0.06641539677799461,0.01132059180827398,-532.6291694348392,14030.248532295946,-0.001488012803939745,0.052321565629607804
Neighborhood_x_YearRemodAdd,"SawyerW|(2000.0, 2007.0]",13,-0.02538062804667809,0.06613787458178755,,5492.226616519163,12908.055648948648,0.02762266994833853,0.05332838269487318
Neighborhood,CollgCr,150,-0.0009982640301159644,0.06568007740711293,0.009350959384937345,19.21858664650266,14784.429824361156,0.0031539671544011266,0.05080125352919365
Neighborhood_x_YearBuilt,"NWAmes|(1945.0, 1970.0]",16,0.004110893200375942,0.06556706780862888,0.0,-1242.3904187831522,11481.900709120278,-0.001974222123019405,0.04937327639955089
Neighborhood_x_GrLivArea,"SawyerW|(1578.0, 1869.0]",12,-0.009806567038601758,0.06541852400124036,0.0,1577.552998414593,14679.252809555588,0.011946673275999816,0.051302053311395035
Neighborhood_x_SaleCondition,Gilbert|Normal,64,0.001641617194391265,0.0647640485449691,0.005724866169682425,-118.41031228966472,11198.720094554123,0.0004311746782481411,0.042544392007746096
Neighborhood_x_YearBuilt,"Gilbert|(2000.0, 2007.0]",34,0.01642670731268215,0.06463198915015021,0.03179540866801274,-4016.5337257386545,14185.037184337396,-0.01440142777730196,0.04375620916901636
Neighborhood_x_OverallQual,CollgCr|Q7,71,0.0018006778141941386,0.06411413602776571,0.009721656642666934,-959.23918975256,14407.121917628621,0.00023086939688852414,0.05027699886184651
Quality_x_RenovationEra,"8|(1970.0, 1990.0]",12,-0.0029798900521586327,0.06199391081690806,0.0,1221.5350150961324,14606.107895927882,0.004907741712073384,0.04919191843444285
Neighborhood_x_OverallQual,CollgCr|Q5,28,-0.003839721782389497,0.06162311766082828,0.0339574231530775,514.5344543128637,8248.170248359273,0.005719192912982071,0.04792199428131371
Neighborhood_x_YearRemodAdd,"CollgCr|(1990.0, 2000.0]",36,-0.0047795944520165395,0.061564270536660665,0.020723131367327133,1032.8116026247683,13163.16507595989,0.006672266490114259,0.04916881840021548
Neighborhood_x_GarageCars,SawyerW|G2,46,-0.0009240950885632091,0.061470867938599565,0.014504521537223565,-153.23594396981238,12913.19725811869,0.0028258244830908145,0.048964650031900495
Neighborhood_x_GarageCars,CollgCr|G2,113,-0.003867073786080174,0.06133683769599083,0.018963386609637586,613.5870200568386,12594.691318581454,0.005743302958002867,0.04915086028920413
Neighborhood_x_GrLivArea,"Somerst|(1066.6, 1339.0]",18,-0.006583740238938497,0.06105527372670893,0.0,1411.9688745717835,11891.936103293174,0.008422072928024734,0.04204600161591397
Neighborhood_x_SaleType,CollgCr|WD,130,-0.00016202135579588956,0.061019802364557334,0.012659415217287587,-4.557215612540089,12360.692850198522,0.0020151928615554926,0.04906033186123817
Neighborhood_x_GrLivArea,"NWAmes|(1578.0, 1869.0]",22,0.0011413932141849483,0.06078886052404687,0.006382382534492365,-296.0015846835661,11021.411468345283,0.0007114950801526889,0.04998690541283989
Neighborhood_x_OverallQual,Gilbert|Q7,36,0.004158340962905448,0.060699961939963486,0.03203547960203615,-1444.4734248379432,13163.905691974707,-0.0023679653744853157,0.04085422217104767
Neighborhood_x_YearBuilt,"CollgCr|(1990.0, 2000.0]",38,-0.0061999983326414395,0.06062116054774347,0.021604379479365384,1238.966308935617,12885.357291498693,0.008035978120171474,0.04829586940342527
Neighborhood_x_GrLivArea,"CollgCr|(1578.0, 1869.0]",46,0.005934101516757126,0.06031878335112949,0.014180486567842548,-1347.294293274397,13550.08063184749,-0.004128918512755436,0.048361117285674736
Neighborhood_x_GrLivArea,"SawyerW|(1869.0, 5642.0]",18,0.008582409620858064,0.06020860778213524,0.0031693792363893065,-1587.6555464748478,14401.341979538003,-0.006761986550632155,0.046162782807625806
Neighborhood_x_OverallQual,CollgCr|Q6,24,0.01277009114050709,0.05983609606951107,0.024206716212899104,-2356.9871012977856,10883.115650916294,-0.011004303138532201,0.04637376282561958
Quality_x_Age,"6|(-0.001, 5.0]",37,0.006716147153912135,0.05953174037875307,0.019951276687312156,-1219.0669885795623,10170.049982718361,-0.004967795771786673,0.044703739117473926
Neighborhood_x_GrLivArea,"CollgCr|(333.999, 1066.6]",37,0.003856703376540607,0.05887291241267816,0.032540664063648576,-600.5673890799544,7941.544340621017,-0.0021455487910698825,0.044117456052305805
Neighborhood_x_SaleCondition,CollgCr|Normal,129,-0.000518973389662373,0.05885115082403831,0.011956170866205163,-31.301928079233694,12122.625893016706,0.0022479210930928155,0.047312454300247705
Neighborhood_x_GrLivArea,"SawyerW|(1066.6, 1339.0]",12,-0.008643070951396789,0.058057600883217944,,1286.7091391515569,8308.590090034784,0.010349277031856738,0.04718299668715808
Neighborhood_x_YearRemodAdd,"SawyerW|(1990.0, 2000.0]",21,-0.02825375036005042,0.05652406097022077,0.0,5713.296554208003,12004.112858794155,0.029894498543290467,0.04303154124375478
Quality_x_Age,"6|(5.0, 24.0]",71,-0.006270074643114989,0.056139142785914614,0.01261553767047823,1243.5931248349755,10798.71886734181,0.007863292352199151,0.04486184608165578
Neighborhood_x_YearRemodAdd,"NWAmes|(1990.0, 2000.0]",13,-0.0004096455080434461,0.056056562689727224,0.0,632.3825034561451,13460.836014088418,0.001996361332816913,0.04443691531329852
Neighborhood_x_YearRemodAdd,"NAmes|(1990.0, 2000.0]",23,0.008977950233869197,0.054126730013820255,0.009922081336047977,-1475.9986407632684,8393.306291387098,-0.007530645003017705,0.043246520451396916
Neighborhood_x_YearRemodAdd,"Sawyer|(1970.0, 1990.0]",16,0.011383384479861869,0.05404627348818428,0.02901991829351047,-1496.877681070021,7867.235474575645,-0.009935013530353004,0.04443260800952831
Neighborhood_x_GarageCars,CollgCr|G1,15,-0.000645150696957586,0.05394279770811094,0.0,-31.054937536411064,7556.2942598725485,0.0020939850523066608,0.047304169102786085
Neighborhood_x_GrLivArea,"CollgCr|(1066.6, 1339.0]",18,-0.004028411942273695,0.05382795775100164,0.0,326.95660247630764,9746.481513684508,0.005482044498735221,0.049023466857536946
Neighborhood_x_OverallQual,Gilbert|Q6,33,0.00406914780814431,0.052119482908166544,0.01224049116759318,-727.7564345215815,9705.75315800113,-0.0027075670778548304,0.04136867285593503
Quality_x_GrLivArea,"7|(1066.6, 1339.0]",46,0.000617861091102782,0.05129534104824967,0.010596658283609135,-101.32150219215438,9117.742580848062,0.0007042278740332267,0.04220502540758673
MSSubClass,85,20,0.01456423575700123,0.05055539545395043,0.004051301179318732,-2314.165832568422,8295.59614747901,-0.013305512264447872,0.038781209216769016
Neighborhood_x_GrLivArea,"Gilbert|(1339.0, 1578.0]",31,9.782836793660286e-05,0.0471277699236217,0.023992391456602345,-93.5196793841183,8500.78675236469,0.0010183178606457282,0.035596153435151476
Neighborhood_x_YearBuilt,"Gilbert|(1990.0, 2000.0]",40,-0.004704214425338993,0.04669160242479647,0.006256435347242881,854.0635147578993,8827.920946946128,0.005803398723543426,0.03816057251077246
Neighborhood_x_YearRemodAdd,"Gilbert|(1990.0, 2000.0]",40,-0.004704214425338993,0.04669160242479647,0.006256435347242881,854.0635147578993,8827.920946946128,0.005803398723543426,0.03816057251077246
