models,mean,std,median,worst_fold,best_fold,fold_scores
XGBoost_regularized+GradientBoosting+Baseline_ensemble,0.12357082685974234,0.016616660441163285,0.12057038129296142,0.15099804494810207,0.10441436682535024,"[0.13185478, 0.11001656, 0.15099804, 0.12057038, 0.10441437]"
XGBoost_regularized+RandomForest+GradientBoosting+Baseline_ensemble,0.12357084476371989,0.01661666080456016,0.12057034440282527,0.1509980741011151,0.10441433764718501,"[0.13185479, 0.11001667, 0.15099807, 0.12057034, 0.10441434]"
XGBoost_regularized+LightGBM_regularized+GradientBoosting+Baseline_ensemble,0.12357085870279065,0.01661662778813898,0.12057058649223025,0.1509979531097149,0.10441433794415184,"[0.13185482, 0.11001659, 0.15099795, 0.12057059, 0.10441434]"
XGBoost_regularized+RandomForest+Baseline_ensemble,0.12363888649038565,0.016237514045127677,0.1210926876334786,0.14997490330787058,0.1044699366559991,"[0.13228497, 0.11037193, 0.1499749, 0.12109269, 0.10446994]"
XGBoost_regularized+Baseline_ensemble,0.12363891716364259,0.016237527718784703,0.12109265777655831,0.1499749749305236,0.104469935203865,"[0.132285, 0.11037202, 0.14997497, 0.12109266, 0.10446994]"
XGBoost_regularized+ExtraTrees+GradientBoosting+Baseline_ensemble,0.12365477281045734,0.016579735775269302,0.12057034303496864,0.15099804026318286,0.10441433870471023,"[0.1319734, 0.11031774, 0.15099804, 0.12057034, 0.10441434]"
XGBoost_regularized+LightGBM_regularized+Baseline_ensemble,0.1236576224042308,0.01626787433773593,0.12109268891148892,0.15006847745588958,0.10446992874343404,"[0.132285, 0.11037202, 0.15006848, 0.12109269, 0.10446993]"
XGBoost_regularized+LightGBM_regularized+RandomForest+Baseline_ensemble,0.12365763566445769,0.016267892157385215,0.12109268791994927,0.15006853865092262,0.10446993605202795,"[0.132285, 0.11037202, 0.15006854, 0.12109269, 0.10446994]"
GradientBoosting+Baseline_ensemble,0.12366937407471253,0.016635271955159524,0.12094049594420335,0.151246856103448,0.1047069635249479,"[0.13165332, 0.10979924, 0.15124686, 0.1209405, 0.10470696]"
RandomForest+GradientBoosting+Baseline_ensemble,0.12366938492472632,0.016635259903654616,0.12094057186986301,0.15124680519014408,0.10470697711903973,"[0.13165337, 0.1097992, 0.15124681, 0.12094057, 0.10470698]"
LightGBM_regularized+RandomForest+GradientBoosting+Baseline_ensemble,0.12373264150969146,0.01666049232975506,0.12090261344174534,0.15137972935950927,0.10470696697508937,"[0.13171682, 0.10995708, 0.15137973, 0.12090261, 0.10470697]"
LightGBM_regularized+GradientBoosting+Baseline_ensemble,0.12373266493056709,0.01666057387368974,0.12090269314221003,0.15137991724860775,0.10470696403436326,"[0.13171681, 0.10995694, 0.15137992, 0.12090269, 0.10470696]"
ExtraTrees+RandomForest+GradientBoosting+Baseline_ensemble,0.12374520853773818,0.016603821686028947,0.12094085698943415,0.15124675534265777,0.10470696403194012,"[0.13177318, 0.11005828, 0.15124676, 0.12094086, 0.10470696]"
ExtraTrees+GradientBoosting+Baseline_ensemble,0.12374525375080303,0.016603823493328927,0.12094057297874153,0.15124685562115922,0.10470696397365918,"[0.13177328, 0.11005859, 0.15124686, 0.12094057, 0.10470696]"
XGBoost_regularized+ExtraTrees+RandomForest+Baseline_ensemble,0.12377668152833728,0.016176501783606138,0.12109281047644255,0.14997483673875844,0.10446993676710663,"[0.13247216, 0.11087367, 0.14997484, 0.12109281, 0.10446994]"
XGBoost_regularized+ExtraTrees+Baseline_ensemble,0.12377672793166791,0.01617655533961005,0.12109280647381016,0.1499749742115511,0.10446993619013534,"[0.13247225, 0.11087367, 0.14997497, 0.12109281, 0.10446994]"
LightGBM_regularized+ExtraTrees+GradientBoosting+Baseline_ensemble,0.12378843713788912,0.016634891053987355,0.12090265118819801,0.15137974406932675,0.10470696400361765,"[0.13179474, 0.11015809, 0.15137974, 0.12090265, 0.10470696]"
XGBoost_regularized+LightGBM_regularized+ExtraTrees+Baseline_ensemble,0.12379542097028644,0.01620689172754455,0.12109268328437137,0.150068579461814,0.10446993634994606,"[0.13247223, 0.11087367, 0.15006858, 0.12109268, 0.10446994]"
LightGBM_regularized+Baseline_ensemble,0.12414295142878706,0.0164138108314904,0.12213131863515818,0.15082597655519464,0.10463443830602089,"[0.13245017, 0.11067286, 0.15082598, 0.12213132, 0.10463444]"
LightGBM_regularized+RandomForest+Baseline_ensemble,0.12414629481536835,0.016415386369449548,0.1221314215402062,0.15082563256060236,0.10463453252540228,"[0.13246705, 0.11067284, 0.15082563, 0.12213142, 0.10463453]"
LightGBM_regularized+ExtraTrees+RandomForest+Baseline_ensemble,0.12427841908945123,0.016355897874024413,0.12213159168487099,0.15082596381474736,0.10463453071788141,"[0.1326471, 0.11115291, 0.15082596, 0.12213159, 0.10463453]"
LightGBM_regularized+ExtraTrees+Baseline_ensemble,0.1242784282447281,0.016355907183765783,0.12213160268103859,0.1508259636812286,0.10463452909117593,"[0.13264715, 0.11115289, 0.15082596, 0.1221316, 0.10463453]"
RandomForest+Baseline_ensemble,0.1244000582961409,0.015957580081036853,0.12296946626291805,0.15000772948250468,0.10564414833673366,"[0.13284617, 0.11053278, 0.15000773, 0.12296947, 0.10564415]"
Baseline_ensemble,0.12447143842853059,0.01576299031040082,0.12331277474511826,0.14975214689345578,0.10604867755644659,"[0.13271827, 0.11052532, 0.14975215, 0.12331277, 0.10604868]"
ExtraTrees+RandomForest+Baseline_ensemble,0.12454605612404226,0.015865662698189155,0.1229727833660079,0.15000764859482835,0.10564443031112443,"[0.13296425, 0.11114117, 0.15000765, 0.12297278, 0.10564443]"
ExtraTrees+Baseline_ensemble,0.12471619559768157,0.015632321694159276,0.12325179988698137,0.14970636128221504,0.10604867755644659,"[0.1331249, 0.11144924, 0.14970636, 0.1232518, 0.10604868]"
XGBoost_regularized+GradientBoosting+SVR_RBF+Baseline_ensemble,0.12514695769110235,0.01641706736719898,0.12592812177752072,0.15099827918268457,0.10422270304779675,"[0.13288961, 0.11169607, 0.15099828, 0.12592812, 0.1042227]"
XGBoost_regularized+SVR_RBF+Baseline_ensemble,0.1251758086751799,0.016096546204168054,0.12635838838543378,0.1499749742106392,0.10417104203833889,"[0.13330597, 0.11206867, 0.14997497, 0.12635839, 0.10417104]"
XGBoost_regularized+RandomForest+SVR_RBF+Baseline_ensemble,0.12517592450321977,0.016096577983240417,0.1263586733757075,0.14997492000955662,0.10417107190814226,"[0.13330636, 0.11206859, 0.14997492, 0.12635867, 0.10417107]"
XGBoost_regularized+LightGBM_regularized+SVR_RBF+Baseline_ensemble,0.1251944425231046,0.01612532941536928,0.1263582401996519,0.15006829910547037,0.10417103671896297,"[0.13330601, 0.11206863, 0.1500683, 0.12635824, 0.10417104]"
XGBoost_regularized+ExtraTrees+SVR_RBF+Baseline_ensemble,0.1252449833028111,0.01607300451458056,0.12635832395457935,0.14997497343453828,0.1041710997313072,"[0.13342939, 0.11229113, 0.14997497, 0.12635832, 0.1041711]"
RandomForest+GradientBoosting+SVR_RBF+Baseline_ensemble,0.1252896642482322,0.01643304490948906,0.12632330362852878,0.15124671220412758,0.1045034948103732,"[0.13277219, 0.11160262, 0.15124671, 0.1263233, 0.10450349]"
GradientBoosting+SVR_RBF+Baseline_ensemble,0.12528981203077902,0.016433067622893375,0.12632355536854717,0.15124685706432128,0.1045034941473816,"[0.13277231, 0.11160285, 0.15124686, 0.12632356, 0.10450349]"
ExtraTrees+GradientBoosting+SVR_RBF+Baseline_ensemble,0.12529678604652608,0.016432155263704666,0.12632315289843882,0.1512468560048522,0.10450349719587802,"[0.13279158, 0.11161884, 0.15124686, 0.12632315, 0.1045035]"
LightGBM_regularized+GradientBoosting+SVR_RBF+Baseline_ensemble,0.125333010327134,0.01646652924830309,0.126322249777011,0.1513797746464306,0.10450349693564305,"[0.13279365, 0.11166588, 0.15137977, 0.12632225, 0.1045035]"
LightGBM_regularized+SVR_RBF+Baseline_ensemble,0.1256976146977462,0.016304793104953308,0.12746844687561967,0.1508259709900483,0.10431372778610654,"[0.13347992, 0.11240001, 0.15082597, 0.12746845, 0.10431373]"
LightGBM_regularized+RandomForest+SVR_RBF+Baseline_ensemble,0.1256987591419459,0.016305322332118732,0.12746802132816476,0.1508257351382126,0.10431369612794548,"[0.1334863, 0.11240005, 0.15082574, 0.12746802, 0.1043137]"
LightGBM_regularized+ExtraTrees+SVR_RBF+Baseline_ensemble,0.12576887105973816,0.016282695171532288,0.12746825493396896,0.15082596474908863,0.10431342928241336,"[0.13361832, 0.11261839, 0.15082596, 0.12746825, 0.10431343]"
RandomForest+SVR_RBF+Baseline_ensemble,0.12598880810132712,0.015864533035693025,0.1283364837153077,0.1500076296631651,0.10526672899089141,"[0.13390595, 0.11242725, 0.15000763, 0.12833648, 0.10526673]"
XGBoost_regularized+GradientBoosting+Ridge_log_skew+Baseline_ensemble,0.1260254950674093,0.020853363404094858,0.12057034608797544,0.1632713069814635,0.10441433690622463,"[0.13185479, 0.11001669, 0.16327131, 0.12057035, 0.10441434]"
ExtraTrees+RandomForest+SVR_RBF+Baseline_ensemble,0.1260643186695676,0.015818468659941912,0.12833763216002678,0.15000761827218162,0.1052667522166566,"[0.13397196, 0.11273763, 0.15000762, 0.12833763, 0.10526675]"
SVR_RBF+Baseline_ensemble,0.1260691607401052,0.015676381928984667,0.1286210625145166,0.14975214689345578,0.10560265381964037,"[0.1338112, 0.11255874, 0.14975215, 0.12862106, 0.10560265]"
XGBoost_regularized+Ridge_log_skew+Baseline_ensemble,0.12611882848433037,0.02074367708702531,0.12109268504929997,0.16294547918804508,0.10423302029604556,"[0.13215914, 0.11016382, 0.16294548, 0.12109269, 0.10423302]"
XGBoost_regularized+RandomForest+Ridge_log_skew+Baseline_ensemble,0.12613762993383015,0.02077696782155635,0.12109295005215359,0.16303925271769934,0.1042330368676192,"[0.13215913, 0.11016378, 0.16303925, 0.12109295, 0.10423304]"
XGBoost_regularized+LightGBM_regularized+Ridge_log_skew+Baseline_ensemble,0.1261590344902221,0.020815104047046687,0.12109268844897607,0.16314650826451269,0.1042329537968254,"[0.1321592, 0.11016382, 0.16314651, 0.12109269, 0.10423295]"
GradientBoosting+Ridge_log_skew+Baseline_ensemble,0.12616335170372026,0.02096527296133859,0.12094057158348664,0.16374436315242238,0.10470696401270302,"[0.13162806, 0.1097968, 0.16374436, 0.12094057, 0.10470696]"
RandomForest+GradientBoosting+Ridge_log_skew+Baseline_ensemble,0.12616339546194413,0.02096524056901715,0.12094058797351646,0.1637443823000046,0.10470696440434213,"[0.13162801, 0.10979703, 0.16374438, 0.12094059, 0.10470696]"
LightGBM_regularized+GradientBoosting+Ridge_log_skew+Baseline_ensemble,0.12617641265723964,0.02091909445488112,0.12090259362899611,0.16366078168666076,0.10470696413434116,"[0.1316808, 0.10993092, 0.16366078, 0.12090259, 0.10470696]"
ExtraTrees+SVR_RBF+Baseline_ensemble,0.12621906671480074,0.015614429737027659,0.12860803335749874,0.14970647352317498,0.10560268288474776,"[0.13414411, 0.11303403, 0.14970647, 0.12860803, 0.10560268]"
ExtraTrees+GradientBoosting+Ridge_log_skew+Baseline_ensemble,0.12623254162919487,0.02093435508828398,0.12094062307120615,0.16374440847601873,0.10470696811607245,"[0.13173792, 0.11003279, 0.16374441, 0.12094062, 0.10470697]"
XGBoost_regularized+ExtraTrees+Ridge_log_skew+Baseline_ensemble,0.12625302566260344,0.02067884833999172,0.12109280835346391,0.16294560988072299,0.10423298880663821,"[0.13233605, 0.11065767, 0.16294561, 0.12109281, 0.10423299]"
LightGBM_regularized+Ridge_log_skew+Baseline_ensemble,0.12645248900962922,0.021118231467919277,0.12192853890069995,0.16403821833045598,0.10408070731312523,"[0.13204163, 0.11017335, 0.16403822, 0.12192854, 0.10408071]"
LightGBM_regularized+RandomForest+Ridge_log_skew+Baseline_ensemble,0.1264686947244682,0.02114106390799829,0.12192854644261923,0.1640993299113637,0.10408066386942484,"[0.13206164, 0.11017329, 0.16409933, 0.12192855, 0.10408066]"
LightGBM_regularized+ExtraTrees+Ridge_log_skew+Baseline_ensemble,0.12658928324553784,0.021055239474316968,0.12192874526649272,0.16403853893346804,0.10408084369655903,"[0.13224211, 0.11065618, 0.16403854, 0.12192875, 0.10408084]"
XGBoost_regularized+ElasticNet+Baseline_ensemble,0.1265922028322528,0.024078904625150922,0.11952507730473155,0.17078383548742862,0.10268720602031262,"[0.13087504, 0.10908986, 0.17078384, 0.11952508, 0.10268721]"
XGBoost_regularized+Ridge_log_skew+ElasticNet+Baseline_ensemble,0.12659232010593566,0.024079235332623367,0.11952511927673472,0.17078475070466054,0.10268723284057307,"[0.13087473, 0.10908977, 0.17078475, 0.11952512, 0.10268723]"
XGBoost_regularized+Ridge+ElasticNet+Baseline_ensemble,0.1265924119603039,0.024078975641948237,0.11952509347977323,0.17078441252657928,0.10268789381370612,"[0.13087483, 0.10908983, 0.17078441, 0.11952509, 0.10268789]"
XGBoost_regularized+LightGBM_regularized+ElasticNet+Baseline_ensemble,0.12662101540464624,0.02413170965917875,0.11952519023105726,0.1709277305563076,0.10268703404650377,"[0.13087494, 0.10909019, 0.17092773, 0.11952519, 0.10268703]"
XGBoost_regularized+GradientBoosting+ElasticNet+Baseline_ensemble,0.12669214231372364,0.024405493718756745,0.1192321358355705,0.17172559792533792,0.10299755995263829,"[0.13063233, 0.10887309, 0.1717256, 0.11923214, 0.10299756]"
XGBoost_regularized+RandomForest+ElasticNet+Baseline_ensemble,0.1267209508131954,0.024315524990384727,0.11952513870261955,0.17142791714779204,0.1026872717240484,"[0.1308747, 0.10908973, 0.17142792, 0.11952514, 0.10268727]"
GradientBoosting+ElasticNet+Baseline_ensemble,0.12672735004645824,0.024478688972292523,0.11952221481358154,0.1719816470039345,0.10319549459540893,"[0.13035542, 0.10858198, 0.17198165, 0.11952221, 0.10319549]"
GradientBoosting+Ridge+ElasticNet+Baseline_ensemble,0.12672737437190057,0.02447840094813096,0.11952222030872535,0.17198118272145,0.10319606140160976,"[0.13035539, 0.10858202, 0.17198118, 0.11952222, 0.10319606]"
GradientBoosting+Ridge_log_skew+ElasticNet+Baseline_ensemble,0.12672751950396144,0.024478284721778498,0.11952335498104323,0.1719809801405941,0.10319596894960348,"[0.13035534, 0.10858196, 0.17198098, 0.11952335, 0.10319597]"
XGBoost_regularized+ExtraTrees+ElasticNet+Baseline_ensemble,0.1267359624005043,0.024009350914041796,0.1195207774346601,0.17078448670262206,0.1026873605941862,"[0.13106398, 0.10962321, 0.17078449, 0.11952078, 0.10268736]"
LightGBM_regularized+Ridge+ElasticNet+Baseline_ensemble,0.1267388348620973,0.02440498485611424,0.12014560722544532,0.17152874768562268,0.10220761858273388,"[0.13070555, 0.10910665, 0.17152875, 0.12014561, 0.10220762]"
LightGBM_regularized+ElasticNet+Baseline_ensemble,0.12673883733783867,0.024404780142119734,0.12014550882405306,0.17152850139004652,0.1022081950928354,"[0.13070535, 0.10910663, 0.1715285, 0.12014551, 0.1022082]"
LightGBM_regularized+Ridge_log_skew+ElasticNet+Baseline_ensemble,0.1267389175620121,0.024404870199651138,0.12014576656610651,0.17152875118656086,0.10220826808210769,"[0.13070536, 0.10910644, 0.17152875, 0.12014577, 0.10220827]"
LightGBM_regularized+GradientBoosting+ElasticNet+Baseline_ensemble,0.12673941140847117,0.024421132200620834,0.11947451370140846,0.1718765492775935,0.1031959720046492,"[0.1304117, 0.10873832, 0.17187655, 0.11947451, 0.10319597]"
RandomForest+GradientBoosting+ElasticNet+Baseline_ensemble,0.12675008114313188,0.024520435226276147,0.11952237730764731,0.1720947759548485,0.1031958459952574,"[0.13035536, 0.10858204, 0.17209478, 0.11952238, 0.10319585]"
RandomForest+Ridge_log_skew+Baseline_ensemble,0.12681890664858236,0.021255439401286255,0.12247349188978916,0.16474268063788575,0.10485369403646563,"[0.13223664, 0.10978803, 0.16474268, 0.12247349, 0.10485369]"
ExtraTrees+GradientBoosting+ElasticNet+Baseline_ensemble,0.12682789071517803,0.024430710084964762,0.11952274744433096,0.17198071938385465,0.10319613687598754,"[0.1305053, 0.10893455, 0.17198072, 0.11952275, 0.10319614]"
LightGBM_regularized+RandomForest+ElasticNet+Baseline_ensemble,0.12685060780130133,0.024601822830748982,0.12014582767185891,0.1720625808622957,0.10220776089025313,"[0.13073028, 0.10910659, 0.17206258, 0.12014583, 0.10220776]"
LightGBM_regularized+ExtraTrees+ElasticNet+Baseline_ensemble,0.12688538547193068,0.02433649796551473,0.12014560320177474,0.17152860574364787,0.10220936695949136,"[0.13091347, 0.10962988, 0.17152861, 0.1201456, 0.10220937]"
Ridge_log_skew+Baseline_ensemble,0.12691309412112192,0.02117967519550004,0.12276824273444986,0.16477387142191002,0.10521292812125219,"[0.13206739, 0.10974303, 0.16477387, 0.12276824, 0.10521293]"
ExtraTrees+RandomForest+Ridge_log_skew+Baseline_ensemble,0.12697751459391754,0.021158840926868927,0.12247858112549233,0.16474451043872915,0.1048537947128396,"[0.13236753, 0.11044315, 0.16474451, 0.12247858, 0.10485379]"
XGBoost_regularized+ExtraTrees+RandomForest+GradientBoosting,0.12705668768245998,0.016834376209443714,0.12022870637056453,0.15553631566864162,0.10786435339750082,"[0.13551983, 0.11613423, 0.15553632, 0.12022871, 0.10786435]"
XGBoost_regularized+ExtraTrees+GradientBoosting,0.12705674464047795,0.016834321110131455,0.12022879716618835,0.1555363111498135,0.10786457354641846,"[0.13551984, 0.1161342, 0.15553631, 0.1202288, 0.10786457]"
RandomForest+ElasticNet+Baseline_ensemble,0.12710418962547718,0.024728039877450054,0.1205620485448926,0.17262607624332543,0.10278299355157326,"[0.13080625, 0.10874358, 0.17262608, 0.12056205, 0.10278299]"
RandomForest+Ridge_log_skew+ElasticNet+Baseline_ensemble,0.12710425893275895,0.024728186389683604,0.12056193341594554,0.17262641381739313,0.10278294486728969,"[0.13080643, 0.10874357, 0.17262641, 0.12056193, 0.10278294]"
RandomForest+Ridge+ElasticNet+Baseline_ensemble,0.12710426429903104,0.024728165678562248,0.12056216286645884,0.17262646441932447,0.10278298815029747,"[0.13080608, 0.10874362, 0.17262646, 0.12056216, 0.10278299]"
XGBoost_regularized+LightGBM_regularized+ExtraTrees+GradientBoosting,0.12714033385176585,0.01697587250860651,0.12022890114427895,0.15595404940196964,0.10786462172459053,"[0.13551985, 0.11613425, 0.15595405, 0.1202289, 0.10786462]"
Ridge+ElasticNet+Baseline_ensemble,0.12714549132117633,0.024401535729899882,0.12093263439310302,0.17206446422602212,0.10322773276238369,"[0.1306933, 0.10880933, 0.17206446, 0.12093263, 0.10322773]"
ElasticNet+Baseline_ensemble,0.12714559784992563,0.024402022763204235,0.12093224908807561,0.17206561599928022,0.10322751447064722,"[0.13069329, 0.10880932, 0.17206562, 0.12093225, 0.10322751]"
Ridge+Ridge_log_skew+ElasticNet+Baseline_ensemble,0.12714574284452765,0.024402446275064434,0.12093231792341806,0.1720664696955884,0.10322698687622041,"[0.13069362, 0.10880932, 0.17206647, 0.12093232, 0.10322699]"
Ridge_log_skew+ElasticNet+Baseline_ensemble,0.12714576864752036,0.024402268980659433,0.12093232076716284,0.17206632582649992,0.10322757009401594,"[0.1306933, 0.10880933, 0.17206633, 0.12093232, 0.10322757]"
ExtraTrees+Ridge_log_skew+Baseline_ensemble,0.1271767120936261,0.021052403316677067,0.12271477151433167,0.16477386787012302,0.10521349214570543,"[0.13249424, 0.11068719, 0.16477387, 0.12271477, 0.10521349]"
XGBoost_regularized+RandomForest+GradientBoosting,0.12721464778478034,0.01692325622710871,0.11963805722296278,0.15683328594284782,0.10966917360869563,"[0.13443635, 0.11549637, 0.15683329, 0.11963806, 0.10966917]"
XGBoost_regularized+GradientBoosting,0.12721468666852584,0.016923241449391897,0.11963819926397375,0.15683328435520089,0.10966916734379452,"[0.13443637, 0.11549641, 0.15683328, 0.1196382, 0.10966917]"
XGBoost_regularized+ExtraTrees,0.1272547950467803,0.01628026943818252,0.12151656613985727,0.15381353279790796,0.10717768144207712,"[0.13646368, 0.11730251, 0.15381353, 0.12151657, 0.10717768]"
XGBoost_regularized+ExtraTrees+RandomForest,0.12725481192251206,0.0162802713950256,0.12151655203530515,0.15381358666415376,0.10717774952481217,"[0.13646367, 0.1173025, 0.15381359, 0.12151655, 0.10717775]"
ExtraTrees+RandomForest+ElasticNet+Baseline_ensemble,0.12727059782584196,0.024629403859164192,0.12057838527405593,0.17262544919922587,0.10278267537117648,"[0.13093196, 0.10943452, 0.17262545, 0.12057839, 0.10278268]"
XGBoost_regularized+LightGBM_regularized+GradientBoosting,0.12729981752363112,0.01705450789478979,0.11974732386587757,0.15723091052105942,0.10966917509199053,"[0.13439314, 0.11545854, 0.15723091, 0.11974732, 0.10966918]"
XGBoost_regularized+LightGBM_regularized+RandomForest+GradientBoosting,0.12729982487714642,0.017054515339929455,0.11974731461810108,0.15723092112657083,0.1096691761288042,"[0.13439318, 0.11545854, 0.15723092, 0.11974731, 0.10966918]"
ExtraTrees+ElasticNet+Baseline_ensemble,0.12739487098734625,0.024282715016212226,0.12085627767397648,0.17206647229588745,0.10322711761522069,"[0.13109755, 0.10972694, 0.17206647, 0.12085628, 0.10322712]"
ExtraTrees+Ridge_log_skew+ElasticNet+Baseline_ensemble,0.12739500159682526,0.02428259676758132,0.12085634533797665,0.17206647571413752,0.10322773743935335,"[0.13109756, 0.10972689, 0.17206648, 0.12085635, 0.10322774]"
ExtraTrees+Ridge+ElasticNet+Baseline_ensemble,0.12739522826318456,0.024282913584883208,0.12085630943982309,0.1720674163359659,0.10322773010405562,"[0.13109757, 0.10972711, 0.17206742, 0.12085631, 0.10322773]"
XGBoost_regularized+LightGBM_regularized+ExtraTrees,0.12739590095515124,0.016512385867859795,0.12151389161649415,0.15452185970298024,0.10717772180344742,"[0.13646367, 0.11730236, 0.15452186, 0.12151389, 0.10717772]"
XGBoost_regularized+LightGBM_regularized+ExtraTrees+RandomForest,0.12739590840864073,0.01651234087576759,0.12151389042200006,0.15452185362420157,0.10717775768070938,"[0.13646353, 0.11730251, 0.15452185, 0.12151389, 0.10717776]"
XGBoost_regularized+Ridge_log_skew+SVR_RBF+Baseline_ensemble,0.12763625122894556,0.020453918700383263,0.12634344921915058,0.16294552769916704,0.10389651441831606,"[0.13315192, 0.11184385, 0.16294553, 0.12634345, 0.10389651]"
XGBoost_regularized+Ridge+Ridge_log_skew+Baseline_ensemble,0.1277295038911448,0.023649814606179452,0.12109268523094006,0.17099905636626012,0.10423300525373964,"[0.13215914, 0.11016363, 0.17099906, 0.12109269, 0.10423301]"
GradientBoosting+Ridge_log_skew+SVR_RBF+Baseline_ensemble,0.127755787665617,0.020630839840536055,0.1263225602467429,0.16374436207513682,0.1044489882513049,"[0.13272525, 0.11153778, 0.16374436, 0.12632256, 0.10444899]"
LightGBM_regularized+ExtraTrees+RandomForest+GradientBoosting,0.1278474987918435,0.017585719597379056,0.12089034811344396,0.15803137054233937,0.10789879489668894,"[0.13578701, 0.11662997, 0.15803137, 0.12089035, 0.10789879]"
LightGBM_regularized+ExtraTrees+GradientBoosting,0.12784753846957625,0.017585701893665238,0.12089043709631142,0.15803137640801937,0.10789879021968292,"[0.13578701, 0.11663008, 0.15803138, 0.12089044, 0.10789879]"
LightGBM_regularized+RandomForest+GradientBoosting,0.12792107882348006,0.0176810247452378,0.12043767242422977,0.15923884904142183,0.10948345071025381,"[0.13449041, 0.11595501, 0.15923885, 0.12043767, 0.10948345]"
LightGBM_regularized+GradientBoosting,0.1279211238202504,0.01768098285317306,0.1204376751981162,0.15923885799618936,0.10948366574869696,"[0.13449041, 0.11595501, 0.15923886, 0.12043768, 0.10948367]"
GradientBoosting+Ridge+Ridge_log_skew+Baseline_ensemble,0.127922319771079,0.02416870120315658,0.12094057185456845,0.1725392152063578,0.10470696403707196,"[0.13162802, 0.10979683, 0.17253922, 0.12094057, 0.10470696]"
XGBoost_regularized+GradientBoosting+Ridge+Baseline_ensemble,0.12792709373128863,0.024310072495844354,0.12057043441279613,0.17277927178225091,0.10441435514047566,"[0.13185477, 0.11001664, 0.17277927, 0.12057043, 0.10441436]"
LightGBM_regularized+Ridge_log_skew+SVR_RBF+Baseline_ensemble,0.12799704003330267,0.020839098278339296,0.12718615334876343,0.1640383192563756,0.10374686384497893,"[0.13307469, 0.11193917, 0.16403832, 0.12718615, 0.10374686]"
XGBoost_regularized+Ridge+Baseline_ensemble,0.12807100724942874,0.02399329399756139,0.12109267791931037,0.17213540588558582,0.10446993626061837,"[0.132285, 0.11037202, 0.17213541, 0.12109268, 0.10446994]"
GradientBoosting+Ridge+Baseline_ensemble,0.12807133560015865,0.024434197507298753,0.12094055957246339,0.1732565979972331,0.10470696388657288,"[0.13165332, 0.10979924, 0.1732566, 0.12094056, 0.10470696]"
RandomForest+GradientBoosting+Ridge+Baseline_ensemble,0.12807161886660542,0.024434603667436765,0.12094082985647919,0.17325773697373076,0.10470697294496857,"[0.13165333, 0.10979922, 0.17325774, 0.12094083, 0.10470697]"
LightGBM_regularized+GradientBoosting+Ridge+Baseline_ensemble,0.12807971866230722,0.024362504199340357,0.12090266321112884,0.1731152679070864,0.10470696398856519,"[0.13171672, 0.10995698, 0.17311527, 0.12090266, 0.10470696]"
LightGBM_regularized+Ridge+Ridge_log_skew+Baseline_ensemble,0.1280850370825531,0.02406993265671672,0.12192854445990814,0.17220096560476653,0.10408071217199862,"[0.13204162, 0.11017335, 0.17220097, 0.12192854, 0.10408071]"
XGBoost_regularized,0.12808984712862015,0.016215540613127893,0.12181959578791844,0.1557568760381593,0.10991893222598359,"[0.13581911, 0.11713473, 0.15575688, 0.1218196, 0.10991893]"
XGBoost_regularized+LightGBM_regularized,0.12809900628583903,0.0165661951402265,0.12179943103308176,0.15653432693163954,0.1095809291062959,"[0.13563038, 0.11694996, 0.15653433, 0.12179943, 0.10958093]"
XGBoost_regularized+ElasticNet+SVR_RBF+Baseline_ensemble,0.12810290617673464,0.023720043142267486,0.12476724939058526,0.17078529214888216,0.10209223064862201,"[0.1317985, 0.11107126, 0.17078529, 0.12476725, 0.10209223]"
XGBoost_regularized+RandomForest,0.12811087589308495,0.01631536034741976,0.12197230439700628,0.15591810364895828,0.10977772899205757,"[0.13588674, 0.1169995, 0.1559181, 0.1219723, 0.10977773]"
XGBoost_regularized+LightGBM_regularized+Ridge+Baseline_ensemble,0.12812479988794695,0.024092121193120913,0.12109268683416331,0.1724043630166248,0.10446993346378289,"[0.132285, 0.11037202, 0.17240436, 0.12109269, 0.10446993]"
LightGBM_regularized+GradientBoosting+Ridge+ElasticNet,0.12813194592074614,0.026701446085124165,0.11567301473228474,0.17866588174789416,0.10378236823136235,"[0.13045718, 0.11208128, 0.17866588, 0.11567301, 0.10378237]"
LightGBM_regularized+GradientBoosting+ElasticNet,0.12813195830246746,0.02670148133604725,0.11567315109590007,0.17866596301335025,0.10378239016069797,"[0.13045718, 0.11208111, 0.17866596, 0.11567315, 0.10378239]"
XGBoost_regularized+RandomForest+Ridge+Baseline_ensemble,0.12813496920978262,0.024110784516238,0.12109268789034042,0.1724551698247512,0.10447004688885234,"[0.13228498, 0.11037196, 0.17245517, 0.12109269, 0.10447005]"
XGBoost_regularized+LightGBM_regularized+RandomForest,0.1281369943012244,0.01659151195037064,0.1218885108798139,0.15657732321108767,0.1095485533080479,"[0.13572872, 0.11694186, 0.15657732, 0.12188851, 0.10954855]"
ExtraTrees+GradientBoosting+Ridge+Baseline_ensemble,0.12814716467566808,0.024399060011287835,0.12094088656948396,0.1732563532527164,0.10470696402385074,"[0.13177337, 0.11005825, 0.17325635, 0.12094089, 0.10470696]"
LightGBM_regularized+GradientBoosting+Ridge_log_skew+ElasticNet,0.12817452579270278,0.026709036372370026,0.11567300732427126,0.1787290041227151,0.1038771597813384,"[0.1305122, 0.11208126, 0.178729, 0.11567301, 0.10387716]"
LightGBM_regularized+RandomForest+GradientBoosting+ElasticNet,0.12818604623231378,0.02677146267231768,0.11573509080498819,0.17886550854618274,0.10378234673661439,"[0.13046654, 0.11208075, 0.17886551, 0.11573509, 0.10378235]"
XGBoost_regularized+ExtraTrees+Ridge+Baseline_ensemble,0.12820879041346683,0.02392657545283658,0.12109280918470201,0.1721354084908044,0.10446999994929464,"[0.13247225, 0.11087348, 0.17213541, 0.12109281, 0.10447]"
LightGBM_regularized+GradientBoosting+Ridge_log_skew,0.1282665098598522,0.023340939584470307,0.11755815729769382,0.1717984433192026,0.10670789133903452,"[0.13227964, 0.11298842, 0.17179844, 0.11755816, 0.10670789]"
LightGBM_regularized+RandomForest+GradientBoosting+Ridge_log_skew,0.1282668577588834,0.02334155426851307,0.11755816028960968,0.17180008934915308,0.10670787319737292,"[0.13227971, 0.11298846, 0.17180009, 0.11755816, 0.10670787]"
XGBoost_regularized+GradientBoosting+Ridge_log_skew,0.12828101757175955,0.02275654325218268,0.1174017213760294,0.1706377070079755,0.10748551481894977,"[0.13261862, 0.11326152, 0.17063771, 0.11740172, 0.10748551]"
XGBoost_regularized+LightGBM_regularized+ExtraTrees+RandomForest+GradientBoosting+Ridge+Ridge_log_skew+ElasticNet+SVR_RBF+Baseline_ensemble,0.12829071996949315,0.024045155371978873,0.12453075998215242,0.17186385810217472,0.10249392469119453,"[0.13163597, 0.11092908, 0.17186386, 0.12453076, 0.10249392]"
XGBoost_regularized+LightGBM_regularized+GradientBoosting+Ridge_log_skew,0.1282941442986158,0.022765681731891863,0.11752386431044748,0.17068055684160408,0.10748557443353261,"[0.13256962, 0.1132111, 0.17068056, 0.11752386, 0.10748557]"
LightGBM_regularized+ElasticNet+SVR_RBF+Baseline_ensemble,0.1282964181013172,0.024053793014504166,0.1254954226154161,0.1715285419113089,0.10162439728349801,"[0.13166405, 0.11116968, 0.17152854, 0.12549542, 0.1016244]"
GradientBoosting+ElasticNet+SVR_RBF+Baseline_ensemble,0.12831024364446703,0.024072087302354557,0.12484757018376395,0.1719812766999158,0.10266978784478081,"[0.13138566, 0.11066693, 0.17198128, 0.12484757, 0.10266979]"
XGBoost_regularized+RandomForest+GradientBoosting+Ridge_log_skew,0.1283130760263452,0.022749657646359042,0.11753877919797251,0.17065377207157317,0.1074858589277505,"[0.13262534, 0.11326163, 0.17065377, 0.11753878, 0.10748586]"
XGBoost_regularized+LightGBM_regularized+GradientBoosting+ElasticNet,0.1283336123943216,0.026168486906686227,0.11581026809549368,0.1778215334699614,0.10480907842645253,"[0.13095005, 0.11227713, 0.17782153, 0.11581027, 0.10480908]"
XGBoost_regularized+GradientBoosting+Ridge+ElasticNet,0.1283481228878383,0.026188206157661313,0.11571611427242857,0.17786749581812425,0.10481216280235207,"[0.13100793, 0.11233691, 0.1778675, 0.11571611, 0.10481216]"
XGBoost_regularized+GradientBoosting+ElasticNet,0.12834840567538747,0.026188514913656556,0.11571620002065261,0.1778684710772523,0.10481245011565203,"[0.13100798, 0.11233692, 0.17786847, 0.1157162, 0.10481245]"
XGBoost_regularized+ExtraTrees+ElasticNet,0.1283664046002589,0.0256300119719755,0.11744745482386304,0.17576638836784578,0.102157057464258,"[0.1326863, 0.11377482, 0.17576639, 0.11744745, 0.10215706]"
XGBoost_regularized+ExtraTrees+Ridge+ElasticNet,0.1283665088741394,0.025630238108483028,0.11744729277685817,0.17576719138986557,0.10215721543932198,"[0.13268573, 0.11377511, 0.17576719, 0.11744729, 0.10215722]"
XGBoost_regularized+GradientBoosting+Ridge_log_skew+ElasticNet,0.12837501611109192,0.026181618214452737,0.11571620076162364,0.1778989238981319,0.10491502168344544,"[0.13100796, 0.11233697, 0.17789892, 0.1157162, 0.10491502]"
LightGBM_regularized+ExtraTrees+GradientBoosting+ElasticNet,0.1284260086103219,0.026559347464922334,0.11669470245949648,0.17807599588732484,0.10246525376462082,"[0.13190202, 0.11299207, 0.178076, 0.1166947, 0.10246525]"
XGBoost_regularized+LightGBM_regularized+ExtraTrees+ElasticNet,0.1284266595174528,0.02574373839674467,0.11744235231830796,0.17607261287786732,0.10215687328472461,"[0.13268619, 0.11377527, 0.17607261, 0.11744235, 0.10215687]"
RandomForest+Ridge_log_skew+SVR_RBF+Baseline_ensemble,0.12843032517121003,0.02094872881922414,0.12783180216852827,0.16474323504041252,0.10447081989827418,"[0.13332586, 0.11177991, 0.16474324, 0.1278318, 0.10447082]"
XGBoost_regularized+RandomForest+GradientBoosting+ElasticNet,0.12844289910232984,0.02626392031640462,0.11591897317509646,0.17811811856110005,0.10481224720038865,"[0.13102816, 0.112337, 0.17811812, 0.11591897, 0.10481225]"
XGBoost_regularized+ExtraTrees+Ridge_log_skew+ElasticNet,0.12850391848852058,0.025665409445888028,0.1174476734975916,0.17607182709646169,0.10253886009517997,"[0.1326863, 0.11377493, 0.17607183, 0.11744767, 0.10253886]"
XGBoost_regularized+ExtraTrees+GradientBoosting+ElasticNet,0.128504466601372,0.025975389866596036,0.11680759443041806,0.1769916866423233,0.10327198126224414,"[0.13227296, 0.11317811, 0.17699169, 0.11680759, 0.10327198]"
XGBoost_regularized+ExtraTrees+GradientBoosting+Ridge_log_skew,0.12851165383108737,0.022614698189647963,0.11840979647230832,0.16993948565626418,0.10603011841399307,"[0.13394536, 0.11423351, 0.16993949, 0.1184098, 0.10603012]"
XGBoost_regularized+LightGBM_regularized+ElasticNet,0.1285138505624271,0.02602984274307668,0.11687602446030182,0.17745303027484963,0.10384219083187854,"[0.13138693, 0.11301108, 0.17745303, 0.11687602, 0.10384219]"
XGBoost_regularized+LightGBM_regularized+Ridge+ElasticNet,0.1285138604572967,0.0260298127867186,0.11687603261998737,0.17745294564275607,0.10384219121303352,"[0.13138705, 0.11301108, 0.17745295, 0.11687603, 0.10384219]"
XGBoost_regularized+ExtraTrees+Ridge_log_skew,0.12851933532885226,0.02246956950577214,0.11899820067108631,0.16933193818315762,0.10518477618164068,"[0.13433704, 0.11474472, 0.16933194, 0.1189982, 0.10518478]"
RandomForest+Ridge+Ridge_log_skew+Baseline_ensemble,0.12853672738685423,0.024369865480047374,0.1224739131541615,0.17333165460993416,0.10485347212894676,"[0.13223678, 0.10978782, 0.17333165, 0.12247391, 0.10485347]"
Ridge_log_skew+SVR_RBF+Baseline_ensemble,0.1285407808550137,0.02086727924656315,0.128080388445412,0.16477188521409558,0.10476397315269552,"[0.1331986, 0.11188906, 0.16477189, 0.12808039, 0.10476397]"
Ridge+Ridge_log_skew+Baseline_ensemble,0.12855742444671409,0.024163255574208294,0.12276819682123351,0.17299383442243388,0.1052140219320919,"[0.13206769, 0.10974337, 0.17299383, 0.1227682, 0.10521402]"
XGBoost_regularized+LightGBM_regularized+Ridge_log_skew,0.12858002608685032,0.022838069355450557,0.11844090378602357,0.1709299793741525,0.10685890052731975,"[0.13294617, 0.11372418, 0.17092998, 0.1184409, 0.1068589]"
XGBoost_regularized+LightGBM_regularized+RandomForest+ElasticNet,0.1286089500116177,0.026285260071819586,0.11695542161926901,0.17803780969701433,0.10370615727879744,"[0.13146131, 0.11288405, 0.17803781, 0.11695542, 0.10370616]"
XGBoost_regularized+LightGBM_regularized+ExtraTrees+Ridge_log_skew,0.12861519116590836,0.022646914486093444,0.11899142416627508,0.16981809230272985,0.10518481298937571,"[0.13433709, 0.11474454, 0.16981809, 0.11899142, 0.10518481]"
XGBoost_regularized+LightGBM_regularized+RandomForest+Ridge_log_skew,0.12862407985317387,0.02286748289310939,0.11854294355111288,0.17099097536242402,0.10680833763690696,"[0.13306607, 0.11371208, 0.17099098, 0.11854294, 0.10680834]"
XGBoost_regularized+ExtraTrees+RandomForest+Ridge_log_skew,0.12863659560062346,0.022682578557786128,0.11899845678168185,0.16991783531773758,0.1051848571248583,"[0.13433706, 0.11474476, 0.16991784, 0.11899846, 0.10518486]"
XGBoost_regularized+Ridge+ElasticNet,0.1286529989560718,0.025962814211072483,0.11687723798818415,0.1774885964599279,0.10417664110202107,"[0.13153978, 0.11318274, 0.1774886, 0.11687724, 0.10417664]"
XGBoost_regularized+ElasticNet,0.1286530482496201,0.025962782315211323,0.11687746305883359,0.1774885833735591,0.10417667633662243,"[0.13153978, 0.11318274, 0.17748858, 0.11687746, 0.10417668]"
LightGBM_regularized+ExtraTrees+GradientBoosting+Ridge_log_skew,0.12865359496715606,0.02331046386924149,0.11845636297558267,0.17150818699068218,0.10549285051740766,"[0.13377636, 0.11403422, 0.17150819, 0.11845636, 0.10549285]"
XGBoost_regularized+Ridge_log_skew,0.12866674527297145,0.022773569934158158,0.11838372133705953,0.17090614864039616,0.10711121690789496,"[0.13307205, 0.11386059, 0.17090615, 0.11838372, 0.10711122]"
XGBoost_regularized+ExtraTrees+RandomForest+ElasticNet,0.12867727171651627,0.026206005228302597,0.11744730948384141,0.17732087043190128,0.10215705535750716,"[0.13268589, 0.11377523, 0.17732087, 0.11744731, 0.10215706]"
XGBoost_regularized+RandomForest+Ridge_log_skew,0.12867974746577285,0.022831582315252136,0.11856879380840951,0.17097234615014348,0.10696119576450325,"[0.13317129, 0.11372511, 0.17097235, 0.11856879, 0.1069612]"
LightGBM_regularized+Ridge+Baseline_ensemble,0.12868011347626454,0.02436973759767534,0.12213139440179452,0.1735116655397669,0.10463449852407918,"[0.13245017, 0.11067284, 0.17351167, 0.12213139, 0.1046345]"
XGBoost_regularized+RandomForest+ElasticNet,0.1286933075892186,0.026284336198861676,0.11700132410691787,0.17813108355112234,0.10387346836693223,"[0.13155693, 0.11290373, 0.17813108, 0.11700132, 0.10387347]"
XGBoost_regularized+RandomForest+Ridge+ElasticNet,0.1286934053398519,0.026284355295899533,0.11700139897608369,0.17813112733679815,0.1038734642059349,"[0.13155731, 0.11290373, 0.17813113, 0.1170014, 0.10387346]"
ExtraTrees+Ridge_log_skew+SVR_RBF+Baseline_ensemble,0.12870452012873373,0.020808263564943377,0.12807052518060572,0.16477387449885414,0.10476403209299262,"[0.13354731, 0.11236686, 0.16477387, 0.12807053, 0.10476403]"
RandomForest+ElasticNet+SVR_RBF+Baseline_ensemble,0.12871672380584345,0.024350534965860218,0.12597135207918628,0.1726263857893041,0.10212933098695896,"[0.13182094, 0.11103561, 0.17262639, 0.12597135, 0.10212933]"
XGBoost_regularized+LightGBM_regularized+Ridge_log_skew+ElasticNet,0.1287278776457964,0.02605573695937441,0.11687393351307106,0.1778341659386952,0.10447578198689025,"[0.13144448, 0.11301102, 0.17783417, 0.11687393, 0.10447578]"
LightGBM_regularized+RandomForest+Ridge+Baseline_ensemble,0.1287296805863049,0.024455314305086254,0.12213142257389054,0.17374273593120237,0.1046345351965776,"[0.13246705, 0.11067266, 0.17374274, 0.12213142, 0.10463454]"
XGBoost_regularized+ExtraTrees+RandomForest+SVR_RBF,0.1287335969848749,0.01609532513342986,0.12870148606998927,0.15345408819142997,0.10644664066113667,"[0.13714022, 0.11792555, 0.15345409, 0.12870149, 0.10644664]"
XGBoost_regularized+ExtraTrees+SVR_RBF,0.12873368156607437,0.016095291966817034,0.12870202698550526,0.1534540186882575,0.10644672283321492,"[0.1371402, 0.11792544, 0.15345402, 0.12870203, 0.10644672]"
ElasticNet+SVR_RBF+Baseline_ensemble,0.12875863249183211,0.02403201853548172,0.12627080129576018,0.17206435942553228,0.10248512864918333,"[0.13173455, 0.11123832, 0.17206436, 0.1262708, 0.10248513]"
Ridge_log_skew+ElasticNet+SVR_RBF+Baseline_ensemble,0.1287590713010403,0.024032773876421006,0.12627134437013343,0.1720661100825986,0.10248522307177475,"[0.1317353, 0.11123738, 0.17206611, 0.12627134, 0.10248522]"
Ridge+ElasticNet+SVR_RBF+Baseline_ensemble,0.12875934529213823,0.02403265154142289,0.12627121406370703,0.17206659508309086,0.10248591444554392,"[0.1317347, 0.1112383, 0.1720666, 0.12627121, 0.10248591]"
XGBoost_regularized+ExtraTrees+GradientBoosting+SVR_RBF,0.12877857918589855,0.016532029888893365,0.12781252626100734,0.15553637453949665,0.10753686590487227,"[0.13620061, 0.11680652, 0.15553637, 0.12781253, 0.10753687]"
LightGBM_regularized+RandomForest+ElasticNet,0.12878434262128052,0.027371148645508582,0.11750987161948813,0.18033249218993086,0.10228869927767137,"[0.13096829, 0.11282236, 0.18033249, 0.11750987, 0.1022887]"
LightGBM_regularized+RandomForest+Ridge+ElasticNet,0.12878451036861105,0.027371006285595148,0.11750987693760177,0.180332445999733,0.10228916407039082,"[0.13096839, 0.11282267, 0.18033245, 0.11750988, 0.10228916]"
LightGBM_regularized+ExtraTrees+ElasticNet,0.1288068212894279,0.026752645354080964,0.11826806331315003,0.17831445555571773,0.10062080298437684,"[0.13246697, 0.11436381, 0.17831446, 0.11826806, 0.1006208]"
LightGBM_regularized+ExtraTrees+Ridge+ElasticNet,0.12880724177699848,0.02675278709054297,0.11826824993329504,0.17831524028057535,0.10062137448332625,"[0.13246732, 0.11436402, 0.17831524, 0.11826825, 0.10062137]"
LightGBM_regularized+ExtraTrees+Ridge+Baseline_ensemble,0.12881541026146454,0.024305247414032623,0.12213159970029676,0.17351092989785846,0.1046345310055281,"[0.13264713, 0.11115287, 0.17351093, 0.1221316, 0.10463453]"
ExtraTrees+Ridge+Ridge_log_skew+Baseline_ensemble,0.12882023315143212,0.024032853666703675,0.12271488760673349,0.1729908261799173,0.10521372336016463,"[0.13249451, 0.11068722, 0.17299083, 0.12271489, 0.10521372]"
LightGBM_regularized+Ridge+ElasticNet,0.12886207044722098,0.027084589871339437,0.11748991026924031,0.18003061454109126,0.10287863561167672,"[0.13060983, 0.11330136, 0.18003061, 0.11748991, 0.10287864]"
LightGBM_regularized+ElasticNet,0.12886213484582174,0.027084443003920773,0.1174905485087342,0.18003049722248166,0.10287886252156077,"[0.1306094, 0.11330136, 0.1800305, 0.11749055, 0.10287886]"
XGBoost_regularized+Ridge_log_skew+ElasticNet,0.1288840938081254,0.025999486306955255,0.11687370015323141,0.1779170270162108,0.10485264859567683,"[0.13159435, 0.11318274, 0.17791703, 0.1168737, 0.10485265]"
XGBoost_regularized+Ridge+Ridge_log_skew+ElasticNet,0.12888418822755382,0.025999533550423972,0.11687384043729647,0.17791724333820394,0.10485276452142979,"[0.13159435, 0.11318274, 0.17791724, 0.11687384, 0.10485276]"
XGBoost_regularized+RandomForest+Ridge_log_skew+ElasticNet,0.12889695904809065,0.02626734945961694,0.11700128510600592,0.17842022437411323,0.10455215819423426,"[0.13160762, 0.11290351, 0.17842022, 0.11700129, 0.10455216]"
ExtraTrees+ElasticNet+SVR_RBF+Baseline_ensemble,0.12890447360536497,0.02398041467661649,0.12623513494024038,0.1720665006061797,0.10248523167799878,"[0.13207089, 0.11166461, 0.1720665, 0.12623513, 0.10248523]"
XGBoost_regularized+LightGBM_regularized+ExtraTrees+SVR_RBF,0.12890997750720196,0.01636793868372248,0.1287018030910832,0.1543362055900697,0.10644628092406679,"[0.13714008, 0.11792552, 0.15433621, 0.1287018, 0.10644628]"
XGBoost_regularized+RandomForest+GradientBoosting+SVR_RBF,0.12892185643646398,0.0164686756844405,0.12825020780239638,0.1559609951529569,0.10811552927997999,"[0.1355262, 0.11675635, 0.155961, 0.12825021, 0.10811553]"
XGBoost_regularized+GradientBoosting+SVR_RBF,0.12892214939796795,0.01646914326880669,0.1282506987339812,0.1559622286601468,0.10811526496415672,"[0.1355262, 0.11675635, 0.15596223, 0.1282507, 0.10811526]"
ExtraTrees+GradientBoosting,0.1289339689788564,0.01724774929861517,0.12196461783661992,0.15846593826468436,0.10974633719141555,"[0.13706622, 0.11742673, 0.15846594, 0.12196462, 0.10974634]"
ExtraTrees+RandomForest+GradientBoosting,0.12893398739993212,0.01724777423446076,0.12196461505046127,0.15846602399374254,0.10974635943862054,"[0.13706621, 0.11742673, 0.15846602, 0.12196462, 0.10974636]"
LightGBM_regularized+RandomForest+Ridge_log_skew,0.12895327415310193,0.024037196927851362,0.11927761622420273,0.17355731084476445,0.10549428379834451,"[0.13295763, 0.11347953, 0.17355731, 0.11927762, 0.10549428]"
LightGBM_regularized+RandomForest+Ridge_log_skew+ElasticNet,0.12897606695835986,0.02739432529988777,0.11751578222468263,0.18060228497060385,0.10279912618686145,"[0.13127034, 0.1126928, 0.18060228, 0.11751578, 0.10279913]"
LightGBM_regularized+Ridge_log_skew,0.12900496392600663,0.023990405573823415,0.11918784673599196,0.173709963421821,0.1058134986246588,"[0.13255191, 0.1137616, 0.17370996, 0.11918785, 0.1058135]"
LightGBM_regularized+ExtraTrees+Ridge_log_skew+ElasticNet,0.12903237752202476,0.026844993097647492,0.11825541353833748,0.17880202699806078,0.10107289314128577,"[0.13266752, 0.11436403, 0.17880203, 0.11825541, 0.10107289]"
RandomForest+GradientBoosting+ElasticNet,0.12905738644443732,0.027496259320275513,0.11602112988519518,0.18140918148815727,0.10515124502895723,"[0.13082208, 0.1118833, 0.18140918, 0.11602113, 0.10515125]"
RandomForest+GradientBoosting+Ridge+ElasticNet,0.12905752616238148,0.027496176013809912,0.1160211198169911,0.18140915354199075,0.10515144658531761,"[0.13082228, 0.11188363, 0.18140915, 0.11602112, 0.10515145]"
LightGBM_regularized+Ridge_log_skew+ElasticNet,0.1290625171018365,0.027175636326562332,0.1175001339673105,0.18042286052045198,0.10331744398533661,"[0.13096501, 0.11310714, 0.18042286, 0.11750013, 0.10331744]"
LightGBM_regularized+Ridge+Ridge_log_skew+ElasticNet,0.1290628472228365,0.02717599697333044,0.11750014049462754,0.18042395516064183,0.10331791729473556,"[0.13096536, 0.11310686, 0.18042396, 0.11750014, 0.10331792]"
XGBoost_regularized+LightGBM_regularized+GradientBoosting+SVR_RBF,0.1290747415171607,0.016720617711564738,0.12825021226147254,0.15672545870376248,0.10811552841033482,"[0.13552619, 0.11675632, 0.15672546, 0.12825021, 0.10811553]"
XGBoost_regularized+SVR_RBF,0.12911344570875963,0.01555675677521805,0.12967722516914423,0.1531970502219829,0.10780078954409902,"[0.13666389, 0.11822827, 0.15319705, 0.12967723, 0.10780079]"
LightGBM_regularized+ExtraTrees+RandomForest+ElasticNet,0.1291219398855444,0.027336551329228225,0.11826864603324183,0.17988928053177147,0.10062052945765473,"[0.13246725, 0.114364, 0.17988928, 0.11826865, 0.10062053]"
GradientBoosting+Ridge+ElasticNet,0.12914076719981407,0.027529732284716606,0.1151925439886307,0.18171588844370046,0.10573884435119567,"[0.13067116, 0.1123854, 0.18171589, 0.11519254, 0.10573884]"
GradientBoosting+ElasticNet,0.1291407758739474,0.027529687991187685,0.1151925386048905,0.18171576119859936,0.10573883537338599,"[0.13067135, 0.1123854, 0.18171576, 0.11519254, 0.10573884]"
LightGBM_regularized+ExtraTrees+Ridge_log_skew,0.12915399725496998,0.023757243262738002,0.1198863147128537,0.17243372580563743,0.10387536082452557,"[0.13442738, 0.11514721, 0.17243373, 0.11988631, 0.10387536]"
ExtraTrees+GradientBoosting+ElasticNet,0.1291827209159183,0.027037850415365147,0.11712945526617538,0.17986602646076075,0.10318759197293485,"[0.13249805, 0.11323249, 0.17986603, 0.11712946, 0.10318759]"
ExtraTrees+GradientBoosting+Ridge+ElasticNet,0.12918313035006992,0.027038048674856246,0.11712977132657583,0.17986684198379968,0.10318803744819025,"[0.13249848, 0.11323252, 0.17986684, 0.11712977, 0.10318804]"
RandomForest+GradientBoosting+Ridge_log_skew+ElasticNet,0.12918704103358492,0.027482572737875667,0.11602220839707991,0.18153119212176377,0.10551031359810985,"[0.1309878, 0.11188369, 0.18153119, 0.11602221, 0.10551031]"
XGBoost_regularized+RandomForest+SVR_RBF,0.12921041844552433,0.015702560350016038,0.1296708783136818,0.15365686561375955,0.10780079675493415,"[0.13669551, 0.11822804, 0.15365687, 0.12967088, 0.1078008]"
ExtraTrees+GradientBoosting+Ridge_log_skew+ElasticNet,0.12925361327137425,0.027058684067370362,0.11713028128502892,0.18000382987379715,0.10335406502746114,"[0.13254715, 0.11323274, 0.18000383, 0.11713028, 0.10335407]"
GradientBoosting+Ridge_log_skew+ElasticNet,0.1292767166470326,0.02753187301748294,0.11519057004528589,0.18187680224186686,0.10610122249220443,"[0.13082959, 0.1123854, 0.1818768, 0.11519057, 0.10610122]"
GradientBoosting+Ridge+Ridge_log_skew+ElasticNet,0.12927687091047924,0.027531955642618674,0.11519103248013093,0.18187713231037148,0.10610120022664397,"[0.13082959, 0.1123854, 0.18187713, 0.11519103, 0.1061012]"
LightGBM_regularized+ExtraTrees+RandomForest+Ridge_log_skew,0.12928615155419884,0.023998265889338993,0.11988632776542207,0.17309454462334975,0.10387534941822418,"[0.13442737, 0.11514717, 0.17309454, 0.11988633, 0.10387535]"
ExtraTrees+RandomForest+GradientBoosting+ElasticNet,0.1293382885248036,0.027327621804151235,0.11713258487627488,0.18063961840308074,0.10318821910548168,"[0.13249798, 0.11323304, 0.18063962, 0.11713258, 0.10318822]"
RandomForest+Ridge+Baseline_ensemble,0.12936590734303605,0.024649620984117254,0.12296962591347826,0.17483670836736545,0.10564433879324871,"[0.13284612, 0.11053274, 0.17483671, 0.12296963, 0.10564434]"
XGBoost_regularized+LightGBM_regularized+SVR_RBF,0.12936694402290733,0.015999087905555265,0.12964778226410012,0.15460083833681448,0.10780079511586246,"[0.13661576, 0.11816955, 0.15460084, 0.12964778, 0.1078008]"
XGBoost_regularized+LightGBM_regularized+RandomForest+SVR_RBF,0.12940594645925685,0.016051231648301592,0.12964728041219858,0.1547535292292632,0.10780078951659813,"[0.1366589, 0.11816923, 0.15475353, 0.12964728, 0.10780079]"
RandomForest+GradientBoosting+Ridge_log_skew,0.1294155420565269,0.024148473668896962,0.11790290774092672,0.1748222638303425,0.10865063855133773,"[0.13295203, 0.11274987, 0.17482226, 0.11790291, 0.10865064]"
GradientBoosting+Ridge_log_skew,0.12942957619599219,0.02423328681239948,0.11707088051460642,0.17517152115528936,0.10906514001332435,"[0.13271157, 0.11312877, 0.17517152, 0.11707088, 0.10906514]"
Ridge+Baseline_ensemble,0.12945055827958146,0.024482437709978714,0.12331277474511826,0.17464774614871037,0.10604867755644659,"[0.13271827, 0.11052532, 0.17464775, 0.12331277, 0.10604868]"
LightGBM_regularized+ExtraTrees,0.1294550031984188,0.01748572802843872,0.12425727371045861,0.1583073922483696,0.10700599419907071,"[0.13792389, 0.11978047, 0.15830739, 0.12425727, 0.10700599]"
LightGBM_regularized+ExtraTrees+RandomForest,0.12945502455914618,0.017485753506867683,0.12425726881191504,0.15830748640132855,0.10700601826201146,"[0.13792389, 0.11978046, 0.15830749, 0.12425727, 0.10700602]"
ExtraTrees+RandomForest+Ridge+Baseline_ensemble,0.12951249147594834,0.02456196476213007,0.12297275418449832,0.17483992423118755,0.10564443068718733,"[0.13296423, 0.11114112, 0.17483992, 0.12297275, 0.10564443]"
ExtraTrees+GradientBoosting+Ridge_log_skew,0.12955229824937667,0.023796212865580476,0.11887912489600637,0.17349047809159426,0.10658608225145226,"[0.13456014, 0.11424567, 0.17349048, 0.11887912, 0.10658608]"
ExtraTrees+RandomForest+GradientBoosting+Ridge_log_skew,0.12960506534311597,0.023893599820450757,0.11887909065499594,0.17375421131660956,0.10658628874374795,"[0.13456006, 0.11424567, 0.17375421, 0.11887909, 0.10658629]"
XGBoost_regularized+Ridge+SVR_RBF+Baseline_ensemble,0.12960805797438538,0.02361138988577862,0.12635935917709964,0.1721354311497096,0.10417103526982724,"[0.13330607, 0.1120684, 0.17213543, 0.12635936, 0.10417104]"
GradientBoosting+Ridge+SVR_RBF+Baseline_ensemble,0.12969172168515838,0.024001617419711664,0.12632354351101213,0.17325659831677948,0.10450349716568756,"[0.13277217, 0.1116028, 0.1732566, 0.12632354, 0.1045035]"
ExtraTrees+Ridge+Baseline_ensemble,0.1297043531182835,0.024356084547421386,0.12325179976687912,0.17464774142325135,0.10604867755644659,"[0.13312464, 0.11144891, 0.17464774, 0.1232518, 0.10604868]"
GradientBoosting,0.12977197344083177,0.01749266991643681,0.12128703669055625,0.16127709042367724,0.11322758981946175,"[0.13577302, 0.11729513, 0.16127709, 0.12128704, 0.11322759]"
LightGBM_regularized+ExtraTrees+GradientBoosting+SVR_RBF,0.1298010662134791,0.01714325545119007,0.12916167209140234,0.15794340374860866,0.10790587555737531,"[0.13653483, 0.11745955, 0.1579434, 0.12916167, 0.10790588]"
RandomForest+GradientBoosting,0.1298174715949259,0.017474398641386737,0.12198740201573796,0.16113108786798286,0.1129621165409734,"[0.13595988, 0.11704687, 0.16113109, 0.1219874, 0.11296212]"
LightGBM_regularized+GradientBoosting+SVR_RBF,0.12985598650263885,0.017023552866570636,0.1295618417891261,0.15814436642851026,0.10842886288402644,"[0.13573766, 0.11740721, 0.15814437, 0.12956184, 0.10842886]"
LightGBM_regularized+RandomForest+GradientBoosting+SVR_RBF,0.12985599191982938,0.017023506888229303,0.12956169185358793,0.15814436902025675,0.1084290519743977,"[0.13573765, 0.1174072, 0.15814437, 0.12956169, 0.10842905]"
LightGBM_regularized+GradientBoosting+Ridge+Ridge_log_skew,0.13015571724318958,0.026898918387726477,0.11755815994350638,0.1812442606233069,0.10670801035701474,"[0.13227971, 0.11298845, 0.18124426, 0.11755816, 0.10670801]"
Ridge+Ridge_log_skew+SVR_RBF+Baseline_ensemble,0.1301846437084268,0.023777373920005857,0.12808073826974956,0.17299084579873758,0.10476416963620018,"[0.13319861, 0.11188886, 0.17299085, 0.12808074, 0.10476417]"
XGBoost_regularized+GradientBoosting+Ridge+Ridge_log_skew,0.130204669292841,0.026374621394923536,0.11740161040350867,0.18025595301203032,0.10748556976080849,"[0.13261866, 0.11326155, 0.18025595, 0.11740161, 0.10748557]"
LightGBM_regularized+Ridge+SVR_RBF+Baseline_ensemble,0.1302347595298169,0.02400449081756783,0.1274684578390501,0.1735119050319942,0.104313583568204,"[0.13347979, 0.11240006, 0.17351191, 0.12746846, 0.10431358]"
ExtraTrees+GradientBoosting+SVR_RBF,0.13029657114307597,0.01617237057252066,0.13021576622419445,0.15628186438472969,0.10940070039105844,"[0.1373658, 0.11821872, 0.15628186, 0.13021577, 0.1094007]"
ExtraTrees+RandomForest+GradientBoosting+SVR_RBF,0.13029660603753024,0.016172422240356428,0.1302157163837496,0.15628206696999397,0.10940070017489438,"[0.13736576, 0.11821879, 0.15628207, 0.13021572, 0.1094007]"
XGBoost_regularized+ExtraTrees+Ridge+Ridge_log_skew,0.13030926113332286,0.025764117698663602,0.11899839862043461,0.17828114013552657,0.10518481430095475,"[0.1343371, 0.11474486, 0.17828114, 0.1189984, 0.10518481]"
XGBoost_regularized+LightGBM_regularized+Ridge+Ridge_log_skew,0.13036501221545038,0.02618202437274024,0.11844120493731373,0.17985430905650884,0.10685872263906922,"[0.13294655, 0.11372427, 0.17985431, 0.1184412, 0.10685872]"
LightGBM_regularized+RandomForest,0.13037346644286796,0.017735800677799504,0.12486448384961371,0.16115464531035376,0.10981071364088217,"[0.13699223, 0.11904526, 0.16115465, 0.12486448, 0.10981071]"
XGBoost_regularized+ExtraTrees+ElasticNet+SVR_RBF,0.13038801996184843,0.025011432021698844,0.12525218210801795,0.17576670392627874,0.1021598748850457,"[0.13368798, 0.11507336, 0.1757667, 0.12525218, 0.10215987]"
XGBoost_regularized+Ridge+Ridge_log_skew,0.13045611515778482,0.02612681275594538,0.1183838856746516,0.1798530515948847,0.10711081213838788,"[0.13307216, 0.11386067, 0.17985305, 0.11838389, 0.10711081]"
LightGBM_regularized,0.13047769586716124,0.017580437630702796,0.12489956008896703,0.16122477842865737,0.11025507693314732,"[0.13659734, 0.11941172, 0.16122478, 0.12489956, 0.11025508]"
XGBoost_regularized+RandomForest+Ridge+Ridge_log_skew,0.13053032135780696,0.026296533831321377,0.11856882375704228,0.18022512866018037,0.10696130411377643,"[0.13317121, 0.11372514, 0.18022513, 0.11856882, 0.1069613]"
GradientBoosting+SVR_RBF,0.13059712423823416,0.01570535758983064,0.13108942040754173,0.15618881515733438,0.11065507249631501,"[0.13651413, 0.11853819, 0.15618882, 0.13108942, 0.11065507]"
XGBoost_regularized+ExtraTrees+Ridge_log_skew+SVR_RBF,0.13063339054328243,0.02187702581204051,0.1270333657701258,0.16933056604848415,0.10520069124041193,"[0.13552399, 0.11607834, 0.16933057, 0.12703337, 0.10520069]"
LightGBM_regularized+ExtraTrees+RandomForest+SVR_RBF,0.1306385568689586,0.01703269224759654,0.1318615387144532,0.15650241434022402,0.10591408185405973,"[0.13856886, 0.12034589, 0.15650241, 0.13186154, 0.10591408]"
LightGBM_regularized+ExtraTrees+SVR_RBF,0.13063863061534742,0.017032547055639852,0.13186228395288135,0.156502012571544,0.10591421030082233,"[0.13856881, 0.12034583, 0.15650201, 0.13186228, 0.10591421]"
RandomForest+GradientBoosting+SVR_RBF,0.13063978067867352,0.015765472696214422,0.1310892966306731,0.1563644534908073,0.1106550798254823,"[0.13655189, 0.11853819, 0.15636445, 0.1310893, 0.11065508]"
XGBoost_regularized+GradientBoosting+ElasticNet+SVR_RBF,0.13077955977921166,0.025455012335087013,0.1251348607274438,0.1778675204214685,0.10396448703234362,"[0.13253766, 0.11439327, 0.17786752, 0.12513486, 0.10396449]"
LightGBM_regularized+RandomForest+Ridge+Ridge_log_skew,0.13080429989574313,0.02750687515153826,0.11927758442961221,0.18281278319489408,0.10549414633234747,"[0.1329576, 0.11347938, 0.18281278, 0.11927758, 0.10549415]"
LightGBM_regularized+Ridge+Ridge_log_skew,0.1308111309574451,0.027387984589444858,0.11918766121334017,0.18274174753041894,0.10581336505578287,"[0.13255159, 0.11376129, 0.18274175, 0.11918766, 0.10581337]"
XGBoost_regularized+GradientBoosting+Ridge_log_skew+SVR_RBF,0.13082825645112228,0.022040906515757464,0.12699385491918863,0.17063900319620348,0.10677124155367745,"[0.13434579, 0.1153914, 0.170639, 0.12699385, 0.10677124]"
XGBoost_regularized+LightGBM_regularized+ElasticNet+SVR_RBF,0.13090367518010582,0.025362441198779395,0.1258208741047677,0.17745279939296357,0.10311452847540081,"[0.13294884, 0.11518134, 0.1774528, 0.12582087, 0.10311453]"
XGBoost_regularized+ElasticNet+SVR_RBF,0.13093490015980774,0.025368946062697132,0.12584887765727495,0.17748841744160726,0.10311440483961958,"[0.1329917, 0.11523111, 0.17748842, 0.12584888, 0.1031144]"
XGBoost_regularized+Ridge+ElasticNet+SVR_RBF,0.13093506147611647,0.02536895673944363,0.1258490945564591,0.17748859682421253,0.10311451082644811,"[0.1329918, 0.11523131, 0.1774886, 0.12584909, 0.10311451]"
RandomForest+Ridge+SVR_RBF+Baseline_ensemble,0.13095512788089042,0.024266901976637136,0.12833745637217753,0.17483782046724908,0.10526677149251475,"[0.13390602, 0.11242757, 0.17483782, 0.12833746, 0.10526677]"
LightGBM_regularized+ExtraTrees+Ridge+Ridge_log_skew,0.13098962126353472,0.027143599223414607,0.11988652799983666,0.18161182748351656,0.10387537325428034,"[0.13442736, 0.11514702, 0.18161183, 0.11988653, 0.10387537]"
LightGBM_regularized+GradientBoosting+ElasticNet+SVR_RBF,0.13101251825444865,0.02575147171431374,0.12581751487802062,0.17866589562933627,0.1036948665297973,"[0.13230173, 0.11458258, 0.1786659, 0.12581751, 0.10369487]"
XGBoost_regularized+Ridge_log_skew+ElasticNet+SVR_RBF,0.13102056456089728,0.02552618948253996,0.1258487267812334,0.17791668255786275,0.10311449002727918,"[0.13299171, 0.11523122, 0.17791668, 0.12584873, 0.10311449]"
Ridge+SVR_RBF+Baseline_ensemble,0.13104831725117583,0.024098879073978726,0.12862122810970988,0.17464774838772337,0.10560267553072228,"[0.1338112, 0.11255874, 0.17464775, 0.12862123, 0.10560268]"
XGBoost_regularized+RandomForest+ElasticNet+SVR_RBF,0.13105650630577184,0.02560753192120566,0.1257989930134491,0.17813190269364074,0.10311448156031164,"[0.13300586, 0.11523129, 0.1781319, 0.12579899, 0.10311448]"
XGBoost_regularized+LightGBM_regularized+Ridge_log_skew+SVR_RBF,0.1311079595383415,0.02218038452615961,0.12763745954133596,0.17093077532509773,0.10617679493553185,"[0.13475585, 0.11603891, 0.17093078, 0.12763746, 0.10617679]"
XGBoost_regularized+Ridge_log_skew+SVR_RBF,0.13112603334032247,0.02216546963188944,0.12765975437381266,0.1709061439348031,0.10617679987456634,"[0.13479859, 0.11608888, 0.17090614, 0.12765975, 0.1061768]"
XGBoost_regularized+RandomForest+Ridge_log_skew+SVR_RBF,0.1311437492371454,0.022190711203458457,0.12764527804987788,0.17097142737818344,0.10617681463601218,"[0.13483696, 0.11608827, 0.17097143, 0.12764528, 0.10617681]"
LightGBM_regularized+ExtraTrees+ElasticNet+SVR_RBF,0.13115836958492513,0.026042418747461816,0.12673997054624445,0.17831466567020632,0.10093975159382025,"[0.13373808, 0.11605938, 0.17831467, 0.12673997, 0.10093975]"
LightGBM_regularized+SVR_RBF,0.1312012523325328,0.016648574499261184,0.13317100998560977,0.1570199467201204,0.10746110551014586,"[0.13765063, 0.12070357, 0.15701995, 0.13317101, 0.10746111]"
ExtraTrees+Ridge+SVR_RBF+Baseline_ensemble,0.13120727020027897,0.02403471214945622,0.12860835935415954,0.17464775998041202,0.10560278834722567,"[0.13414411, 0.11303333, 0.17464776, 0.12860836, 0.10560279]"
LightGBM_regularized+RandomForest+SVR_RBF,0.13123646402036845,0.016826833286228436,0.1330592469909607,0.15735047663244145,0.10731021425594038,"[0.13788971, 0.12057268, 0.15735048, 0.13305925, 0.10731021]"
LightGBM_regularized+GradientBoosting+Ridge_log_skew+SVR_RBF,0.13124709833971057,0.022414212281468664,0.127853454867907,0.17180002994963486,0.1067141602217695,"[0.13427068, 0.11559717, 0.17180003, 0.12785345, 0.10671416]"
RandomForest+ElasticNet,0.13127195694820387,0.030237969731751493,0.12063102053421508,0.18845882890890875,0.10263714413339135,"[0.13250829, 0.1121245, 0.18845883, 0.12063102, 0.10263714]"
RandomForest+Ridge+Ridge_log_skew+ElasticNet,0.13131689818969644,0.03000070010728865,0.12008293331362657,0.18806986273737944,0.10398581742521204,"[0.13319383, 0.11125205, 0.18806986, 0.12008293, 0.10398582]"
RandomForest+Ridge_log_skew+ElasticNet,0.1313172434222759,0.030000499729098653,0.12008299380975579,0.18807004768293425,0.10398733320598834,"[0.13319387, 0.11125197, 0.18807005, 0.12008299, 0.10398733]"
RandomForest+GradientBoosting+Ridge+Ridge_log_skew,0.13139167175120284,0.027896932878467492,0.11790290240860306,0.18470328082859325,0.10865051165346916,"[0.13295201, 0.11274966, 0.18470328, 0.1179029, 0.10865051]"
GradientBoosting+Ridge+Ridge_log_skew,0.1314040133971594,0.02799054902939251,0.11707091878826079,0.1850435571897728,0.10906517426619106,"[0.13271159, 0.11312883, 0.18504356, 0.11707092, 0.10906517]"
ExtraTrees+GradientBoosting+Ridge+Ridge_log_skew,0.13160364723982612,0.027628862916630293,0.11887901101214991,0.18374719232638015,0.10658649057534908,"[0.13456007, 0.11424548, 0.18374719, 0.11887901, 0.10658649]"
LightGBM_regularized+ExtraTrees+Ridge_log_skew+SVR_RBF,0.13162068550233055,0.02306931672924287,0.12869941524783646,0.1724337609608969,0.10416368532797118,"[0.13584777, 0.1169588, 0.17243376, 0.12869942, 0.10416369]"
LightGBM_regularized+RandomForest+ElasticNet+SVR_RBF,0.13162304682699327,0.0265741888766358,0.1272377607755752,0.1803333586102073,0.10176814691948013,"[0.1328439, 0.11593207, 0.18033336, 0.12723776, 0.10176815]"
RandomForest+Ridge+ElasticNet,0.13162689480316245,0.03091014042424564,0.12063101147687516,0.19023359117733143,0.10263710202626568,"[0.1325083, 0.11212447, 0.19023359, 0.12063101, 0.1026371]"
LightGBM_regularized+ElasticNet+SVR_RBF,0.13164711216147665,0.02637501591165776,0.1274071698400588,0.18003046564733804,0.10201599040323055,"[0.13263641, 0.11614552, 0.18003047, 0.12740717, 0.10201599]"
LightGBM_regularized+Ridge+ElasticNet+SVR_RBF,0.1316471507436074,0.026375017993195665,0.12740703098458359,0.18003052558470956,0.1020160310820821,"[0.13263651, 0.11614566, 0.18003053, 0.12740703, 0.10201603]"
LightGBM_regularized+GradientBoosting+Ridge,0.13171780347977485,0.02696478827474231,0.11920181238406996,0.18304785964578185,0.10824512262379042,"[0.1334127, 0.11468152, 0.18304786, 0.11920181, 0.10824512]"
LightGBM_regularized+RandomForest+GradientBoosting+Ridge,0.13171796177664014,0.026964642118714292,0.11920210087261993,0.18304777887745793,0.10824564197513767,"[0.13341277, 0.11468151, 0.18304778, 0.1192021, 0.10824564]"
RandomForest+Ridge_log_skew,0.13172617853513094,0.02668336729978122,0.12188585970616858,0.18160910112189355,0.10756257899515924,"[0.13529584, 0.11227751, 0.1816091, 0.12188586, 0.10756258]"
LightGBM_regularized+Ridge_log_skew+ElasticNet+SVR_RBF,0.1317413498948615,0.026516623250613557,0.12740640618627497,0.18042342088532168,0.10202981433831994,"[0.13270139, 0.11614572, 0.18042342, 0.12740641, 0.10202981]"
ExtraTrees+GradientBoosting+ElasticNet+SVR_RBF,0.13179977746788515,0.02600651612358952,0.1261835026121144,0.17986613598812123,0.1042453416596638,"[0.13356037, 0.11514353, 0.17986614, 0.1261835, 0.10424534]"
XGBoost_regularized+LightGBM_regularized+GradientBoosting+Ridge,0.13183969709869953,0.026336752199212003,0.11916736166082256,0.1819571714823642,0.10944286156435513,"[0.13382684, 0.11480425, 0.18195717, 0.11916736, 0.10944286]"
XGBoost_regularized+GradientBoosting+Ridge,0.1318456093757651,0.026353412667420577,0.11906557521951865,0.1819889051292795,0.10944283855984377,"[0.13387957, 0.11485116, 0.18198891, 0.11906558, 0.10944284]"
XGBoost_regularized+RandomForest+GradientBoosting+Ridge,0.13186213823012316,0.026376186231052288,0.11908353808911822,0.18205336007610112,0.10944291581542209,"[0.13387969, 0.11485118, 0.18205336, 0.11908354, 0.10944292]"
ExtraTrees+RandomForest+ElasticNet,0.13191253226452845,0.029609239909690614,0.12205241802034195,0.1868826021289024,0.10043685132046483,"[0.13460696, 0.11558383, 0.1868826, 0.12205242, 0.10043685]"
LightGBM_regularized+RandomForest+Ridge_log_skew+SVR_RBF,0.13193156097722328,0.02324189626482317,0.12929995930076865,0.1735570241087888,0.10506069507700214,"[0.13497493, 0.11676519, 0.17355702, 0.12929996, 0.1050607]"
LightGBM_regularized+Ridge_log_skew+SVR_RBF,0.1319763520220075,0.023248764117148234,0.12939181557954138,0.17370982631844167,0.10518537255821925,"[0.13474294, 0.11685181, 0.17370983, 0.12939182, 0.10518537]"
XGBoost_regularized+ExtraTrees+GradientBoosting+Ridge,0.1320515489705857,0.02630042430583822,0.11990158453769359,0.18155118387980831,0.10786457644475567,"[0.13519358, 0.11574682, 0.18155118, 0.11990158, 0.10786458]"
XGBoost_regularized+ExtraTrees+Ridge,0.13205919652395592,0.026091694144964747,0.12079493267228136,0.1807058682402927,0.10646263467166853,"[0.13580638, 0.11652617, 0.18070587, 0.12079493, 0.10646263]"
LightGBM_regularized+ExtraTrees+GradientBoosting+Ridge,0.13212172789140858,0.02702578281293484,0.11996699326208322,0.1830464407750536,0.10698771664801925,"[0.1349529, 0.11565459, 0.18304644, 0.11996699, 0.10698772]"
ExtraTrees+RandomForest+Ridge_log_skew+ElasticNet,0.1321404189319439,0.02958407317589086,0.12154816382267455,0.18726663609738622,0.10175348858727679,"[0.13510574, 0.11502807, 0.18726664, 0.12154816, 0.10175349]"
XGBoost_regularized+LightGBM_regularized+ExtraTrees+Ridge,0.132170127523002,0.02630065052638586,0.12079170836677416,0.18126470094758962,0.10646176285224443,"[0.13580631, 0.11652616, 0.1812647, 0.12079171, 0.10646176]"
XGBoost_regularized+LightGBM_regularized+Ridge,0.13221014034957906,0.026541759753073196,0.12045187396576712,0.18244227000869517,0.10814853501214892,"[0.13443757, 0.11557046, 0.18244227, 0.12045187, 0.10814854]"
RandomForest+GradientBoosting+ElasticNet+SVR_RBF,0.13223688154807328,0.026344742016237207,0.12668679125850707,0.1814097492565913,0.10514073377413533,"[0.13265362, 0.11529351, 0.18140975, 0.12668679, 0.10514073]"
ExtraTrees+RandomForest+Ridge+ElasticNet,0.13225193534688467,0.030240397641844323,0.12205240920691664,0.18857946880774742,0.10043681344178529,"[0.13460747, 0.11558351, 0.18857947, 0.12205241, 0.10043681]"
ExtraTrees+GradientBoosting+Ridge_log_skew+SVR_RBF,0.13225258735611342,0.022792282869607022,0.12831869707866697,0.17349033551348778,0.1074879886831298,"[0.13571722, 0.1162487, 0.17349034, 0.1283187, 0.10748799]"
XGBoost_regularized+LightGBM_regularized+RandomForest+Ridge,0.13228050709609676,0.026641182908156022,0.12052605405016176,0.18269180496510642,0.10810704259427723,"[0.13452714, 0.1155505, 0.1826918, 0.12052605, 0.10810704]"
GradientBoosting+ElasticNet+SVR_RBF,0.1322956113517469,0.026456935241259527,0.12673415121855947,0.18171571841472725,0.10514038409476363,"[0.13259439, 0.11529342, 0.18171572, 0.12673415, 0.10514038]"
GradientBoosting+Ridge+ElasticNet+SVR_RBF,0.13229565226562995,0.026456989947437875,0.12673425463621643,0.18171573657802143,0.1051403818696366,"[0.13259487, 0.11529302, 0.18171574, 0.12673425, 0.10514038]"
GradientBoosting+Ridge_log_skew+ElasticNet+SVR_RBF,0.13232746435274198,0.026517012347343234,0.12673284686686384,0.18187618824012655,0.10514008194798306,"[0.13259479, 0.11529342, 0.18187619, 0.12673285, 0.10514008]"
XGBoost_regularized+Ridge,0.13235485181898188,0.026504828595104456,0.12043546647394661,0.182540040225328,0.10847415080387515,"[0.13460029, 0.11572431, 0.18254004, 0.12043547, 0.10847415]"
XGBoost_regularized+ExtraTrees+RandomForest+Ridge,0.13237526243907846,0.026682562614105128,0.12079463296456071,0.18228729363499058,0.10646174174473105,"[0.13580638, 0.11652626, 0.18228729, 0.12079463, 0.10646174]"
XGBoost_regularized+RandomForest+Ridge,0.13238751245043756,0.026647660162508264,0.12057037653123757,0.18282127557663022,0.1083174512104486,"[0.13465652, 0.11557194, 0.18282128, 0.12057038, 0.10831745]"
ExtraTrees+RandomForest+Ridge_log_skew,0.13244264311806395,0.026125044276195653,0.12313145614411088,0.180408190634153,0.10525753170461424,"[0.13720553, 0.1162105, 0.18040819, 0.12313146, 0.10525753]"
ExtraTrees+ElasticNet,0.13260326490159408,0.02914474682150362,0.12431797325563229,0.1858159524106309,0.09905444352820285,"[0.1357623, 0.11806565, 0.18581595, 0.12431797, 0.09905444]"
LightGBM_regularized+RandomForest+Ridge,0.1326068640759913,0.028219957027306997,0.12123205132774932,0.1859823105943554,0.10593083118713448,"[0.13428461, 0.11560452, 0.18598231, 0.12123205, 0.10593083]"
RandomForest+GradientBoosting+Ridge_log_skew+SVR_RBF,0.13267171168648462,0.023017569195021483,0.1289348955516549,0.1748214263577314,0.10844320919519916,"[0.13482238, 0.11633664, 0.17482143, 0.1289349, 0.10844321]"
LightGBM_regularized+Ridge,0.1326783068831332,0.028132914177131357,0.12119241549093025,0.186056096606229,0.10632828954898903,"[0.1338821, 0.11593263, 0.1860561, 0.12119242, 0.10632829]"
GradientBoosting+Ridge_log_skew+SVR_RBF,0.13273223981206084,0.023143944637164977,0.12895639398808031,0.17517153590926324,0.10844335440209533,"[0.13475354, 0.11633637, 0.17517154, 0.12895639, 0.10844335]"
ExtraTrees+Ridge_log_skew+ElasticNet,0.13275146976516425,0.02926297854534125,0.12334517166557717,0.1865815695303033,0.1005409649851339,"[0.13621959, 0.11707005, 0.18658157, 0.12334517, 0.10054096]"
ExtraTrees+Ridge+Ridge_log_skew+ElasticNet,0.13275169388379468,0.02926328124037746,0.123345161472117,0.1865823439205827,0.10054086021969923,"[0.13621993, 0.11707018, 0.18658234, 0.12334516, 0.10054086]"
LightGBM_regularized+ExtraTrees+Ridge,0.13278096788272936,0.027844886914457658,0.12175889474757451,0.18467301531489683,0.10427087969812061,"[0.13590719, 0.11729486, 0.18467302, 0.12175889, 0.10427088]"
XGBoost_regularized+Ridge+Ridge_log_skew+SVR_RBF,0.1329153476090653,0.025426027262602884,0.12765972398289302,0.1798530259551102,0.10617680731016234,"[0.13479889, 0.11608829, 0.17985303, 0.12765972, 0.10617681]"
ExtraTrees+Ridge_log_skew,0.1329344533921775,0.026102055556462937,0.1246431102431893,0.18019257349417264,0.10368503690962928,"[0.13811988, 0.11803166, 0.18019257, 0.12464311, 0.10368504]"
LightGBM_regularized+ExtraTrees+RandomForest+Ridge,0.13304287975825022,0.028333575033153906,0.12175902430773083,0.18598252553269817,0.10427092789739097,"[0.13590698, 0.11729494, 0.18598253, 0.12175902, 0.10427093]"
RandomForest+GradientBoosting+Ridge,0.13307978725327,0.02800698938761155,0.11957793291015974,0.18677457711002032,0.11036751598466829,"[0.13403205, 0.11464686, 0.18677458, 0.11957793, 0.11036752]"
GradientBoosting+Ridge,0.13310261003141813,0.028099535915921556,0.11888265064493153,0.18709475069815948,0.11071242221065267,"[0.1338502, 0.11497303, 0.18709475, 0.11888265, 0.11071242]"
ExtraTrees+Ridge+ElasticNet,0.13317032791910152,0.03018354331781095,0.12431810587723173,0.18865101904096537,0.09905444675612278,"[0.13576239, 0.11806568, 0.18865102, 0.12431811, 0.09905445]"
ExtraTrees+GradientBoosting+Ridge,0.13322808249859827,0.027751403567527567,0.12048320239734324,0.18572718389677023,0.10820238597682921,"[0.13579771, 0.11592993, 0.18572718, 0.1204832, 0.10820239]"
ExtraTrees+RandomForest+GradientBoosting+Ridge,0.1333706800887514,0.028021890067714657,0.12048257688230464,0.186441288726218,0.10820194780257322,"[0.13579775, 0.11592983, 0.18644129, 0.12048258, 0.10820195]"
LightGBM_regularized+Ridge+Ridge_log_skew+SVR_RBF,0.1337824526833251,0.02653939079836834,0.12939175704123548,0.18274172827862037,0.10518532243312309,"[0.1347429, 0.11685056, 0.18274173, 0.12939176, 0.10518532]"
RandomForest+Ridge+Ridge_log_skew,0.1337932835766542,0.030583074518298208,0.12188586085352601,0.19194475010531434,0.10756245449679362,"[0.13529584, 0.11227751, 0.19194475, 0.12188586, 0.10756245]"
XGBoost_regularized+ExtraTrees+Ridge+SVR_RBF,0.13380160138232608,0.025631235263444328,0.12828196285622337,0.18070560485365408,0.10593391369662078,"[0.13669704, 0.11738948, 0.1807056, 0.12828196, 0.10593391]"
XGBoost_regularized+GradientBoosting+Ridge+SVR_RBF,0.1339890490403115,0.025758341885791076,0.12811560196959365,0.18198890880418148,0.1081155293722471,"[0.13528225, 0.11644295, 0.18198891, 0.1281156, 0.10811553]"
XGBoost_regularized+LightGBM_regularized+Ridge+SVR_RBF,0.13434209370274536,0.026005887405372127,0.12899487017263825,0.18244226127281726,0.10696017756309094,"[0.13591424, 0.11739892, 0.18244226, 0.12899487, 0.10696018]"
XGBoost_regularized+Ridge+SVR_RBF,0.13438615884437383,0.02603466065019757,0.12901674077419845,0.18254004686891773,0.10696035965472489,"[0.13596078, 0.11745287, 0.18254005, 0.12901674, 0.10696036]"
LightGBM_regularized+GradientBoosting+Ridge+SVR_RBF,0.13438706521020402,0.026114277024162198,0.1290860870625355,0.18304793403057146,0.10787683987579223,"[0.13515596, 0.11676851, 0.18304793, 0.12908609, 0.10787684]"
XGBoost_regularized+RandomForest+Ridge+SVR_RBF,0.13444492727294569,0.026139451789354434,0.12900397182820997,0.1828208253537403,0.10696002712189229,"[0.13598682, 0.11745299, 0.18282083, 0.12900397, 0.10696003]"
ExtraTrees+RandomForest+ElasticNet+SVR_RBF,0.13454018006494584,0.02856938836257098,0.12990215441777003,0.1868823757424745,0.10198955179135148,"[0.13549203, 0.11843479, 0.18688238, 0.12990215, 0.10198955]"
ExtraTrees+RandomForest+Ridge+Ridge_log_skew,0.13469047159721054,0.03030455529869236,0.1231313293486784,0.1916472530318837,0.10525732106890218,"[0.13720582, 0.11621064, 0.19164725, 0.12313133, 0.10525732]"
GradientBoosting+Ridge+Ridge_log_skew+SVR_RBF,0.1347066047144318,0.026810617943675775,0.1289567620545725,0.1850430322154443,0.10844322124014762,"[0.13475354, 0.11633646, 0.18504303, 0.12895676, 0.10844322]"
ExtraTrees+RandomForest+SVR_RBF,0.1347697302412895,0.013644785878240313,0.1402417816824387,0.14936299487082386,0.11190285884699856,"[0.14514759, 0.12719343, 0.14936299, 0.14024178, 0.11190286]"
RandomForest+ElasticNet+SVR_RBF,0.13484620866620523,0.028959426632553367,0.13046161577330168,0.18845903403789913,0.10299363751076203,"[0.13434798, 0.11796878, 0.18845903, 0.13046162, 0.10299364]"
RandomForest+Ridge_log_skew+ElasticNet+SVR_RBF,0.13486404270510163,0.028761753946070428,0.13040890184015705,0.18807004103646527,0.10324288244184324,"[0.13463151, 0.11796688, 0.18807004, 0.1304089, 0.10324288]"
ExtraTrees+Ridge+Ridge_log_skew,0.13493463371366604,0.02977198136048542,0.12464307876725153,0.1901934984195523,0.10368500107723896,"[0.13811993, 0.11803166, 0.1901935, 0.12464308, 0.103685]"
LightGBM_regularized+ExtraTrees+Ridge+SVR_RBF,0.13493977525173895,0.027278765306736577,0.13022417849940815,0.18467253608333792,0.10401137967235624,"[0.13709481, 0.11869598, 0.18467254, 0.13022418, 0.10401138]"
ExtraTrees+ElasticNet+SVR_RBF,0.13500732579782082,0.02792374515091955,0.13113478474386603,0.18560688529113795,0.10188476964382037,"[0.13638193, 0.12002826, 0.18560689, 0.13113478, 0.10188477]"
ExtraTrees+SVR_RBF,0.13516363345562796,0.013062674074235673,0.14254189742733803,0.147028832164222,0.11181641081291714,"[0.14702883, 0.12998944, 0.14444159, 0.1425419, 0.11181641]"
RandomForest+Ridge+ElasticNet+SVR_RBF,0.13520127550877148,0.02961788307923943,0.13046167469657052,0.19023418460082273,0.10299377927326922,"[0.13434797, 0.11796877, 0.19023418, 0.13046167, 0.10299378]"
ExtraTrees+Ridge_log_skew+ElasticNet+SVR_RBF,0.13525842899994775,0.02823713880815874,0.13102857373502905,0.18658177000424667,0.10212459290531888,"[0.13662774, 0.11992947, 0.18658177, 0.13102857, 0.10212459]"
ExtraTrees+RandomForest+Ridge_log_skew+SVR_RBF,0.1352857662331509,0.025095939508156914,0.13211370999599434,0.18040756566455582,0.1063386778174394,"[0.13828506, 0.11928381, 0.18040757, 0.13211371, 0.10633868]"
LightGBM_regularized+RandomForest+Ridge+SVR_RBF,0.13530088243601587,0.02754076355920956,0.13092941392190666,0.1859820034970453,0.10490411457272716,"[0.13612536, 0.11856352, 0.185982, 0.13092941, 0.10490411]"
LightGBM_regularized+Ridge+SVR_RBF,0.1353435723486019,0.02751781989446461,0.1310389574499327,0.1860560379472529,0.1050468656885352,"[0.13589594, 0.11868006, 0.18605604, 0.13103896, 0.10504687]"
RandomForest+Ridge_log_skew+SVR_RBF,0.13554366724213915,0.025325939624870657,0.13283414118781167,0.1816090827103389,0.10751433020756947,"[0.13722268, 0.1185381, 0.18160908, 0.13283414, 0.10751433]"
ExtraTrees+GradientBoosting+Ridge+SVR_RBF,0.13561667167836927,0.02684767559655113,0.12956164071886392,0.18572639903661364,0.10868978394123766,"[0.13666011, 0.11744543, 0.1857264, 0.12956164, 0.10868978]"
ExtraTrees+Ridge+ElasticNet+SVR_RBF,0.13561678970314908,0.029032459096803645,0.13113479482337112,0.18865377330771757,0.10188519138590761,"[0.13638193, 0.12002826, 0.18865377, 0.13113479, 0.10188519]"
ExtraTrees+Ridge_log_skew+SVR_RBF,0.1357459009480499,0.024960109518211485,0.13304216380090544,0.18019277425657135,0.10591053071005303,"[0.1390428, 0.12054124, 0.18019277, 0.13304216, 0.10591053]"
RandomForest+GradientBoosting+Ridge+SVR_RBF,0.1359906725984112,0.0269906909994189,0.13023522108412794,0.18677362788199356,0.10969848950467741,"[0.13566923, 0.11757679, 0.18677363, 0.13023522, 0.10969849]"
GradientBoosting+Ridge+SVR_RBF,0.13604732077866438,0.027111359856891778,0.1302411218559436,0.187094747932421,0.10969850460876597,"[0.13562485, 0.11757738, 0.18709475, 0.13024112, 0.1096985]"
RandomForest+SVR_RBF,0.13605072006467536,0.012936772297152118,0.14271633083668622,0.15009145009659422,0.11457786590784125,"[0.14461477, 0.12825319, 0.15009145, 0.14271633, 0.11457787]"
RandomForest+Ridge,0.13619117544690795,0.03241294793419742,0.12455654167703885,0.19774071053683015,0.10654169162818905,"[0.13712306, 0.11499387, 0.19774071, 0.12455654, 0.10654169]"
Ridge_log_skew,0.13638969065213052,0.03177331203194628,0.12241857284124635,0.19782322053996085,0.11078024845960295,"[0.13505034, 0.11587607, 0.19782322, 0.12241857, 0.11078025]"
Ridge_log_skew+ElasticNet,0.13670711598209867,0.03472643364748714,0.12145943002189465,0.20422706318293624,0.10920194280660074,"[0.13367643, 0.11497071, 0.20422706, 0.12145943, 0.10920194]"
Ridge+Ridge_log_skew+ElasticNet,0.1367073232205091,0.034726610180365,0.12145944694171451,0.2042275772207164,0.10920191280221103,"[0.1336768, 0.11497087, 0.20422758, 0.12145945, 0.10920191]"
ExtraTrees+RandomForest+Ridge,0.13723248178737868,0.03204242822654221,0.1258823976909232,0.1972218156702714,0.10461040001046262,"[0.13955749, 0.1188903, 0.19722182, 0.1258824, 0.1046104]"
RandomForest+Ridge+Ridge_log_skew+SVR_RBF,0.137611032009359,0.02913649116638545,0.13283457865016057,0.19194475081464468,0.10751448401058097,"[0.13722268, 0.11853867, 0.19194475, 0.13283458, 0.10751448]"
ExtraTrees+Ridge+Ridge_log_skew+SVR_RBF,0.13774609252208744,0.028579901134520903,0.1330422698020213,0.1901936058859832,0.10591061114222053,"[0.13904274, 0.12054124, 0.19019361, 0.13304227, 0.10591061]"
ExtraTrees+RandomForest,0.13785225074324586,0.015666232965412783,0.135974807536883,0.1613750152588502,0.11608168893187806,"[0.14782305, 0.1280067, 0.16137502, 0.13597481, 0.11608169]"
ExtraTrees+Ridge,0.1380075493138339,0.03204746948372759,0.12808857470960114,0.1970903580457846,0.10247574743099634,"[0.14095401, 0.12142905, 0.19709036, 0.12808857, 0.10247575]"
Ridge+Ridge_log_skew,0.13853354979001717,0.035935185464070436,0.12241857284124634,0.20854251622939413,0.11078024845960295,"[0.13505034, 0.11587607, 0.20854252, 0.12241857, 0.11078025]"
ElasticNet+SVR_RBF,0.13929093214589675,0.026917513396966797,0.1348590459885898,0.18939679218631902,0.10914701819149836,"[0.13485905, 0.1259011, 0.18939679, 0.13715071, 0.10914702]"
ExtraTrees,0.13948047958482734,0.015067974286294748,0.1405888046412424,0.15832460340600432,0.1149287674658214,"[0.15087755, 0.13268268, 0.1583246, 0.1405888, 0.11492877]"
ExtraTrees+RandomForest+Ridge+SVR_RBF,0.13983543330669163,0.031048929064533833,0.1343482764781811,0.19722191436721753,0.10554746278900926,"[0.14014343, 0.12191608, 0.19722191, 0.13434828, 0.10554746]"
RandomForest+Ridge+SVR_RBF,0.13997138912251988,0.031039465478247,0.13516603628979357,0.19774184681976015,0.10659035784490198,"[0.13885874, 0.12149996, 0.19774185, 0.13516604, 0.10659036]"
ExtraTrees+Ridge+SVR_RBF,0.14050345813348247,0.030895460711165397,0.13560880448017756,0.1970903589965416,0.10498677271668747,"[0.1412007, 0.12363066, 0.19709036, 0.1356088, 0.10498677]"
Ridge_log_skew+ElasticNet+SVR_RBF,0.14054789769116133,0.03074083006301037,0.135782762772012,0.1985503075624489,0.10815600620698552,"[0.13578276, 0.12414576, 0.19855031, 0.13610465, 0.10815601]"
Ridge+Ridge_log_skew+ElasticNet+SVR_RBF,0.1405484555965617,0.030740058434703624,0.13578244359166622,0.19855004890411745,0.10815915862978145,"[0.13578244, 0.12414594, 0.19855005, 0.13610469, 0.10815916]"
ElasticNet,0.141025272621697,0.03737478782590981,0.1262579127880635,0.21486518691249415,0.1146638044070557,"[0.13115168, 0.11818778, 0.21486519, 0.12625791, 0.1146638]"
Ridge+ElasticNet,0.14140890770904735,0.039389561013487055,0.12472825824014756,0.21917692108948633,0.11396349118225056,"[0.13208588, 0.11708999, 0.21917692, 0.12472826, 0.11396349]"
Ridge_log_skew+SVR_RBF,0.1415258189429833,0.02844139029879311,0.1381617248223294,0.194909598645446,0.1117959836739724,"[0.13816172, 0.1245356, 0.1949096, 0.13822619, 0.11179598]"
Ridge,0.1418708897861613,0.042280488767571386,0.12553947033949667,0.2237701525801516,0.1044822385584192,"[0.13697503, 0.11858756, 0.22377015, 0.12553947, 0.10448224]"
RandomForest,0.14188272233121887,0.015965227313671483,0.1394174450947998,0.16885785772629416,0.1239773010114688,"[0.14853775, 0.12862326, 0.16885786, 0.13941745, 0.1239773]"
Ridge+ElasticNet+SVR_RBF,0.1421102398619384,0.032231612339237235,0.1348589485985464,0.2034934269503803,0.1091470174738713,"[0.13485895, 0.1259011, 0.20349343, 0.13715071, 0.10914702]"
Ridge+Ridge_log_skew+SVR_RBF,0.1440391234124932,0.03320417659051429,0.13816172431945004,0.20747607589623066,0.11179598227521884,"[0.13816172, 0.12453565, 0.20747608, 0.13822619, 0.11179598]"
Ridge+SVR_RBF,0.14740598243462805,0.03521996055751458,0.1404018545099771,0.21416563046078635,0.11052156663083784,"[0.14040185, 0.1298747, 0.21416563, 0.14206616, 0.11052157]"
SVR_RBF,0.14763940349183233,0.013364700941805151,0.15380211540379088,0.16603848654611586,0.13172102074279565,"[0.15380212, 0.15394365, 0.13269175, 0.16603849, 0.13172102]"
