source_is_test,oof_test_probability
0,0.0550771745890559
0,0.045164578299034114
0,0.062182555903219715
0,0.12143658170924673
0,0.11891702110483353
0,0.04299513341841739
0,0.044813111954378065
0,0.04204686580483073
0,0.04479462187719701
0,0.12579352094502264
0,0.11487738806754269
0,0.17491745268774694
0,0.11644258423871091
0,0.08706551639186612
0,0.08007335927259913
0,0.025174366233378802
0,0.043829542475408476
0,0.059202295144606495
0,0.07139328110615799
0,0.0889801426239651
0,0.14936931948936027
0,0.10309163383737775
0,0.04703057641507741
0,0.05241063056708711
0,0.09203040211854067
0,0.10770238369728874
0,0.035039266880184834
0,0.14220801603981034
0,0.08682740622049037
0,0.08045007790323835
0,0.11984041697714357
0,0.09359053637126924
0,0.041417122036267635
0,0.04924698646203488
0,0.05849108562164413
0,0.1995920704986882
0,0.043890212468335146
0,0.04315918835656682
0,0.07065934049630332
0,0.29909910863677447
0,0.047387602490893056
0,0.12226100610211627
0,0.058422937966423706
0,0.06955909824089625
0,0.09813873437827861
0,0.06581046367545818
0,0.04493641706914459
0,0.1632856937150974
0,0.1950298758494827
0,0.09814630009527012
0,0.04835419556880112
0,0.048065790143181665
0,0.052901553374285135
0,0.1033611251960513
0,0.06560991320434696
0,0.02486349746946501
0,0.04717792064261585
0,0.04368563155613794
0,0.15520072993774545
0,0.07131881583511308
0,0.058467750999259896
0,0.09902054963042144
0,0.04565071843690779
0,0.036125295933761015
0,0.04632129242798938
0,0.16656947483809398
0,0.038753606340395305
0,0.04335409222552526
0,0.08196490647360558
0,0.020320190669909415
0,0.054134545072752525
0,0.03131980200727733
0,0.04585217235554726
0,0.03707380715203474
0,0.15747106526003404
0,0.10957219713461502
0,0.07688272259085055
0,0.0851684254076837
0,0.2374663224666208
0,0.058117112336970665
0,0.11327677644917383
0,0.07116804537564698
0,0.12877557180332372
0,0.042443943538580595
0,0.0430503913161094
0,0.033855694601061574
0,0.06407980349123717
0,0.04452683175434643
0,0.2689637928523752
0,0.18044403086944602
0,0.060027905075194635
0,0.03620364407496221
0,0.046660965221021665
0,0.04199144032231938
0,0.05722128050221091
0,0.05625858739395175
0,0.0447368231496491
0,0.10724590437122529
0,0.10691610879495642
0,0.2385023361014379
0,0.056965110744915184
0,0.04575597559887584
0,0.07125975318528664
0,0.13542346516087228
0,0.09025737885048149
0,0.04627247713675825
0,0.07649886851802348
0,0.07764665401648217
0,0.16021971055164164
0,0.0409182091153933
0,0.06944633628855079
0,0.04172240720352341
0,0.1377038070905676
0,0.0609519711911851
0,0.05754645433432931
0,0.044553107012032356
0,0.11289141941265333
0,0.03532179016940861
0,0.13944594442105135
0,0.03477260237640678
0,0.036106797589272224
0,0.10015930870027795
0,0.0939983048155968
0,0.07269858246722298
0,0.039740185267991064
0,0.17969925021154662
0,0.04902574675659402
0,0.3365901442516332
0,0.03579937323130177
0,0.049991872482546704
0,0.038290620779393485
0,0.04709747396349884
0,0.03476970524336314
0,0.07015792247625673
0,0.045851026678031474
0,0.05181186498299072
0,0.07185363202166382
0,0.19022935578541983
0,0.13396524594345682
0,0.039690865456071006
0,0.14350989444908135
0,0.054228669713945736
0,0.05230486021350988
0,0.051091245008211036
0,0.05613221668736423
0,0.05819688416579157
0,0.058036771216948425
0,0.052033734715671597
0,0.22104764718545433
0,0.08339321038055446
0,0.040063238811000663
0,0.15422595821548368
0,0.04314901879604562
0,0.0349251426850173
0,0.05972844741792772
0,0.1758759171912489
0,0.06591650879410733
0,0.16094299534714576
0,0.0432480494530258
0,0.041752061192708856
0,0.051387443532778666
0,0.19626368907046718
0,0.03657154029662896
0,0.15818458328007837
0,0.10082999701410611
0,0.2959078562926102
0,0.07925434909323928
0,0.128719516737807
0,0.04837348166806581
0,0.050900518047649064
0,0.027970757970349567
0,0.035277234252205004
0,0.06971610528788891
0,0.04667970764395607
0,0.04368409665091882
0,0.04086091909844151
0,0.06896745756727654
0,0.059338547309602224
0,0.11889133636040547
0,0.06710911781230461
0,0.07507918546944141
0,0.07766562498207286
0,0.08283282323166347
0,0.08335611625989282
0,0.053828239862986176
0,0.04946619621310742
0,0.05618346205099158
0,0.0934501171016997
0,0.055377768050889294
0,0.04894721732859375
0,0.02701339098482885
0,0.030923377649217532
0,0.056858344108576674
0,0.05330185726883095
0,0.06064140420445573
0,0.04530708851135647
0,0.16414155480319717
0,0.034407662243049295
0,0.14248072403945813
0,0.16020909111196152
0,0.04766257999400307
0,0.07196644723410411
0,0.16562668280718557
0,0.03761950207458421
0,0.1033018333062828
0,0.037116722547441326
0,0.09021330324462226
0,0.08143127868478002
0,0.05257447737838846
0,0.052863887524118906
0,0.19412982058378206
0,0.04296196681186847
0,0.0380183212157064
0,0.0543057650832708
0,0.07627249783879887
0,0.10387993249039655
0,0.04316731432827338
0,0.08760080485663563
0,0.03354469173623141
0,0.0486179077972762
0,0.046264874942416996
0,0.039598744891107394
0,0.06329459260829172
0,0.031208536098890804
0,0.10855336049596766
0,0.10434633416303378
0,0.11459051172418624
0,0.12106682365610016
0,0.06374565456140228
0,0.0430308205369986
0,0.08319115357398234
0,0.09626654892145553
0,0.0968053840253934
0,0.09692720725839
0,0.056850270103770195
0,0.07369753881458838
0,0.043623670477753784
0,0.05142558328462367
0,0.15174275538197848
0,0.05498212598376067
0,0.04814609255694286
0,0.20937926562999618
0,0.09179909502746918
0,0.06188812409546846
0,0.059761124545941985
0,0.05612083838321639
0,0.0957287742105257
0,0.0424502191808625
0,0.04910095800649766
0,0.010517873544609457
0,0.17881909824936842
0,0.06336859486854785
0,0.05559858942983085
0,0.09836519829921767
0,0.11124141953110464
0,0.047484286679810674
0,0.0682802889255942
0,0.046336532209948746
0,0.035384269903277824
0,0.11607956630245445
0,0.04882511147016665
0,0.12606880765750608
0,0.037273961652980504
0,0.034298704910801996
0,0.06392607708425022
0,0.05279207356699467
0,0.05073483786819375
0,0.043766061433948324
0,0.12659786941334963
0,0.05893162086210007
0,0.12071784632840762
0,0.0361387179340225
0,0.12799200841951006
0,0.0943889491888666
0,0.06183729803798939
0,0.03605649374140576
0,0.05434609553248556
0,0.03552358695160315
0,0.17253268997290555
0,0.037515761872335476
0,0.04895722345145833
0,0.05192419558334336
0,0.051338985419690016
0,0.1208131127660991
0,0.05436455179717344
0,0.05339709621035492
0,0.03827821773863911
0,0.18471485649592534
0,0.08439269447836177
0,0.05187082812002816
0,0.036472610121447806
0,0.3589672787116062
0,0.05699824920248719
0,0.05005922067191359
0,0.030171267230019
0,0.04639691288713523
0,0.09496589526286196
0,0.03448935768292987
0,0.05262320968365942
0,0.0715496903459029
0,0.08630810193906327
0,0.045593722326827256
0,0.12812335788544324
0,0.04519646906948045
0,0.04632134730135507
0,0.14181024654037494
0,0.14294296119379293
0,0.2976928339123881
0,0.030479203638145675
0,0.2036693186033268
0,0.049552016563243685
0,0.06903821391351343
0,0.06056042686199217
0,0.012986065600836637
0,0.049194293572296266
0,0.05332348557295598
0,0.03221701487420933
0,0.16145106458129382
0,0.10787678568270712
0,0.04896499349711894
0,0.14897702187304293
0,0.1853677785645135
0,0.07371518153800014
0,0.10710125731845055
0,0.061529521216995946
0,0.04261963285648831
0,0.04716765187550946
0,0.0782507097196237
0,0.029858039780030876
0,0.13326903462965928
0,0.0966026909271533
0,0.06667142795009538
0,0.1555316015409608
0,0.04286919702601142
0,0.0531788707080457
0,0.01984183732204872
0,0.16765945534829862
0,0.04323472903449824
0,0.04494335177163209
0,0.07759582103071444
0,0.0420156713702891
0,0.13240783176547224
0,0.057254243231421115
0,0.048245396397513
0,0.09344304602015178
0,0.0551732712188357
0,0.32730380512713914
0,0.04155797772395733
0,0.07764708767774987
0,0.14035039206807906
0,0.034856724205156564
0,0.04985433895639906
0,0.0860119342097241
0,0.02858917817118051
0,0.06396499391014884
0,0.05584888398699514
0,0.05565728080491527
0,0.05112846139285547
0,0.09080837393158965
0,0.060095096589828666
0,0.06494213945551924
0,0.0795791330443455
0,0.052054350344656324
0,0.07442173991092697
0,0.048211829341715244
0,0.061359393297786925
0,0.03675658689917795
0,0.07146189118620702
0,0.08434176497688803
0,0.04364415533475248
0,0.04309702960974575
0,0.045565191371144835
0,0.10539790768141168
0,0.10000764441145911
0,0.04533913755972643
0,0.2576729708978831
0,0.047998689530102334
0,0.051362356547306136
0,0.12061092619905955
0,0.04855214837150048
0,0.0933403456789596
0,0.038418370950862674
0,0.045341143919285044
0,0.059176714609210236
0,0.038330023110785316
0,0.038527515899833525
0,0.16737560359212597
0,0.0696109271936743
0,0.04366829730496341
0,0.14566657739077993
0,0.10871290390156813
0,0.06082658776576572
0,0.10639254324259728
0,0.15005769584719084
0,0.0712114615937124
0,0.09197166317453406
0,0.0377428821660209
0,0.07346324813555585
0,0.14044475194553993
0,0.04563194750628771
0,0.04995085170283604
0,0.037206807416064226
0,0.08856725492977778
0,0.031000336941064573
0,0.04253378407806079
0,0.037136225459982096
0,0.06355931604042335
0,0.06530692433210553
0,0.11287597825660727
0,0.12252137883610129
0,0.08215371607648843
0,0.06371859235179556
0,0.05290340873089323
0,0.04122184662569534
0,0.13755776710819462
0,0.03987491927013235
0,0.03922560475427955
0,0.13181765012512026
0,0.09031050475843704
0,0.07833946097936524
0,0.6293001164046952
0,0.035444747130309325
0,0.06413332239118164
0,0.1364445575126088
0,0.07107230192397114
0,0.07935573547486513
0,0.08512977826650542
0,0.07310744112556598
0,0.052206769465652614
0,0.04893975492142849
0,0.08436945059286032
0,0.23847609210268703
0,0.06650802651339484
0,0.04052904566570607
0,0.2446146232129427
0,0.05805297953461052
0,0.0515276751520441
0,0.06087593671481117
0,0.07979715711654037
0,0.028031687254719443
0,0.14752842018367301
0,0.2204332211906895
0,0.04264352454239721
0,0.1710104100732727
0,0.044720558838961824
0,0.03010716377074914
0,0.07604341286240796
0,0.034477959622002
0,0.10807995010798593
0,0.09823000978975888
0,0.07903163164880517
0,0.03292879494010235
0,0.06014790275835273
0,0.06700761113499538
0,0.0601270197232301
0,0.0428804440009085
0,0.20039423689779276
0,0.03612913641706664
0,0.07531717281968077
0,0.0629818612961079
0,0.045457427356344
0,0.045033081612668065
0,0.07137192000229445
0,0.04794359856773489
0,0.2509788282766689
0,0.05280031859521698
0,0.05867656714980374
0,0.07853286633566217
0,0.11627187019951946
0,0.07377112295189116
0,0.06290207924506488
0,0.04613760785603367
0,0.05899524039312655
0,0.14602147638675736
0,0.05163383309998246
0,0.05412306758208007
0,0.039984141595959255
0,0.1506511113372547
0,0.14175525171945433
0,0.051565153297798136
0,0.20832350115158613
0,0.19393794978171527
0,0.06687744427902023
0,0.06878647670146887
0,0.07006548806273744
0,0.06719829635739864
0,0.050801849371918326
0,0.05851095004555422
0,0.03741710877262301
0,0.05124079660360041
0,0.1532228001240435
0,0.07354414152602583
0,0.037656587937418155
0,0.08539546293772327
0,0.09861451640358149
0,0.2092951045927729
0,0.04978992660763718
0,0.11678276919288556
0,0.08009147768724127
0,0.08314559252813988
0,0.07236493429733638
0,0.05157493826347376
0,0.06015635415158051
0,0.042269466978270095
0,0.07275136672325797
0,0.05134788662592711
0,0.056844228724238464
0,0.0582909480046785
0,0.04683772911146769
0,0.09530736669675631
0,0.09551035042888753
0,0.04065998905652594
0,0.0446719322016315
0,0.06365371894468166
0,0.08406146882729439
0,0.15196762367062777
0,0.03593153979875042
0,0.12192499025800707
0,0.05549071916300468
0,0.07747636228364246
0,0.21797333942990166
0,0.09593546222458263
0,0.05148211110393018
0,0.1508595706260856
0,0.13034348203218313
0,0.042858469085840026
0,0.0785775788369608
0,0.1095041995572847
0,0.15844671882752764
0,0.046441651903383695
0,0.049381277373725135
0,0.07572740763905578
0,0.08685307706271657
0,0.2524746654773548
0,0.06069891849503327
0,0.18104088388032868
0,0.039614982727733464
0,0.02832559071784131
0,0.05785138106732426
0,0.05176012028581207
0,0.15261345274996369
0,0.13607110405021064
0,0.07967515268433897
0,0.08086461015535332
0,0.042427697398780474
0,0.15615320955914902
0,0.038718794222400106
0,0.06324667931421098
0,0.09024100127402532
0,0.046010434924158
0,0.0499222375634178
0,0.0902761286409189
0,0.1233540796827705
0,0.05550000455006179
0,0.14717575816243014
0,0.0779671503493357
0,0.08582562569813201
0,0.10517644515733299
0,0.058562091466079075
0,0.050233387944431676
0,0.04838623903000169
0,0.04575795676473868
0,0.18492660980484715
0,0.05053123890054438
0,0.040532789196107574
0,0.07324555715818142
0,0.12647495352097485
0,0.04931674768651088
0,0.055686282066016286
0,0.05121063177989403
0,0.03897232972740795
0,0.08688401853263288
0,0.04672271888613201
0,0.04819465433634553
0,0.08250493378728306
0,0.07694557528661505
0,0.0919402690555937
0,0.053311474426458325
0,0.0555634060845992
0,0.1333763955560664
0,0.047608915199444685
0,0.12483855050142913
0,0.19847981484607924
0,0.036248875022999304
0,0.06926386301220555
0,0.15421205811103778
0,0.07282025967763724
0,0.043461551331446344
0,0.06449388899675554
0,0.07904737762596567
0,0.06378443320067353
0,0.12506949998365263
0,0.06658085091978087
0,0.03800114339394783
0,0.07520782332786463
0,0.1480784316253793
0,0.07407107089238589
0,0.18266753215359602
0,0.05242452356066055
0,0.10219243884930691
0,0.06918278437337519
0,0.14753493449268196
0,0.060273720138549675
0,0.058840870611728796
0,0.05193026437306071
0,0.04637395539217625
0,0.03471895068224369
0,0.07819299664839292
0,0.03317613173101363
0,0.07702223778871772
0,0.1558881334245365
0,0.04842489833643554
0,0.042112964260741195
0,0.20905433012833907
0,0.24777981191075107
0,0.06266491170643262
0,0.05694046012809828
0,0.036147937211737854
0,0.1477300858581057
0,0.13426244046016458
0,0.2786498581526606
0,0.036204688881028034
0,0.03219006441512096
0,0.057849539110567366
0,0.0473323551685399
0,0.06634912187821067
0,0.07440517186548744
0,0.06498462916070465
0,0.05706613421985849
0,0.05275793040346587
0,0.09989901590855925
0,0.049189094761209085
0,0.03945688838362189
0,0.07581517764387384
0,0.045303714314978975
0,0.08827908283454254
0,0.1764840456297638
0,0.09996550093691547
0,0.22968647934538558
0,0.10794566569737915
0,0.038470037858388775
0,0.058626081651478736
0,0.04425701823443115
0,0.05362989696518458
0,0.14641952293972652
0,0.05680282983677232
0,0.040579746320252214
0,0.05197919252721004
0,0.03592138145629335
0,0.21410858151544532
0,0.06428745829055046
0,0.06674449531989841
0,0.035342345980028216
0,0.054142195538080994
0,0.18869194517840407
0,0.0879771740496268
0,0.09817604027875393
0,0.11632140369477419
0,0.06571038626979249
0,0.03976673429360327
0,0.031048607504948166
0,0.09153109953364116
0,0.0548751565635132
0,0.04489401421663514
0,0.178857284954961
0,0.04435892371660312
0,0.05537699244180017
0,0.05809719456727804
0,0.031002635441339462
0,0.06730513034591687
0,0.053412632946211146
0,0.10576674581525441
0,0.043626789124507535
0,0.052694046872903105
0,0.07929207715837965
0,0.05415584751814513
0,0.2908187725132621
0,0.09215565109826074
0,0.11478377360795887
0,0.054268963968771476
0,0.06837854674722947
0,0.05819441304540409
0,0.06129355363732407
0,0.1297391612701081
0,0.04066530400562132
0,0.05498791795605148
0,0.05056678123314461
0,0.05406524162944869
0,0.05248399088093055
0,0.04331651751554775
0,0.03637591694642986
0,0.14540004845805743
0,0.03281605187335833
0,0.0642374026286408
0,0.061408373855159556
0,0.041067973469166096
0,0.07301150100669916
0,0.12448169713461577
0,0.08066303023745353
0,0.04990396891939142
0,0.1486363978200349
0,0.036119115982970657
0,0.12039727526257665
0,0.05083503528056102
0,0.03985948711461844
0,0.3001320916083737
0,0.015210559441681754
0,0.04543498809792054
0,0.036783683796860034
0,0.08594087906553162
0,0.18889226950333354
0,0.08503282991969453
0,0.05915394644822109
0,0.03616755690723954
0,0.0555780255244997
0,0.03141109786545088
0,0.05172939490390942
0,0.04463025332612353
0,0.15562504066292476
0,0.07358299467008157
0,0.060092494377971685
0,0.04642162502774478
0,0.0331695714033261
0,0.09464121873567463
0,0.1337828050673323
0,0.03599610109492449
0,0.04531486090034878
0,0.04665786277391619
0,0.16069748158512312
0,0.03678069501644872
0,0.06276857021752863
0,0.04939701595274954
0,0.03901916669032543
0,0.0734667211452051
0,0.09405113826972712
0,0.04493379971717043
0,0.050862542112179374
0,0.17769965671248814
0,0.34505132808176253
0,0.039221912416973516
0,0.05967897634053547
0,0.08372959192753648
0,0.05261525646853837
0,0.05700492589767642
0,0.04725161840822006
0,0.04908257229172261
0,0.04902111248995983
0,0.44789995523349446
0,0.05005009621330759
0,0.09096107653824644
0,0.2111775513490784
0,0.05655435285454754
0,0.059056413124867625
0,0.13291863978296015
0,0.032307040704480164
0,0.046038732230941924
0,0.0422987095191438
0,0.039365746811787394
0,0.05875653525132253
0,0.11934608171769422
0,0.07390475547496507
0,0.0390976989581951
0,0.04328641301984932
0,0.1607246270406143
0,0.0750011910470069
0,0.0381000824512459
0,0.040598346710117944
0,0.08219496612486893
0,0.03923134992467456
0,0.12244765456721377
0,0.04775741487692782
0,0.04478834643388598
0,0.039852419914528474
0,0.08713150167125161
0,0.1133163118946756
0,0.0652388738430993
0,0.11865275243313148
0,0.04421211837166216
0,0.06501577513646838
0,0.05101894976502565
0,0.04115144451590943
0,0.05675925765657847
0,0.04203883040003451
0,0.060881297675735184
0,0.22128444404226502
0,0.04824470687643033
0,0.1466755503972935
0,0.06600694639143635
0,0.07829495058309092
0,0.034272424776946704
0,0.05688082292435438
0,0.04042965539878617
0,0.038166004849747096
0,0.03882027490248563
0,0.045609588781443826
0,0.05520548039669416
0,0.04565138618488459
0,0.05804674854998605
0,0.11117127319380037
0,0.10113701089601154
0,0.04492569689468966
0,0.03509181887123145
0,0.05066515588183095
0,0.15702072409320172
0,0.09792145776612574
0,0.0373709660170926
0,0.10065888485210081
0,0.03883808363569724
0,0.03984662408382473
0,0.04594691556696598
0,0.0641876374912759
0,0.042482442282795345
0,0.07348799923548933
0,0.07348102924572997
0,0.06867651999949502
0,0.03822939863403119
0,0.07204256466889031
0,0.15014461944693772
0,0.044788420004423825
0,0.04540185981250321
0,0.05696311739844551
0,0.04410570271533878
0,0.05121535583662393
0,0.07962317974102404
0,0.04317457303239375
0,0.14000532631097667
0,0.22228288961978251
0,0.04914180307344225
0,0.04863715592937359
0,0.05652319478097716
0,0.06449524943301635
0,0.05045246792405316
0,0.039348156421570066
0,0.06101944183064493
0,0.058574886089658676
0,0.034002532359520776
0,0.07704821260497766
0,0.09107196654808752
0,0.08860451758631059
0,0.056318442896622876
0,0.09570055080278683
0,0.052487798517279756
0,0.05144911415720891
0,0.24221834121008595
0,0.16762199382938073
0,0.0829857163292013
0,0.05537229162009043
0,0.05842246021461986
0,0.04050712270434065
0,0.042153162678674055
0,0.03866439206634855
0,0.047366137441852134
0,0.08009866083919755
0,0.038808608356856227
0,0.07289058736220133
0,0.08255223942750138
0,0.04133785489434002
0,0.052504719801863095
0,0.04111268800410402
0,0.048598139798317105
0,0.06052900616984331
0,0.06022949224446754
0,0.04453395545085151
0,0.0897523251252545
0,0.05127497443544917
0,0.04424263145206722
0,0.1243894290913409
0,0.045416368751526055
0,0.05671474829192116
0,0.04767532317239251
0,0.08537760510868136
0,0.046545933005554804
0,0.060289076794637894
0,0.08082163169031271
0,0.08540480664259886
0,0.035731563142148745
0,0.0577580335731277
0,0.15283317791037815
0,0.0541381399824443
0,0.0748216204210265
0,0.052578472545920206
0,0.03344726542677244
0,0.037555316589508364
0,0.04432711997519087
0,0.06219671586498291
0,0.07880134962532884
0,0.04394420277197967
0,0.09223157805682496
0,0.08577594762930903
0,0.035273223768651364
0,0.03511995256159912
0,0.03913911961261439
0,0.07679472263894406
0,0.09363279315274319
0,0.06328288919780987
0,0.03141471656017882
0,0.1118044138156984
0,0.04483302685379134
0,0.13392206272894394
0,0.06960725970175465
0,0.10005828721024138
0,0.08280177506131146
0,0.04589370334694127
0,0.11595436019054646
0,0.08861927868657743
0,0.10928328317859584
0,0.14419547317678366
0,0.07494376117633227
0,0.050245429092113984
0,0.047761098154995844
0,0.03606892006088935
0,0.06592792238455691
0,0.13472320974688212
0,0.1667303081240643
0,0.047404790755461584
0,0.10460340006970342
0,0.07465838775553088
0,0.06346440760788133
0,0.18090411580261415
0,0.04181577521456828
0,0.06616236105901321
0,0.2683471066462139
0,0.04875149197486536
0,0.08608263575468063
0,0.04094918072690984
0,0.07187281185795438
0,0.14207411572937748
0,0.031210203674480113
0,0.03540461568215691
0,0.03671699968272117
0,0.14906957538511303
0,0.10456460785784376
0,0.14620408980001331
0,0.03821027602704605
0,0.05013016082027886
0,0.05128209166762592
0,0.05899678626931556
0,0.04948165687740064
0,0.12149062038971903
0,0.07090219741552539
0,0.05110077084257061
0,0.042725430034731254
0,0.341167758793808
0,0.04972606688799595
0,0.05176244451620634
0,0.03189934261966731
0,0.10392676625936245
0,0.14209632228249441
0,0.048258713335924665
0,0.0410979565447846
0,0.03471493174393343
0,0.0673201717542627
0,0.07492121844468877
0,0.06035894232879272
0,0.33661341165769154
0,0.04191908398856955
0,0.04504154508470383
0,0.03913482570546628
0,0.05435026976631239
0,0.059816941878491556
0,0.1911026681637032
0,0.03969064943446388
0,0.05152123944967649
0,0.054941462109594164
0,0.06342851623158828
0,0.04496602451597698
0,0.11372242914579717
0,0.09283673585021607
0,0.19149763608237008
0,0.08508655188533358
0,0.16844754672280365
0,0.061910203216321597
0,0.07135969820269959
0,0.05030843361333189
0,0.02268294324971788
0,0.08546629035455315
0,0.16839752623129883
0,0.04168867173955938
0,0.029545363689356494
0,0.06548106269352107
0,0.03053029864181165
0,0.11061414237208611
0,0.05224856221548651
0,0.04399604709415993
0,0.058893008865482654
0,0.07481462822088687
0,0.07149676916948433
0,0.14632198747650962
0,0.04051638777982487
0,0.05011533665219948
0,0.1599536670317936
0,0.0418191001037083
0,0.032524633802918736
0,0.040857119581081264
0,0.13268251262857514
0,0.08694683882333308
0,0.11308933468555843
0,0.04374864301287171
0,0.1000065556904569
0,0.05399234642065949
0,0.05269940216406384
0,0.15623490685104058
0,0.14638665562937056
0,0.04342250239046913
0,0.028420105863433846
0,0.07789660639114553
0,0.05953549272138603
0,0.06800833062527725
0,0.04155514044074449
0,0.22078570661215222
0,0.07063293412697684
0,0.2518089211892706
0,0.06582047877462663
0,0.06567770541608857
0,0.05892637697363128
0,0.06398157696375686
0,0.05194054114084019
0,0.028829680069215966
0,0.039298635128302985
0,0.0504810337693017
0,0.04866798261873883
0,0.04290820769707659
0,0.0926987542258197
0,0.04381593422267087
0,0.04668027102080703
0,0.042072727170594
0,0.04515678114364597
0,0.12279843764389735
0,0.08738173822803502
0,0.0722950732510708
0,0.23947269843174898
0,0.01621479529839452
0,0.12778386463597805
0,0.20126351492362424
0,0.13858975992024158
0,0.13763331579931995
0,0.1995167659588662
0,0.07098598175403928
0,0.20549592667827454
0,0.06771947416740719
0,0.04677040449143521
0,0.04107391631146093
0,0.04336484301224729
0,0.04217446171019078
0,0.05345821495266127
0,0.06005766962016645
0,0.1636400980639332
0,0.06107127453339337
0,0.023444215937633985
0,0.055117722143830324
0,0.049998929583081386
0,0.03865555144952083
0,0.03826529972476763
0,0.049968064783025304
0,0.04750627417233038
0,0.046093498322308524
0,0.04646274741848631
0,0.0431014801711502
0,0.1356533127903854
0,0.03599206411017075
0,0.06504933155068877
0,0.14850705492568483
0,0.07424399759698336
0,0.03512859463866642
0,0.044660340318996496
0,0.0496843628207387
0,0.036326913736921984
0,0.03858633161261649
0,0.05424975385198605
0,0.031782023593629985
0,0.08493682404846778
0,0.04146261717275769
0,0.08719087857215818
0,0.02998578297391256
0,0.14791113763904726
0,0.06973335342731529
0,0.06891794146124432
0,0.08302207039810679
0,0.039281721652876814
0,0.0738281719103536
0,0.05112568682351224
0,0.09850858150384027
0,0.047090888218132745
0,0.08065712300055888
0,0.04356099009762364
0,0.053543176026327396
0,0.09578364102851059
0,0.12240022331956336
0,0.041709257581954415
0,0.047340869594562275
0,0.049488852938600864
0,0.05878158392484299
0,0.04170620848143832
0,0.05361806323759596
0,0.07712232610890267
0,0.044403978153041014
0,0.18859099532358378
0,0.05539633245182267
0,0.07989391434644062
0,0.03101189486993326
0,0.08666555865628595
0,0.06533790036663897
0,0.0682850652440539
0,0.06299672623515565
0,0.055322633818474624
0,0.04377822340052199
0,0.06568510447136232
0,0.0391937208632632
0,0.03908263323447447
0,0.16832719154458903
0,0.049268969937798494
0,0.04157433941393458
0,0.07441954000346047
0,0.06044204762439737
0,0.07765436456188846
0,0.12111935630508269
0,0.058399568752916284
0,0.03532411060761082
0,0.09882165003396906
0,0.07548041983935813
0,0.06572850194706321
0,0.1047844905213217
0,0.0725153190938288
0,0.17938885197827206
0,0.044241436985782444
0,0.03158410952469118
0,0.13227100334346636
0,0.13260245545727992
0,0.0416618745845243
0,0.06402908008717291
0,0.04448479153030862
0,0.24707148885093203
0,0.08612503632560004
0,0.05183045314635624
0,0.04864750971668199
0,0.07457107070368095
0,0.052643213020774834
0,0.19572588913385125
0,0.05857833819901449
0,0.03218841108038448
0,0.04616853534246461
0,0.06232918080156043
0,0.13879001302774563
0,0.22208307844302022
0,0.06471660731755927
0,0.07714535579628669
0,0.04527062906628174
0,0.060931688867886434
0,0.07582851376953452
0,0.040683210572529785
0,0.06935903705642611
0,0.039805215871753105
0,0.04297606372442531
0,0.10060609633765627
0,0.03498607532739153
0,0.05309343674706378
0,0.057462443033645304
0,0.04453621431650229
0,0.1185777814099244
0,0.046848040183989664
0,0.04651522914596522
0,0.02440686834453888
0,0.03392114171686026
0,0.05391630288240124
0,0.06506389677459222
0,0.03910957927294027
0,0.1466453358588993
0,0.052061836501585544
0,0.035401075200911694
0,0.13446953828139918
0,0.10865963331035587
0,0.05180701852129818
0,0.07388291848982952
0,0.16186049481034614
0,0.0460904697144657
0,0.03474445894506678
0,0.08117592822805285
0,0.0903393689338477
0,0.08184963128718274
0,0.3192252506800182
0,0.04738393838803585
0,0.053892619426028264
0,0.1785571308261281
0,0.05454092294208138
0,0.167897449489152
0,0.08183350305847352
0,0.034409795774925325
0,0.20832975672384912
0,0.03938275741673145
0,0.035553226099091624
0,0.4115855196920911
0,0.06742420056989
0,0.09346346472702263
0,0.0576323731507596
0,0.07121981894323166
0,0.04362420894001859
0,0.139138933656991
0,0.05402057950011102
0,0.04191760858035955
0,0.03270505181118799
0,0.05296566716215987
0,0.04559608022989961
0,0.08675764254748151
0,0.039594396621679066
0,0.06914834143019946
0,0.11702206608167279
0,0.07657291957314254
0,0.04390294384903661
0,0.049483335680294456
0,0.04447383615694963
0,0.054340547174495615
0,0.034776767198978244
0,0.08503641008692439
0,0.07924877424268996
0,0.0849288655451828
0,0.07343108845341802
0,0.07360597244640896
0,0.06762210150730583
0,0.2007776233740726
0,0.2637122109015183
0,0.08145860042263332
0,0.08334540976993061
0,0.103699503369722
0,0.05538008307020266
0,0.058000730131896716
0,0.10554484206354399
0,0.14746926561305854
0,0.05337462688803771
0,0.15863352993501906
0,0.0803841730782681
0,0.1362695757818108
0,0.05170424181030879
0,0.0759491380987979
0,0.049653707324949344
0,0.25620673622064066
0,0.10170535640877011
0,0.06768924107840242
0,0.03914873763660689
0,0.05650617691790616
0,0.048799372150699225
0,0.04450258221405495
0,0.13362659371889465
0,0.06855132305366118
0,0.18727473841084236
0,0.038475132625807866
0,0.06183568857028556
0,0.060227807934438514
0,0.11847417907942567
0,0.061936341685114304
0,0.07250316685577911
0,0.05158932245018054
0,0.05211690529276558
0,0.06712596504209528
0,0.04412483062432156
0,0.04575479859690857
0,0.08978032013375145
0,0.040543388474293396
0,0.2160181323053472
0,0.057044818419458194
0,0.049121573407450485
0,0.03722302519882953
0,0.0941255528742955
0,0.06478239597120637
0,0.043125742165251835
0,0.057711473082533715
0,0.0727655315515436
0,0.06427866624577278
0,0.13273975248080902
0,0.11551254436244965
0,0.059868789228949754
0,0.0369111001038043
0,0.027932514112569837
0,0.08211919778413868
0,0.06908285842971218
0,0.029570474518424584
0,0.02338093748771388
0,0.034824986692517886
0,0.03040806778021049
0,0.05311462491881978
0,0.03880370902307902
0,0.054615475199363835
0,0.04251544147087279
0,0.05217981678849268
0,0.22986094079365937
0,0.07104177229339428
0,0.0581230512596923
0,0.046622598240081234
0,0.03686889480104155
0,0.050126582925954684
0,0.11163887810957372
0,0.04128230877161126
0,0.13033498057472792
0,0.06861736560616588
0,0.048977494532478724
0,0.055364286841220064
0,0.07561816733570569
0,0.0612633078039084
0,0.0548155577649551
0,0.0786754221773137
0,0.11331207218039736
0,0.04015745149830991
0,0.06591635358295088
0,0.14505990213698738
0,0.1421318660738856
0,0.04027694361629383
0,0.06041258199155615
0,0.04919485378159217
0,0.038334848193861966
0,0.07983108908760643
0,0.056734247562284575
0,0.044640589469891155
0,0.04514661062304821
0,0.050320840930709376
0,0.14272789529243965
0,0.08297728347969713
0,0.059255847628535044
0,0.13451772916983923
0,0.04904843367358543
0,0.11560570846920873
0,0.09959728187637383
0,0.04932207503387356
0,0.08030494630328695
0,0.05554967199360909
0,0.1781805787085042
0,0.15552589794443958
0,0.2743958009019096
0,0.15979524839803202
0,0.08348083940465952
0,0.14630778252981477
0,0.039715007193139605
0,0.104558732963701
0,0.03644089259303956
0,0.05538101423166081
0,0.09299275869301052
0,0.04385995517825762
0,0.04435854593346681
0,0.04326839416786785
0,0.2216827181158129
0,0.05553743366123798
0,0.07420079545788184
0,0.44122381179531445
0,0.05033960307994779
0,0.04457085701565521
0,0.03718462363798869
0,0.03432135993299815
0,0.049716459259881836
0,0.02155689246158156
0,0.1532405403545516
0,0.04806958985307198
0,0.11784691226463186
0,0.6032686408056647
0,0.04636773078435373
0,0.0432453749812695
0,0.1100718176501335
0,0.155153726003737
0,0.03708973486151311
0,0.06788664002343142
0,0.03991480366589448
0,0.08616089686924096
0,0.2138586295518866
0,0.04850619191072041
0,0.038901442052787186
0,0.06024935273211613
0,0.06385572993457272
0,0.05151024176809836
0,0.06245269261755286
0,0.0493934168911954
0,0.09489112618897093
0,0.04650742375839584
0,0.05498109145667805
0,0.09133420927359208
0,0.06734583402040542
0,0.04727863106902193
0,0.1493885883485574
0,0.140864028663946
0,0.10776265340560232
0,0.09745740948794172
0,0.058368115457132635
0,0.08933274648475155
0,0.04391942228311825
0,0.09213941243544543
0,0.036158722409297385
0,0.0703175793528394
0,0.03968092927267743
0,0.11851051684508852
0,0.10684396632374187
0,0.07065885422746396
0,0.10524032962006084
0,0.15348865984583113
0,0.055395789817514404
0,0.06298995174714767
0,0.1595443385937576
0,0.07593629692258765
0,0.04123979810535319
0,0.14262560213931616
0,0.15515353311766789
0,0.04244740533768743
0,0.09692339114230089
0,0.06585729476579655
0,0.09794667210800914
0,0.08380002921728438
0,0.049709411406689774
0,0.03732819247306157
0,0.19011489908442983
0,0.17384395081061074
0,0.10229075186624322
0,0.039140485931229825
0,0.23289471308781712
0,0.061996774875351796
0,0.03596974030492754
0,0.058593042228282384
0,0.08179985765293804
0,0.05520413870071101
0,0.04669373019719993
0,0.042937451352596565
0,0.13425983044598683
0,0.046687535578045745
0,0.12079555372960499
0,0.10915277669128662
0,0.05504770471477902
0,0.04989191109270726
0,0.047716623752949744
0,0.03873750401872706
0,0.05013253597916719
0,0.08484041995349587
0,0.034286820926983465
0,0.053451040677674796
0,0.08942586672563915
0,0.07646521524836106
0,0.03645790177189162
0,0.04561770853425431
0,0.048292461770125014
0,0.09267548667556719
0,0.04400668640871254
0,0.05085447295695985
0,0.03826576815524752
0,0.04397428208449517
0,0.08490813227626692
0,0.067382495489047
0,0.04307075149206224
0,0.023640708027570557
0,0.03519359711896137
0,0.11294065352142128
0,0.07076265579011534
0,0.031621738748665175
0,0.09216686929863648
0,0.0811643117580527
0,0.04654104527986273
0,0.08245115264954728
0,0.20488400037817758
0,0.264247758899874
0,0.1130240595330143
0,0.052213064158453
0,0.25408873936740095
0,0.048112795104483505
0,0.04070958822875218
0,0.050383290255815096
0,0.06555038283054375
0,0.0886667045125486
0,0.10156135815897278
1,0.953832624927732
1,0.9327670641559379
1,0.9610610271677814
1,0.955428202574427
1,0.9664494209738412
1,0.9450912620958817
1,0.9542483202847695
1,0.9416743560052793
1,0.9529832515233635
1,0.9517377225138626
1,0.9568825155019002
1,0.9332271322218998
1,0.9248667794654581
1,0.9601378483855443
1,0.9101812726310547
1,0.8316505925173681
1,0.8385942551399521
1,0.8795083280804635
1,0.8727219692332149
1,0.896128144810913
1,0.8946914736687224
1,0.9406933496454303
1,0.9576671619659339
1,0.9523671196028537
1,0.9611355394417198
1,0.9529160515171059
1,0.8700339687766314
1,0.8746104386252674
1,0.9516182905328519
1,0.9690737414673865
1,0.9562116457532653
1,0.9354537049231931
1,0.9465289330855909
1,0.8392734704513157
1,0.8663153430250401
1,0.9604628056590248
1,0.9577140890647277
1,0.9559369291334608
1,0.9682820856023865
1,0.9667178926996756
1,0.9566684459856918
1,0.9590381179813529
1,0.8324930380783024
1,0.9568436735147596
1,0.9574519218061586
1,0.9410557340171005
1,0.9535305763785652
1,0.957294473779831
1,0.9445008293021327
1,0.9510526524064155
1,0.945395394739575
1,0.9684039948467095
1,0.943591125190466
1,0.7934972531481286
1,0.9330216933099368
1,0.943688042974082
1,0.9154216961834073
1,0.9612099719956858
1,0.955581017968877
1,0.9033753281359932
1,0.900865350643885
1,0.9631383146122579
1,0.9142347943367886
1,0.9195403140672546
1,0.9277758101439125
1,0.9099942750549382
1,0.9512947530264558
1,0.8676634022859949
1,0.9553577686633007
1,0.9340819033698785
1,0.9086660963519118
1,0.7665961112221215
1,0.9580281124249068
1,0.9196883241045714
1,0.9016955007317302
1,0.9270785439734476
1,0.9765424752725846
1,0.8996960293393813
1,0.9615042849719758
1,0.6958713103028983
1,0.9682616686187031
1,0.9151054253746489
1,0.8363589088721946
1,0.9379832123947972
1,0.9032712784186155
1,0.9663320879361045
1,0.9117928213106085
1,0.9339859596404498
1,0.9439826234582785
1,0.9551384891975598
1,0.9364325033753091
1,0.9384223260373585
1,0.7798627198074907
1,0.9465744492634954
1,0.9166964305661361
1,0.9379438273706535
1,0.8269023129212697
1,0.913596147171004
1,0.7249032782682356
1,0.9656065514482606
1,0.805208744501647
1,0.9196667113426183
1,0.912256280528049
1,0.9606385053668816
1,0.959024896202729
1,0.9202382491074727
1,0.9621664926995805
1,0.9160383256872233
1,0.8525567948591845
1,0.9154298547409054
1,0.8261537514821724
1,0.8989902048940024
1,0.9205505530569221
1,0.9582575469227929
1,0.9531010632679257
1,0.5994586974724838
1,0.951561693566933
1,0.9579956391763436
1,0.9584580731349497
1,0.933665669365598
1,0.9238194897760068
1,0.9535502525991901
1,0.8658900537249411
1,0.9369722562985743
1,0.9523636894051535
1,0.9293628692913548
1,0.9389198758034643
1,0.9270386204136257
1,0.938525969037905
1,0.9129610813180395
1,0.7260548224456078
1,0.8761952243020791
1,0.947730063667597
1,0.7824323393215609
1,0.7274358484887142
1,0.9104464927737763
1,0.9532572093233052
1,0.9663087571782258
1,0.9485781447820948
1,0.9436767532132143
1,0.925738199433934
1,0.9391172153285049
1,0.931528450614467
1,0.9640300202721872
1,0.8875749710636639
1,0.956984948505398
1,0.9722056670596377
1,0.8628575547307547
1,0.9481920847253994
1,0.9554314650626565
1,0.9421660942802909
1,0.9550806109566757
1,0.9475216268648103
1,0.9273953875244569
1,0.8024171899826672
1,0.7513850411421555
1,0.9378422741817513
1,0.9000715649205883
1,0.9644270013272244
1,0.9707358497200413
1,0.9605842584953902
1,0.9010824949567984
1,0.9745744235314107
1,0.9652103117896446
1,0.9323540129976866
1,0.9379829727163378
1,0.943244505072831
1,0.851916218346499
1,0.9460181821073156
1,0.9429210749575422
1,0.9507155888618268
1,0.9602357495935239
1,0.9505923421900917
1,0.953706059272073
1,0.9470200524039696
1,0.9473630462131231
1,0.9733452731146516
1,0.9239163317050837
1,0.9444248909515214
1,0.9317174336137904
1,0.9370602324209185
1,0.9516702008533983
1,0.9573766040203415
1,0.9558282062430854
1,0.9699075442088747
1,0.9581287004282766
1,0.9278914692136736
1,0.9529181279893575
1,0.9275560891389605
1,0.9383166414416937
1,0.9112493728931766
1,0.9145094125671166
1,0.9304556652968686
1,0.9435125224554654
1,0.9508790318811947
1,0.9648047609405106
1,0.9527980721215125
1,0.955958231696413
1,0.9108904254714544
1,0.9474305452685713
1,0.8880012604271614
1,0.8745445819819097
1,0.8706711334332958
1,0.8898024833248702
1,0.8461656884295048
1,0.8927782419624446
1,0.8801100016449405
1,0.8713657551926419
1,0.885657159453744
1,0.8873479642297154
1,0.9527560010254829
1,0.8971871963869693
1,0.8659037086046418
1,0.8491751369511042
1,0.9405617104756546
1,0.9533934039004532
1,0.9424967260000773
1,0.8302493200476138
1,0.8814516152145988
1,0.9544847270092558
1,0.9432941561536062
1,0.8815440206808312
1,0.9268666727922478
1,0.9419686343563343
1,0.9480903322827444
1,0.9429665135801284
1,0.9590050207284475
1,0.9562171321898645
1,0.9463192409272635
1,0.9531353841814587
1,0.952545290546148
1,0.8853286383882538
1,0.9613962987408012
1,0.9554844841781288
1,0.9503132036899554
1,0.8457794630627363
1,0.9551744129223042
1,0.8652117003432414
1,0.8365337982014422
1,0.9385986376894999
1,0.9513934319662408
1,0.8814042386301303
1,0.8904710142859418
1,0.8489200764276332
1,0.9473289657103803
1,0.8799436326317628
1,0.9562661042184956
1,0.9415729867945087
1,0.8543010576219582
1,0.95042674849468
1,0.8631229136599267
1,0.9452298426379385
1,0.864198768804719
1,0.9563515856987354
1,0.9653267727660751
1,0.9525783877409505
1,0.9520961078403629
1,0.7676516199403087
1,0.960127230571906
1,0.9104854254205975
1,0.9559066666826884
1,0.7729707611544882
1,0.9656356738998242
1,0.8933583871101788
1,0.9474639418335464
1,0.9663900847538132
1,0.9610501732940929
1,0.9716837236411505
1,0.9542843443859019
1,0.9509734288662778
1,0.9453258407427776
1,0.9624657489726018
1,0.9144781989705681
1,0.9301972809378887
1,0.9200895745879082
1,0.9398909859198785
1,0.8230360661572538
1,0.9575363125183731
1,0.8631719134753033
1,0.9552349571754849
1,0.950937728079997
1,0.9567597074234567
1,0.9633115701872468
1,0.9469642620479656
1,0.940309429486568
1,0.9503120862486821
1,0.9342917693494723
1,0.9373468375710334
1,0.9568331965727322
1,0.8913778577566603
1,0.9399913687051442
1,0.934459377223652
1,0.9405521271930234
1,0.9443276034817504
1,0.9462880904968636
1,0.9023419403410936
1,0.928267271464643
1,0.8279153252652779
1,0.9466930852689829
1,0.9629977779688114
1,0.9468327629450084
1,0.9547673982351007
1,0.9573184160655981
1,0.9369044177562279
1,0.9697549820977035
1,0.967014932085733
1,0.9556946292328637
1,0.9254571388625463
1,0.9309010541935306
1,0.9183727873115425
1,0.9207862013357263
1,0.9267230171661819
1,0.9399450070943975
1,0.9323492272051127
1,0.9042325626407877
1,0.9621327612017316
1,0.8788618820941538
1,0.9230594693809798
1,0.9498037276845759
1,0.924820833640536
1,0.9078536425458444
1,0.9081346193789948
1,0.9497130945943594
1,0.9368003837543325
1,0.9302865597436352
1,0.8004065386155437
1,0.9200165888290931
1,0.7140402290222133
1,0.9674268742387877
1,0.840939853480855
1,0.7853871480794818
1,0.9221544541242253
1,0.923850503150302
1,0.9393754773951395
1,0.8823442615064718
1,0.912861940236052
1,0.9574737776459279
1,0.9019399424872839
1,0.9040758871693071
1,0.9113642438487717
1,0.8682452809052036
1,0.8673728035127065
1,0.9322021895530803
1,0.9521660675626525
1,0.884661775694791
1,0.9254617940285654
1,0.9671860331805907
1,0.9699967897157756
1,0.7504214327522905
1,0.9669810407218262
1,0.8206833230039062
1,0.8153526454383011
1,0.928363732455626
1,0.95838423951656
1,0.9381669124663062
1,0.9447694343580116
1,0.9701975670471281
1,0.9092020639881468
1,0.9069613771129982
1,0.7868223701909226
1,0.9059293093899403
1,0.8118316508928203
1,0.7760610210303527
1,0.9453621999260603
1,0.9152356451830803
1,0.9309654618689167
1,0.9090489805668852
1,0.9415001147322786
1,0.5876184083312166
1,0.962940099498697
1,0.9310541056149797
1,0.8174779881374297
1,0.9306324200095706
1,0.9232890813192306
1,0.6411978851658862
1,0.9331432167935219
1,0.8324296260669704
1,0.929786434537328
1,0.9042023313594173
1,0.8252507478923234
1,0.9542398448993118
1,0.9422128911623225
1,0.9008395742750254
1,0.9592430596310692
1,0.8640944259629101
1,0.9563425734145228
1,0.9210439512867955
1,0.7499399134168729
1,0.9555472699917612
1,0.9150238781382333
1,0.8718142915404751
1,0.9292397598367654
1,0.9277982425766377
1,0.9501242223193961
1,0.9690036600596864
1,0.9527668692770533
1,0.9283541698958903
1,0.9682749023916949
1,0.966210081655413
1,0.9675369715799826
1,0.9645824357101556
1,0.7703372879779298
1,0.8110126387138253
1,0.7620041868251101
1,0.8483654651312441
1,0.8530684311232929
1,0.8624476425399934
1,0.9407825197557916
1,0.9516061999960967
1,0.9012198789603774
1,0.8464294467674285
1,0.935290631748418
1,0.9312035814803095
1,0.9068107873822816
1,0.9522544111637927
1,0.94252044640073
1,0.9547076280110238
1,0.9491055937367302
1,0.9093548623194394
1,0.9475935330145416
1,0.9107052769502764
1,0.9324120994762792
1,0.9510847418493608
1,0.9524358686486412
1,0.9493076102174599
1,0.9478744055127455
1,0.9414526125119421
1,0.8731197656636078
1,0.957154121219618
1,0.9067345552127384
1,0.9612658951479671
1,0.8911696348068131
1,0.919795301728328
1,0.7490023669364534
1,0.9125759439838751
1,0.9290066151923964
1,0.8899597793906576
1,0.9421040539210147
1,0.933335353977533
1,0.9194157329484748
1,0.9670123023737875
1,0.9357923997346462
1,0.9507819351233732
1,0.9544695654800569
1,0.9629483573442801
1,0.8799213363895882
1,0.9654567649973885
1,0.9459817704356325
1,0.953211795967065
1,0.9541529894568803
1,0.9600953913961086
1,0.9311388639636522
1,0.8985971664357469
1,0.9293879149084485
1,0.9545950448057172
1,0.9365777912585005
1,0.8831510441152185
1,0.9180549653185456
1,0.9609708678343216
1,0.9528567867942194
1,0.806199152058763
1,0.8860751265207838
1,0.9593104993860924
1,0.9538232948399975
1,0.9495351251375653
1,0.8776268893224956
1,0.913180419469691
1,0.9329293707683362
1,0.9197217500268088
1,0.9447537124068356
1,0.9624226879878799
1,0.9480090043592765
1,0.9553625720646162
1,0.9432430949833971
1,0.9513282136307287
1,0.9491421043100808
1,0.935300094161538
1,0.9557552031004781
1,0.9635895902812519
1,0.9637907071450289
1,0.9444814882042628
1,0.9599622069269076
1,0.9518463719105201
1,0.8933011674863212
1,0.9122741820901871
1,0.9185186657539363
1,0.9652166733648916
1,0.9314234111692805
1,0.9546296154287649
1,0.9494308850839817
1,0.9542607851199765
1,0.9535769019085919
1,0.9493480531463149
1,0.9500661624520721
1,0.9386790207895835
1,0.5813783322627314
1,0.9514777521136522
1,0.8803649679977842
1,0.9451090191590481
1,0.9124136520795033
1,0.9498163293706265
1,0.9397084833784711
1,0.9285017774301427
1,0.945641343340854
1,0.9553556826338654
1,0.9635236636807906
1,0.8748900716776702
1,0.8567568792076372
1,0.892946027931109
1,0.8965393202208383
1,0.615448179530741
1,0.8858895681722458
1,0.8502022846772871
1,0.8778745997003685
1,0.9137736909784268
1,0.8798756568325763
1,0.859471966164044
1,0.8966632966917235
1,0.8340943241597859
1,0.9424294401604657
1,0.8811077594392775
1,0.9578978234902582
1,0.9583635896783546
1,0.9681754141972198
1,0.8887653699586103
1,0.8553502793835168
1,0.961933251733144
1,0.9512978919149634
1,0.95190709771529
1,0.9470719103601953
1,0.9298009624427506
1,0.940732184950605
1,0.9594179110906709
1,0.9408039298952953
1,0.9539693474254618
1,0.9311112179110161
1,0.8805151813484001
1,0.8836381523147813
1,0.9420893704871828
1,0.8151421381130957
1,0.8392539989056185
1,0.8614579615604313
1,0.8751878260336489
1,0.8644647565775276
1,0.9529398723925925
1,0.9590390566702108
1,0.8602433568754878
1,0.9429334040644375
1,0.9639520512534661
1,0.942996359052232
1,0.8272863529171315
1,0.9619759741355345
1,0.9714873573198773
1,0.9679830133717032
1,0.9530902245997351
1,0.965158724856168
1,0.9645232920751249
1,0.940940592851006
1,0.9203760305335401
1,0.9294212693920034
1,0.8984768594807097
1,0.9551806380772275
1,0.9601840680956102
1,0.9604200861019151
1,0.941849530571902
1,0.9576390432171539
1,0.9637215617261264
1,0.9580083507520727
1,0.9567525222234181
1,0.9667547841349183
1,0.9588722774172979
1,0.9654022790802662
1,0.9595888879547387
1,0.9691065054013095
1,0.9514180642257855
1,0.956631587335516
1,0.9617138581424471
1,0.965845798367585
1,0.9571462150276513
1,0.7894586048945332
1,0.9575844538890956
1,0.9474484606883693
1,0.9560703595985438
1,0.9533179188034797
1,0.947302661986486
1,0.9493718928019016
1,0.944857369527608
1,0.9504052290461332
1,0.9535493098351673
1,0.9321576664782424
1,0.9513538295303492
1,0.9627642574231273
1,0.8996083166303787
1,0.9331951033505234
1,0.9692439163162678
1,0.9024401657522316
1,0.9413226071104795
1,0.9374981516235312
1,0.9022531993468185
1,0.9308963829616514
1,0.9434817663229614
1,0.9121829512172672
1,0.927106886248573
1,0.9523466740302902
1,0.9319675183788771
1,0.9648698345598211
1,0.9377304621224171
1,0.9550198596347076
1,0.96329352829377
1,0.9430570511682063
1,0.8796013786096168
1,0.7659722293460277
1,0.9576229840164165
1,0.9471053541488296
1,0.9204410260407143
1,0.9574311158511899
1,0.9261773762799979
1,0.9145965709850016
1,0.9591136859540883
1,0.9106609154756296
1,0.8762741569982215
1,0.704617040228131
1,0.9604826613449484
1,0.9096776450240365
1,0.9267948683364574
1,0.9056609126099312
1,0.9512031097835718
1,0.9312416218786191
1,0.9172149465119088
1,0.9331813710927691
1,0.7199248620583908
1,0.9475517833406868
1,0.9473831604220252
1,0.6773652380415893
1,0.960111812462921
1,0.9487505572524487
1,0.8115289941935406
1,0.863449126484577
1,0.9401894239010518
1,0.8554319506917578
1,0.960821773752565
1,0.9142036942657398
1,0.9218474062293994
1,0.9588268860782612
1,0.8370605948474
1,0.9867300967502763
1,0.8717419693966155
1,0.9470521659163489
1,0.8947126722969829
1,0.8845740930946553
1,0.9012767004520817
1,0.9394339324587101
1,0.913181987864568
1,0.9188138203024033
1,0.9007623765249779
1,0.9395510067431851
1,0.942812950403717
1,0.9118693850766588
1,0.8922620066055637
1,0.919470263408885
1,0.9020699957475875
1,0.9317173106805045
1,0.9181419357814009
1,0.9487991646344046
1,0.9626019445818296
1,0.9340885709078774
1,0.948766906578332
1,0.935648333346698
1,0.9690153186896826
1,0.924636367052916
1,0.9038886794708957
1,0.9614400525044956
1,0.919371145745874
1,0.9185998017282749
1,0.965826189601248
1,0.8416089545243903
1,0.9253610593257675
1,0.957800800419298
1,0.9427116905584139
1,0.9106721381837914
1,0.9559669857379506
1,0.9050760196595623
1,0.9749746640601962
1,0.9530892388768089
1,0.9129682420576887
1,0.9435941405585241
1,0.9548538941502984
1,0.9429330799416149
1,0.9145909178657843
1,0.93896877190628
1,0.8828170549234282
1,0.7121640648132703
1,0.9468560164264759
1,0.7681869771850636
1,0.8921808723829253
1,0.9642445120698802
1,0.9581126893797155
1,0.9367517740345923
1,0.9561941349892764
1,0.9536958247890952
1,0.8489965659110774
1,0.906857113640385
1,0.8729459379819903
1,0.90334723594329
1,0.9615649250783975
1,0.944500760079166
1,0.9496099510920134
1,0.9577877681580619
1,0.9578033715713747
1,0.9630912965789764
1,0.9571771022413872
1,0.9501768204930379
1,0.9706806298324402
1,0.9418666256078788
1,0.8977148282865348
1,0.8709534167747272
1,0.9401042900149774
1,0.9449381709833736
1,0.9461609832511472
1,0.9270214383341121
1,0.9560466174624827
1,0.8691627704267979
1,0.9499579021964849
1,0.9156089620009917
1,0.9596673792734173
1,0.9385499841914869
1,0.931356925648868
1,0.943172250263059
1,0.9531032269274359
1,0.8137449774571116
1,0.7955969228906002
1,0.7499290643410434
1,0.7441033782080351
1,0.6434168550563055
1,0.8549371889288535
1,0.8849347872475174
1,0.919221101580802
1,0.9095890451376227
1,0.9541743353267889
1,0.9208434827693498
1,0.9200391169161738
1,0.9179923200716731
1,0.9417578282779607
1,0.8918716190902718
1,0.9312244988984164
1,0.9490063295964355
1,0.9459125697445439
1,0.9192367996405459
1,0.9663860488798655
1,0.9441350138006392
1,0.930277741240364
1,0.8969194997577119
1,0.7043589028709244
1,0.9363620784594445
1,0.9221704027936323
1,0.9220204180417512
1,0.9727247993828034
1,0.9491269067320811
1,0.933607824186505
1,0.9562025719916587
1,0.9416348077065131
1,0.9685091514815786
1,0.9178493515172664
1,0.8683714723400326
1,0.9468555915992796
1,0.9506205095436623
1,0.9408218382310434
1,0.8900749595831565
1,0.954074651940458
1,0.9602019571286782
1,0.8807320678964787
1,0.934724946229829
1,0.9626413340660029
1,0.9529276672107393
1,0.9614072139612545
1,0.9497259835266755
1,0.8891470688267362
1,0.5749660841841971
1,0.7638986326536938
1,0.9602191625658135
1,0.9117121330679326
1,0.9658981832388346
1,0.9467467502286713
1,0.9303631744404769
1,0.9184950561451164
1,0.9417951893003184
1,0.8094257351305578
1,0.9338168230716836
1,0.9054484135946925
1,0.9299373125434567
1,0.9382194828147883
1,0.9414789794085884
1,0.9553117015931988
1,0.9531568308701295
1,0.9462089845314665
1,0.954996366424002
1,0.9572738437613864
1,0.9383652891029162
1,0.9413251735866311
1,0.9395750988430152
1,0.9559599047085042
1,0.9484789437849307
1,0.886267603676673
1,0.8954033460513967
1,0.825492405733226
1,0.9672037272915918
1,0.9513797798944009
1,0.8901182376084826
1,0.9456866650225136
1,0.9522058110431677
1,0.9466117281484673
1,0.9473516731687819
1,0.9476373465632519
1,0.9470700644751324
1,0.9661533502060936
1,0.9690732892172735
1,0.9477427948945181
1,0.950650351278901
1,0.9030959933938035
1,0.9158862522387704
1,0.9511840338959737
1,0.9517600892740617
1,0.9322478484999205
1,0.895105666937253
1,0.922466155976605
1,0.9079969391308781
1,0.8525933216345738
1,0.8572798979261363
1,0.866774488299157
1,0.8612955255348501
1,0.8734382244693538
1,0.9088447589863595
1,0.8787772732235088
1,0.8590759758409193
1,0.8481385126527307
1,0.9570450222127806
1,0.900021600811441
1,0.877663420322309
1,0.8582802385386692
1,0.8966497976072512
1,0.8494321386164332
1,0.8727875778617432
1,0.959789101980355
1,0.9125420526838567
1,0.9445747034956415
1,0.9540771830498491
1,0.9579867453482803
1,0.9558784100428301
1,0.9600543972636368
1,0.954334563266712
1,0.9474530398645991
1,0.9482692641857264
1,0.9641445576138808
1,0.9442845516219933
1,0.9481667364611467
1,0.8943901730306107
1,0.9694671422174727
1,0.9473723436076988
1,0.9428559729305336
1,0.9455983806374062
1,0.8529759274328514
1,0.9219638407070939
1,0.9667876477118194
1,0.9540784440554438
1,0.9506886640110318
1,0.9570407550663873
1,0.9537136170387931
1,0.9498502634101149
1,0.9540073386924992
1,0.9459354419985179
1,0.8840212832336746
1,0.8546898948854189
1,0.8656994135705636
1,0.8553669489124119
1,0.9593967316627572
1,0.8633309159617146
1,0.9688999107575229
1,0.8898963713692296
1,0.9440184241200744
1,0.8340668850799713
1,0.9668505763019279
1,0.9427231490887281
1,0.941711960719325
1,0.8648683477817458
1,0.9129360132079031
1,0.9573267482728062
1,0.9510696396634868
1,0.9499152926634026
1,0.9432729733445112
1,0.8790751964900533
1,0.9449853725386708
1,0.8907557738282198
1,0.8813636167553509
1,0.7742402591030095
1,0.8003784399259231
1,0.9671214439114053
1,0.9538494978363423
1,0.9537802654794855
1,0.9097482250100978
1,0.9226217447929862
1,0.9567920840364665
1,0.9519520921266921
1,0.9515178757433431
1,0.9353579182723742
1,0.9560556786436337
1,0.9627455624675306
1,0.9636625607435401
1,0.9414944312711154
1,0.9552104698542564
1,0.9606516665039607
1,0.975064586474705
1,0.9578815761513396
1,0.9664870652415575
1,0.9680906480238182
1,0.9587536304540129
1,0.9635383600272084
1,0.959581233291678
1,0.9650536858146943
1,0.95654850778133
1,0.9583047341113035
1,0.9669923657660356
1,0.9231208341690841
1,0.9418905304339165
1,0.9511129304875006
1,0.9432683771926841
1,0.9201391799678609
1,0.9238427410604325
1,0.9004018253147266
1,0.9519487745673999
1,0.9422060300912003
1,0.9541238832639531
1,0.91172461722377
1,0.949588838725559
1,0.9494913870541405
1,0.9424480976438687
1,0.9107872440221786
1,0.949593545686361
1,0.9356716604974822
1,0.8074516472826541
1,0.670178524948405
1,0.9074569094719623
1,0.9446061781518461
1,0.8571945245962516
1,0.9735039573044616
1,0.945811462091802
1,0.8988811698141294
1,0.9129314630015657
1,0.9623691025895379
1,0.8981128526115888
1,0.9226657497398095
1,0.9267036896369476
1,0.9110259607380071
1,0.9298338060883083
1,0.8819431826194568
1,0.9504452774588612
1,0.9587415323910332
1,0.9350683165849198
1,0.9258599941612199
1,0.8503202327662851
1,0.9224427577442771
1,0.9526690927357687
1,0.9360478940663224
1,0.7237399209019872
1,0.8520412788028336
1,0.8835237723802563
1,0.8964947861182816
1,0.7487485309594655
1,0.9463222837688523
1,0.9105148367134965
1,0.9064771989637914
1,0.9265192342663322
1,0.8991903924791862
1,0.9319284983347987
1,0.9217066253556997
1,0.9067922753039976
1,0.9146458206465797
1,0.9106501969500651
1,0.912255941353211
1,0.9513014416567753
1,0.966128645626196
1,0.9342087782539787
1,0.9429220081773758
1,0.9482777155028548
1,0.923607063741316
1,0.9469227768256431
1,0.967288825318219
1,0.9383148614918373
1,0.9277565409058229
1,0.9650982151665363
1,0.9491913313206585
1,0.9151254963902135
1,0.9531455855919605
1,0.9385359714489759
1,0.8839023187914552
1,0.898599842157797
1,0.9495105471443352
1,0.9300158860673231
1,0.9198976177936786
1,0.9177491388870164
1,0.9549086919351656
1,0.9336122245662318
1,0.9146544156229948
1,0.9573518864229827
1,0.9070971109179184
1,0.9486363168567682
1,0.9534714794829118
1,0.9532696679463061
1,0.9213504598716977
1,0.9492496833760395
1,0.9542876378153086
1,0.9187125065973157
1,0.9259672840532706
1,0.97429461890632
1,0.9537996338048562
1,0.934170701955593
1,0.9240299240252317
1,0.936182756738115
1,0.9375476733405136
1,0.9545165881015029
1,0.9594436600191119
1,0.930941369861872
1,0.9360843292688582
1,0.9200218854480313
1,0.9619545363168067
1,0.9363271894195405
1,0.909669506105647
1,0.9263227581214389
1,0.9272151124430791
1,0.9432564258927798
1,0.919281735778113
1,0.9712634278117963
1,0.967800687907468
1,0.9309808361822806
1,0.9570594527380168
1,0.9463726324301021
1,0.9629659781697893
1,0.930999540768604
1,0.9278474269060959
1,0.927021111808891
1,0.919195125209609
1,0.9225286579917934
1,0.8941127064204839
1,0.9426506023680531
1,0.936086775579851
1,0.9503861605569985
1,0.8513091213699734
1,0.8737194215405003
1,0.8379157240205285
1,0.8680901119099854
1,0.9450891764953621
1,0.9501315241108309
1,0.9480862002318585
1,0.9701149972110797
1,0.9601247804309812
1,0.946249822680575
1,0.964951126944201
1,0.9183501750377359
1,0.8960625823203398
1,0.942335064087634
1,0.9454314888486064
1,0.9542541344812856
1,0.9456955034080358
1,0.9113324520734158
1,0.9280992230895132
1,0.9497777858900348
1,0.95339955786876
1,0.9093912329299941
1,0.9476212937162354
1,0.944393797306398
1,0.9542316479638212
1,0.9459111583949846
1,0.9546348091931722
1,0.9458019455407306
1,0.9406740302050542
1,0.9491745383041866
1,0.9499846572708934
1,0.9343235581250826
1,0.9443335688214137
1,0.9493571875705598
1,0.9466785763591531
1,0.9360443146599422
1,0.9603695639117189
1,0.9093338339780871
1,0.944842271109863
1,0.9454218439305246
1,0.9606402378679405
1,0.9215968214619907
1,0.9610035713962363
1,0.9632224666479333
1,0.7432351528203606
1,0.9624903032921183
1,0.901637553288026
1,0.8260236770905224
1,0.7722724124608175
1,0.8834179441622589
1,0.9001387205328996
1,0.9535517698878063
1,0.7946269512787683
1,0.8997750249942058
1,0.8731814059389199
1,0.9062035528945834
1,0.8935411379517535
1,0.915618111535123
1,0.9286341084630307
1,0.9610431746959028
1,0.9104324963800501
1,0.9497436295305436
1,0.9498502602682617
1,0.9542710850068078
1,0.9519453095111439
1,0.9342476765417952
1,0.9167309936428586
1,0.950238789185318
1,0.9661583032315404
1,0.9567028090967933
1,0.8457847847501843
1,0.5179139471287356
1,0.9397143802495393
1,0.9494109267375666
1,0.7076372130771912
1,0.9518470697806196
1,0.9340803583404962
1,0.9518244344433279
1,0.9694622442527112
1,0.8908231518227616
1,0.953358416805756
1,0.9488563266196747
1,0.9220375155936202
1,0.9475672274580667
1,0.9492316333895461
1,0.9487918077362644
1,0.9444683937714131
1,0.9328682365377533
1,0.952617210771928
1,0.9681854179530599
1,0.871545489609004
1,0.9471385564157583
1,0.9552922475742339
1,0.8906871251873214
1,0.36200274166580154
1,0.9687315059159528
1,0.9225813070290171
1,0.9307973635306739
1,0.7823859550119149
1,0.9312263171216101
1,0.9625818652252106
1,0.9540330432929484
1,0.9624314262561662
1,0.9733632034455576
1,0.8176856549775283
1,0.9067208899464897
1,0.9595412252254638
1,0.915279962785007
1,0.9127434321682717
1,0.9561369164892102
1,0.919898598180364
1,0.8560081547968077
1,0.9071335130209305
1,0.9440501338191083
1,0.9588250074954773
1,0.9408424313909303
1,0.9474817154984198
1,0.9547986585801128
1,0.8805734797026435
1,0.9429565784194787
1,0.9592276646383796
1,0.9448824633628891
1,0.8925347125688814
1,0.8742744474948443
1,0.857635838872208
1,0.7947034348406614
1,0.8692000270569362
1,0.9584582031251268
1,0.9210287690561659
1,0.9523375604026381
1,0.9356303346651872
1,0.9460606598517817
1,0.9575940319518292
1,0.9465148931338616
1,0.95557422623907
1,0.9525222503536517
1,0.9614223083668482
1,0.9416400128729
1,0.9555502504242424
1,0.9158912758373524
1,0.9222578915863149
1,0.909450773584141
1,0.9506711754004722
1,0.9157037537053319
1,0.9269154914114133
1,0.959896513297153
1,0.8190974840362528
1,0.8958754834833846
1,0.8560761472427413
1,0.9176685443777647
1,0.8226483612736412
1,0.9504419765267822
1,0.9401555100582077
1,0.8100074975961016
1,0.8809059049750128
1,0.8924323209451497
1,0.8823731486370063
1,0.8997892595029596
1,0.9605200946207358
1,0.8535064148308321
1,0.9617951521346901
1,0.9534119812663425
1,0.9553776064703731
1,0.946879901347733
1,0.8620219742588744
1,0.9492768234131853
1,0.9281514980581749
1,0.9617002882454634
1,0.9677307449209417
1,0.9352389206877822
1,0.9469025626112694
1,0.949236232852002
1,0.8486708561936734
1,0.8897447182539037
1,0.8805601661297667
1,0.8812603862327596
1,0.8307647104614215
1,0.8593653543555785
1,0.8795693229847601
1,0.8636500464506706
1,0.945118148280089
1,0.8989297761881864
1,0.9521038898748804
1,0.9544432375928614
1,0.9057517714696885
1,0.9634053508626302
1,0.8084155700955503
1,0.9585215789484547
1,0.8001131019734374
1,0.9600364737689385
1,0.960068092281493
1,0.9569838396300369
1,0.9680748747643382
1,0.9681204985758403
1,0.9590899425198764
1,0.96774981334595
1,0.9574438001942466
1,0.9590551009443644
1,0.9406519226203731
1,0.916542296061672
1,0.9372025262968586
1,0.9606075141121101
1,0.9267609726267955
1,0.7296757953162917
1,0.9086528216765531
1,0.7719980512739869
1,0.8356084881978009
1,0.9438182502380249
1,0.9568583028591562
1,0.9628807359234456
1,0.9568541685154494
1,0.9427501066384292
1,0.9567419135215274
1,0.9636189339574537
1,0.9447134790811521
1,0.9388926726749147
1,0.963294497745371
1,0.9238146488739332
1,0.9252176771230349
1,0.9101478148475206
1,0.9405838582045648
1,0.9284003632115324
1,0.9423866273187032
1,0.9349412767326305
1,0.9291592697531034
1,0.8992311604206826
1,0.9012486182324756
1,0.9421792657275613
1,0.9306519418675363
1,0.9054320077925583
1,0.9188930304558529
1,0.912529325149973
1,0.9548334712566339
1,0.9360919321033527
1,0.9475946089585732
1,0.9158306175099251
1,0.9317182330205601
1,0.939103273336655
1,0.9128122661567798
1,0.9081959915670313
1,0.9239929336380588
1,0.9649475241471271
1,0.9647093110564997
1,0.9250735569003359
1,0.9458821283562913
1,0.9372897753012703
1,0.869024449155691
1,0.9387993762457247
1,0.854624488948894
1,0.9613188513299423
1,0.9490189455158146
1,0.9733239293755553
1,0.9293388285589446
1,0.9588471403911429
1,0.9507783396083583
1,0.8957523749395327
1,0.8968853955291063
1,0.9550872280421588
1,0.9625893806975259
1,0.9502229514354885
1,0.939199384979176
1,0.9432919665689399
1,0.779609901687906
1,0.895460337949933
1,0.9400161748523359
1,0.9351215728148484
1,0.7621032463230324
1,0.9677283795936623
1,0.9273045812731914
1,0.9011937896173728
1,0.9410769288052531
1,0.9410097867833045
1,0.9553247205579963
1,0.9449429791267835
1,0.8971315549834539
1,0.9374145434968633
1,0.9431430791139752
1,0.9491993552285498
1,0.9576200561359625
1,0.9590488810647725
1,0.9439078498207517
1,0.9532237397906524
1,0.9167916394730272
1,0.9550612809206096
1,0.8300684940561768
1,0.9446776039488911
1,0.7740075760788658
1,0.8569236453887892
1,0.9124681800166269
1,0.9277015588483086
1,0.9223790221429371
1,0.9345290703529499
1,0.9581619131246524
1,0.9451917956639827
1,0.8452437924228562
1,0.932816752881441
1,0.901757752241445
1,0.946785228161636
1,0.9502829941698513
1,0.9284096641981104
1,0.9208927417601322
1,0.9151447018787952
1,0.9509318315661714
1,0.9037596505272952
1,0.9248181352861513
1,0.9468779041750958
1,0.951849418444468
1,0.9434592958078495
1,0.9496688512797559
1,0.8985304352768126
1,0.955640611683015
1,0.9594380162019486
1,0.965665910323572
1,0.955092008947838
1,0.9526069386686986
1,0.9456441187529917
1,0.9007571700060888
1,0.9329499615957375
1,0.9611098132953441
1,0.9450620497373129
1,0.9070620424180389
1,0.9115822676837246
1,0.9413995625290795
1,0.6768052761502088
1,0.8558824593479587
1,0.9547578146485644
1,0.9358983998336372
1,0.900879844329999
1,0.9328192003104891
1,0.9513081000194077
1,0.956092044563312
1,0.9554399766903168
1,0.9550048623413158
1,0.9521264078149201
1,0.9598823705110076
1,0.9516620647184584
1,0.9562171348683869
1,0.9061126756583331
1,0.8956912189239173
1,0.8985006477070495
1,0.9576404426530216
1,0.9391224583426584
1,0.9447809219619769
1,0.9603853122143557
1,0.8655905149093022
1,0.9265620776296861
1,0.860329074084072
1,0.9378809676246285
1,0.9376320237883543
1,0.9508441242882271
1,0.9319520015151471
1,0.9546138095057523
1,0.9554171581353846
1,0.9394724043180502
1,0.8051692184509082
1,0.9188619529475945
1,0.9494645064467393
1,0.7804336367326791
1,0.9550287065978759
1,0.9520824993930497
1,0.9490952688243965
1,0.9093416146093714
1,0.946229969598825
1,0.906881668205398
1,0.9579108284357204
1,0.6171472736599042
1,0.9422614493182335
1,0.8989983523083431
1,0.948926092249168
1,0.9028714514937309
1,0.9164353582286886
1,0.9153276246879746
1,0.9271066085303822
1,0.9144091511775241
1,0.9001005755856869
1,0.9336715984116395
1,0.9268038726140025
1,0.9332048952922553
1,0.868427035111402
1,0.9542837538668771
1,0.916178488430186
1,0.9481871586467165
1,0.9570309035073761
1,0.7695937173902366
1,0.9358438343546782
1,0.9316816227318159
1,0.8414465272021995
1,0.854357623209495
1,0.8317038287780683
1,0.9677617658429117
1,0.9700876575542748
1,0.9598176309038361
1,0.9412085992506517
1,0.9512507394316386
1,0.9508313628355132
1,0.909925194959022
1,0.96206695459379
1,0.8249491024687109
1,0.8778928936031529
1,0.9595191840110326
1,0.6914653448149085
1,0.9373478274747048
1,0.9152123541754318
1,0.8765713819390473
1,0.6575093105923164
1,0.9135462616695036
1,0.9060875028049867
1,0.9350182809452845
1,0.7474912091933947
1,0.7668122074666096
1,0.9317420855527344
1,0.9217420177034059
1,0.7386735779526947
1,0.83405578890369
