,XGBoost_regularized,LightGBM_regularized,ExtraTrees,RandomForest,GradientBoosting,Ridge,Ridge_log_skew,ElasticNet,SVR_RBF,Baseline_ensemble
XGBoost_regularized,1.0,0.9710826825505993,0.8527471099040759,0.8923731740717935,0.947405319587609,0.8232696909716315,0.8439851199445476,0.7730472391425945,0.764245073730764,0.9262618432403487
LightGBM_regularized,0.9710826825505993,1.0,0.8638172618780485,0.9020823441950211,0.9337677301896078,0.8026769296407209,0.8238534408158659,0.7527613373641537,0.7630714930199765,0.9185738494388248
ExtraTrees,0.8527471099040759,0.8638172618780485,1.0,0.9116327612593708,0.8590415791586415,0.7496282764770388,0.7671578383791783,0.6923593959802519,0.7478241509689666,0.883443503146964
RandomForest,0.8923731740717935,0.9020823441950211,0.9116327612593708,1.0,0.9021631379444373,0.7285762981555393,0.7511085912638815,0.6701494290013007,0.7169520233045557,0.8555851013361971
GradientBoosting,0.947405319587609,0.9337677301896078,0.8590415791586415,0.9021631379444373,1.0,0.8208848774674167,0.8477221579533283,0.7702219243297798,0.739825429011214,0.9063582081511973
Ridge,0.8232696909716315,0.8026769296407209,0.7496282764770388,0.7285762981555393,0.8208848774674167,1.0,0.967381241925326,0.9592371569593736,0.6696158919161285,0.8426883288781929
Ridge_log_skew,0.8439851199445476,0.8238534408158659,0.7671578383791783,0.7511085912638815,0.8477221579533283,0.967381241925326,1.0,0.9272440367948079,0.7029920416732476,0.8635460907899724
ElasticNet,0.7730472391425945,0.7527613373641537,0.6923593959802519,0.6701494290013007,0.7702219243297798,0.9592371569593736,0.9272440367948079,1.0,0.6147149989666353,0.7886049260248791
SVR_RBF,0.764245073730764,0.7630714930199765,0.7478241509689666,0.7169520233045557,0.739825429011214,0.6696158919161285,0.7029920416732476,0.6147149989666353,1.0,0.8120914035949205
Baseline_ensemble,0.9262618432403487,0.9185738494388248,0.883443503146964,0.8555851013361971,0.9063582081511973,0.8426883288781929,0.8635460907899724,0.7886049260248791,0.8120914035949205,1.0
