model,oof_rmse,residual_variance,baseline_residual_correlation,prediction_correlation_baseline
XGBoost_regularized,0.12911217097860792,0.01666837801561497,0.9262618432403487,0.9915488198656636
LightGBM_regularized,0.1316567541225685,0.017333404870909026,0.9185738494388248,0.990459987444871
ExtraTrees,0.14029200987335624,0.019680078969918434,0.883443503146964,0.9849885628717068
RandomForest,0.14277813340737774,0.020382903166426974,0.8555851013361971,0.980396189839376
GradientBoosting,0.1309456321972343,0.017119510854750695,0.9063582081511973,0.9889223202242596
Ridge,0.14803712067971958,0.02190948915812962,0.8426883288781929,0.9783565721854265
Ridge_log_skew,0.14004174761000124,0.019609135331742765,0.8635460907899724,0.9828545156690552
ElasticNet,0.14589380481382938,0.021278914992715885,0.7886049260248791,0.973142414958731
SVR_RBF,0.14824307300743586,0.021974631938608533,0.8120914035949205,0.9728988886933349
Baseline_ensemble,0.12546557634663486,0.01574160848488266,1.0,1.0
