Id,y_log,baseline_oof_log,exclude_524_1299_oof_log,is_flagged
1,12.24769911637256,12.24937629699707,12.24937629699707,False
2,12.109016442313738,12.057159423828125,12.074631690979004,False
3,12.317171167298682,12.253169059753418,12.253169059753418,False
4,11.849404844423074,12.045981407165527,12.036269187927246,False
5,12.429220196836383,12.630658149719238,12.629143714904785,False
6,11.870606902224587,11.970830917358398,11.972895622253418,False
7,12.634606283893019,12.502955436706543,12.502955436706543,False
8,12.206077645517674,12.327202796936035,12.327202796936035,False
9,11.774527900858468,11.784749984741211,11.829889297485352,False
10,11.678448377988165,11.748458862304688,11.748458862304688,False
11,11.771443882099637,11.751873970031738,11.74783706665039,False
12,12.75130259456002,12.809852600097656,12.790411949157715,False
13,11.87757552297847,11.831254005432129,11.819108009338379,False
14,12.540761149388421,12.235518455505371,12.267982482910156,False
15,11.964007453736912,11.938109397888184,11.941716194152832,False
16,11.790564777297387,11.797172546386719,11.778388977050781,False
17,11.91170829631447,11.975914001464844,11.973389625549316,False
18,11.407576060361786,11.600128173828125,11.602931022644043,False
19,11.976665770490767,11.950384140014648,11.95995807647705,False
20,11.842236406331555,11.703412055969238,11.674050331115723,False
21,12.692506186542177,12.682665824890137,12.690327644348145,False
22,11.845109950883979,11.741999626159668,11.710601806640625,False
23,12.345838935721968,12.340470314025879,12.34593391418457,False
24,11.774527900858468,11.853036880493164,11.855900764465332,False
25,11.944714374881176,11.875933647155762,11.855500221252441,False
26,12.454107814022272,12.424325942993164,12.424325942993164,False
27,11.811554895830454,11.845261573791504,11.84145736694336,False
28,12.631343648903034,12.519445419311523,12.519445419311523,False
29,12.242891437918386,12.24067497253418,12.193352699279785,False
30,11.134603622683905,11.158892631530762,11.160077095031738,False
31,10.596659732783579,11.509775161743164,11.486055374145508,False
32,11.914054519303125,11.850473403930664,11.857565879821777,False
33,12.100161978566867,12.138080596923828,12.160382270812988,False
34,12.016732516077072,12.000153541564941,12.000153541564941,False
35,12.533579815765737,12.558998107910156,12.547182083129883,False
36,12.6410997921206,12.664956092834473,12.656502723693848,False
37,11.884495917930655,11.888667106628418,11.876280784606934,False
38,11.938199736300925,11.913076400756836,11.90459156036377,False
39,11.599112335481124,11.787860870361328,11.781147003173828,False
40,11.314486721293981,11.334057807922363,11.354477882385254,False
41,11.982935344196433,11.870868682861328,11.849721908569336,False
42,12.04355959836804,12.019205093383789,12.023075103759766,False
43,11.87757552297847,11.850709915161133,11.850709915161133,False
44,11.777218637129327,11.777952194213867,11.79517936706543,False
45,11.856522261533737,11.883868217468262,11.896084785461426,False
46,12.675766851909591,12.573894500732422,12.573894500732422,False
47,12.387089184491993,12.60098648071289,12.658980369567871,False
48,12.428019481065613,12.385302543640137,12.385302543640137,False
49,11.635151947212842,11.495931625366211,11.480328559875488,False
50,11.751950239425476,11.759037971496582,11.75461196899414,False
51,12.083910661257521,12.116201400756836,12.075586318969727,False
52,11.648338835562747,11.704627990722656,11.715984344482422,False
53,11.608244735642321,11.533224105834961,11.533224105834961,False
54,12.861001210669146,12.78744125366211,12.837285995483398,False
55,11.775297421715827,11.74006175994873,11.740262031555176,False
56,12.103491596905931,12.038080215454102,12.038080215454102,False
57,12.058158312538197,12.263819694519043,12.260539054870605,False
58,12.188422799337028,12.183470726013184,12.183470726013184,False
59,12.991755706536901,12.972268104553223,12.994332313537598,False
60,11.735276702486741,11.707159042358398,11.702466011047363,False
61,11.970356641102999,12.059213638305664,12.059213638305664,False
62,11.522885696764481,11.48759651184082,11.485600471496582,False
63,12.218500103788143,12.272223472595215,12.272223472595215,False
64,11.849404844423074,11.785748481750488,11.769807815551758,False
65,12.299112067295642,12.390682220458984,12.37831974029541,False
66,12.666660207428574,12.611417770385742,12.587396621704102,False
67,12.100717685412471,12.540342330932617,12.540342330932617,False
68,12.328294703023396,12.277701377868652,12.272313117980957,False
69,11.289794413577894,11.33137321472168,11.257057189941406,False
70,12.323860125621126,12.371007919311523,12.393280982971191,False
71,12.404927602627597,12.629694938659668,12.566463470458984,False
72,11.771443882099637,11.670473098754883,11.670473098754883,False
73,12.128116509451258,12.206594467163086,12.206594467163086,False
74,11.88380602959621,11.85666275024414,11.869566917419434,False
75,11.58432477200052,11.454444885253906,11.455733299255371,False
76,11.418625774449598,11.438031196594238,11.440901756286621,False
77,11.818577604251555,11.705117225646973,11.701282501220703,False
78,11.751950239425476,11.685444831848145,11.685444831848145,False
79,11.824087219587643,11.738900184631348,11.725272178649902,False
80,11.608244735642321,11.678389549255371,11.678389549255371,False
81,12.173037959397275,12.218374252319336,12.218374252319336,False
82,11.941462360646149,12.101883888244629,12.07644271850586,False
83,12.409017571151187,12.391914367675781,12.391914367675781,False
84,11.748005492256807,11.77127456665039,11.774110794067383,False
85,12.034696963475044,12.03613567352295,12.03613567352295,False
86,12.468440756144114,12.48157024383545,12.48157024383545,False
87,12.066816325306588,12.112677574157715,12.114969253540039,False
88,12.010671928196443,11.983592987060547,11.979207992553711,False
89,11.350418300109132,10.884478569030762,10.906490325927734,False
90,11.724813914587886,11.641234397888184,11.650218963623047,False
91,11.60733523953139,11.525741577148438,11.512679100036621,False
92,11.498836682527127,11.595793724060059,11.596574783325195,False
93,12.004574385508691,11.8389892578125,11.8389892578125,False
94,11.804855999911272,12.19987964630127,12.136320114135742,False
95,12.229549885708273,12.209444999694824,12.209444999694824,False
96,12.128116509451258,12.045427322387695,12.05881404876709,False
97,12.273735966890268,12.286945343017578,12.286018371582031,False
98,11.459007676978688,11.720751762390137,11.720751762390137,False
99,11.326607934898927,11.255170822143555,11.24413776397705,False
100,11.767187766223199,11.752047538757324,11.742603302001953,False
101,12.230770136157428,12.311599731445312,12.25984001159668,False
102,12.08954444723597,11.99862003326416,12.017080307006836,False
103,11.68658461118553,11.681391716003418,11.681391716003418,False
104,12.200562492481511,12.080546379089355,12.077706336975098,False
105,12.040614105490253,12.010602951049805,12.010602951049805,False
106,12.429220196836383,12.436673164367676,12.436673164367676,False
107,11.51293546492023,11.34610652923584,11.34610652923584,False
108,11.652696102959753,11.564648628234863,11.557918548583984,False
109,11.652696102959753,11.789925575256348,11.735411643981934,False
110,12.154784614286667,12.204233169555664,12.205748558044434,False
111,11.827013315851762,11.910811424255371,11.910811424255371,False
112,12.100717685412471,12.04454231262207,12.035703659057617,False
113,12.85832230788469,12.728096008300781,12.709908485412598,False
114,12.28765724080691,12.28376293182373,12.346989631652832,False
115,12.466515835145202,12.360989570617676,12.318120956420898,False
116,12.07824495582233,12.01002025604248,11.994311332702637,False
117,11.842236406331555,11.73753547668457,11.745176315307617,False
118,11.951186847493476,11.925485610961914,11.925485610961914,False
119,12.676079399771027,12.846773147583008,12.846773147583008,False
120,12.0075668272517,12.058842658996582,12.044844627380371,False
121,12.100717685412471,11.998710632324219,11.998710632324219,False
122,11.51293546492023,11.53380298614502,11.527689933776855,False
123,11.820417517632333,11.837238311767578,11.830854415893555,False
124,11.944064817531656,11.998344421386719,11.988677024841309,False
125,12.10625783509458,12.017404556274414,12.021821022033691,False
126,11.344518647594766,11.211762428283691,11.211762428283691,False
127,11.759793355371237,11.86646842956543,11.880398750305176,False
128,11.373674891823535,11.422317504882812,11.42800521850586,False
129,11.951186847493476,11.8933687210083,11.900365829467773,False
130,11.918397239722838,11.850932121276855,11.836031913757324,False
131,12.328294703023396,12.290010452270508,12.31108283996582,False
132,12.404927602627597,12.278895378112793,12.293533325195312,False
133,11.923384748066601,11.972047805786133,11.942811965942383,False
134,12.301387370778713,12.247117042541504,12.247117042541504,False
135,12.100717685412471,11.984151840209961,11.992849349975586,False
136,12.066816325306588,12.033086776733398,12.026381492614746,False
137,11.870606902224587,11.858884811401367,11.895081520080566,False
138,12.049424683420915,12.299696922302246,12.299696922302246,False
139,12.345838935721968,12.428472518920898,12.445274353027344,False
140,12.352339472153524,12.21446418762207,12.212305068969727,False
141,11.652696102959753,11.564496994018555,11.58933162689209,False
142,12.468440756144114,12.47095775604248,12.477156639099121,False
143,12.019749091416921,11.805644035339355,11.805644035339355,False
144,12.225880174775122,12.256638526916504,12.266460418701172,False
145,11.736077016252437,11.851134300231934,11.851134300231934,False
146,11.775297421715827,11.803877830505371,11.803877830505371,False
147,11.561725152903833,11.612326622009277,11.58694839477539,False
148,12.312686874960354,12.289270401000977,12.29422378540039,False
149,11.856522261533737,11.964634895324707,11.964634895324707,False
150,11.652696102959753,11.624631881713867,11.600091934204102,False
151,11.711784520403112,11.809415817260742,11.809146881103516,False
152,12.827731880206521,12.65463638305664,12.698190689086914,False
153,12.154784614286667,12.101399421691895,12.105347633361816,False
154,12.367345048436391,12.173454284667969,12.156523704528809,False
155,11.736077016252437,11.645601272583008,11.614855766296387,False
156,11.277215789596893,11.303138732910156,11.27754020690918,False
157,11.603688960617083,11.552741050720215,11.5226411819458,False
158,12.504327379899443,12.484046936035156,12.485799789428711,False
159,12.448630513463613,12.330039978027344,12.338024139404297,False
160,12.676079399771027,12.62647533416748,12.682634353637695,False
161,11.998439434579149,11.997328758239746,11.992135047912598,False
162,12.929993908996359,12.943282127380371,12.881418228149414,False
163,12.301387370778713,12.391209602355957,12.38550853729248,False
164,11.544433821905134,11.4633150100708,11.455663681030273,False
165,11.931642378754141,11.954971313476562,11.938640594482422,False
166,11.755879486687116,11.775296211242676,11.775296211242676,False
167,12.154784614286667,12.076382637023926,12.103304862976074,False
168,12.693501691489768,12.756193161010742,12.755473136901855,False
169,12.119975396053194,12.172215461730957,12.185635566711426,False
170,12.337105293891872,12.440226554870605,12.440837860107422,False
171,11.763691965388299,11.714056968688965,11.71999454498291,False
172,12.278397958261774,12.145354270935059,12.20408821105957,False
173,12.384223015005313,12.227816581726074,12.227816581726074,False
174,12.001511614739405,11.975044250488281,11.978541374206543,False
175,12.122696471358964,12.105218887329102,12.118937492370605,False
176,12.400820837540556,12.249749183654785,12.301709175109863,False
177,12.259618151783465,12.211231231689453,12.23730182647705,False
178,12.058158312538197,11.970342636108398,11.970342636108398,False
179,13.126032637428713,12.889897346496582,12.981599807739258,False
180,11.51293546492023,11.64560604095459,11.614675521850586,False
181,12.083910661257521,12.052319526672363,12.057500839233398,False
182,12.206577518060588,12.057771682739258,12.047264099121094,False
183,11.695255355062795,11.699241638183594,11.699241638183594,False
184,12.206077645517674,12.361879348754883,12.361879348754883,False
185,11.751950239425476,11.674151420593262,11.718857765197754,False
186,13.07107218827772,12.811361312866211,12.74065113067627,False
187,12.06105265381003,12.062047958374023,12.05977725982666,False
188,11.813037464800539,11.777013778686523,11.761549949645996,False
189,11.940399914116648,11.871892929077148,11.86856460571289,False
190,12.563750586299374,12.501703262329102,12.495770454406738,False
191,12.660331092405906,12.521119117736816,12.563983917236328,False
192,12.122696471358964,12.0859956741333,12.070978164672852,False
193,12.165255859329688,12.235461235046387,12.239770889282227,False
194,11.775297421715827,11.859102249145508,11.895556449890137,False
195,11.751950239425476,11.716784477233887,11.716784477233887,False
196,11.908346971208951,11.882539749145508,11.89340877532959,False
197,12.650351332641707,12.616631507873535,12.624902725219727,False
198,12.367345048436391,12.608654975891113,12.575407981872559,False
199,11.552155793461898,11.67074966430664,11.650367736816406,False
200,12.524166311833152,12.600930213928223,12.57263469696045,False
201,11.849404844423074,11.7570219039917,11.781036376953125,False
202,12.052344376474922,12.0497465133667,12.045037269592285,False
203,11.626263078808801,11.780559539794922,11.770496368408203,False
204,11.91170829631447,11.867301940917969,11.858525276184082,False
205,11.608244735642321,11.60129165649414,11.60129165649414,False
206,12.103491596905931,12.111870765686035,12.116992950439453,False
207,11.87688084212164,11.799725532531738,11.782767295837402,False
208,11.856522261533737,11.812300682067871,11.828815460205078,False
209,12.531776395271262,12.382088661193848,12.416759490966797,False
210,11.884495917930655,11.933355331420898,11.934576988220215,False
211,11.49273296168228,11.395915031433105,11.388671875,False
212,12.133507329024972,12.042098999023438,12.042098999023438,False
213,12.439875187430008,12.4230375289917,12.4230375289917,False
214,11.957617696467539,11.89177131652832,11.89177131652832,False
215,11.993813394724253,11.919743537902832,11.883878707885742,False
216,11.808955099378537,11.825973510742188,11.825973510742188,False
217,12.25486757159303,12.258307456970215,12.260072708129883,False
218,11.580593459194764,11.380698204040527,11.372790336608887,False
219,12.649157827477366,12.355565071105957,12.37455940246582,False
220,12.027191164883384,12.045217514038086,12.042572021484375,False
221,12.230282214644559,12.27158260345459,12.279340744018555,False
222,12.206077645517674,12.244571685791016,12.22997760772705,False
223,12.100161978566867,12.070584297180176,12.067858695983887,False
224,11.48247656671073,11.694137573242188,11.694137573242188,False
225,12.864242696187505,12.836463928222656,12.911335945129395,False
226,11.626263078808801,11.461416244506836,11.443154335021973,False
227,12.577639650232573,12.470108985900879,12.470108985900879,False
228,11.571203807011969,11.456363677978516,11.456363677978516,False
229,11.736077016252437,11.698468208312988,11.698468208312988,False
230,12.167856627501678,12.153915405273438,12.164639472961426,False
231,11.904974309480181,11.857032775878906,11.866923332214355,False
232,12.90669432231532,12.757238388061523,12.826151847839355,False
233,11.456365695436427,11.468567848205566,11.455574989318848,False
234,11.761354623750297,11.794499397277832,11.797172546386719,False
235,12.285350445351659,12.256746292114258,12.242118835449219,False
236,11.402005077384885,11.330133438110352,11.330133438110352,False
237,12.130815551850676,12.1382417678833,12.136636734008789,False
238,12.178192583415596,12.294656753540039,12.293326377868652,False
239,12.669809806411457,12.475655555725098,12.475655555725098,False
240,11.635151947212842,11.799886703491211,11.802070617675781,False
241,12.47801017053037,12.505303382873535,12.540179252624512,False
242,11.612779849672751,11.431302070617676,11.454320907592773,False
243,11.277215789596893,11.47966194152832,11.44849967956543,False
244,11.695255355062795,11.786493301391602,11.771539688110352,False
245,12.230770136157428,12.402521133422852,12.397954940795898,False
246,12.394628892852941,12.360930442810059,12.34870719909668,False
247,11.827743504053695,11.73312759399414,11.765121459960938,False
248,11.849404844423074,11.874031066894531,11.862650871276855,False
249,12.100717685412471,12.147576332092285,12.147576332092285,False
250,12.531776395271262,12.453146934509277,12.453146934509277,False
251,11.245059091624615,11.37004280090332,11.37004280090332,False
252,12.367345048436391,12.481701850891113,12.485532760620117,False
253,12.06105265381003,12.096665382385254,12.088333129882812,False
254,11.970356641102999,12.011397361755371,11.99524974822998,False
255,11.884495917930655,11.865324974060059,11.861448287963867,False
256,12.345838935721968,12.325765609741211,12.325765609741211,False
257,12.242891437918386,12.175592422485352,12.175592422485352,False
258,12.301387370778713,12.343029975891113,12.35892391204834,False
259,12.352339472153524,12.269665718078613,12.269665718078613,False
260,11.48247656671073,11.549921989440918,11.561017990112305,False
261,12.07824495582233,12.011415481567383,12.037066459655762,False
262,12.52815976788113,12.771824836730957,12.753249168395996,False
263,11.92504173829169,11.952400207519531,11.9639310836792,False
264,11.775297421715827,11.73127555847168,11.745087623596191,False
265,11.19822841866684,11.382072448730469,11.341178894042969,False
266,12.075400019877522,12.059930801391602,12.061434745788574,False
267,12.128116509451258,12.117740631103516,12.121429443359375,False
268,12.097936057925594,12.055349349975586,12.055349349975586,False
269,11.699413330633599,11.64427375793457,11.632071495056152,False
270,11.904974309480181,11.951993942260742,11.977079391479492,False
271,12.491255347155265,12.488973617553711,12.482030868530273,False
272,12.394628892852941,12.327346801757812,12.292598724365234,False
273,12.577639650232573,12.61366081237793,12.602331161499023,False
274,11.842236406331555,12.051567077636719,12.051567077636719,False
275,11.732069026983156,11.765992164611816,11.767767906188965,False
276,12.230770136157428,12.07798957824707,12.065339088439941,False
277,12.211065162153215,12.232887268066406,12.236810684204102,False
278,11.856522261533737,11.594866752624512,11.592391967773438,False
279,12.936754021718041,12.801182746887207,12.915336608886719,False
280,12.165255859329688,12.24167537689209,12.246931076049805,False
281,12.339295865674435,12.30575180053711,12.30575180053711,False
282,12.128116509451258,12.11553955078125,12.11553955078125,False
283,12.242891437918386,12.275955200195312,12.236554145812988,False
284,12.407383590534293,12.409430503845215,12.423189163208008,False
285,12.09626335986454,12.172813415527344,12.17216968536377,False
286,12.011886987792716,12.034804344177246,12.028961181640625,False
287,11.976665770490767,12.104391098022461,12.097870826721191,False
288,11.385103457032141,11.578983306884766,11.554443359375,False
289,11.711784520403112,11.668656349182129,11.665576934814453,False
290,11.941950837487406,11.831133842468262,11.832762718200684,False
291,12.359784657728284,12.464020729064941,12.474648475646973,False
292,11.819681958463892,11.810972213745117,11.801844596862793,False
293,11.782960235741939,11.93227481842041,11.9556245803833,False
294,12.367345048436391,12.438578605651855,12.436162948608398,False
295,12.025755079404917,11.995576858520508,11.973325729370117,False
296,11.86710429621008,11.943727493286133,11.94904899597168,False
297,11.931642378754141,11.75300407409668,11.742115020751953,False
298,12.384223015005313,12.316705703735352,12.306598663330078,False
299,12.07254696717504,12.068424224853516,12.082589149475098,False
300,11.973516181427835,11.942109107971191,11.933512687683105,False
301,11.964007453736912,11.995857238769531,11.977591514587402,False
302,12.495007682693725,12.54348373413086,12.555105209350586,False
303,12.230770136157428,12.301926612854004,12.301926612854004,False
304,11.917730355182513,11.735926628112793,11.721902847290039,False
305,12.59473402514672,12.746275901794434,12.682256698608398,False
306,12.631016799175821,12.61341667175293,12.61341667175293,False
307,12.323860125621126,12.317663192749023,12.35039234161377,False
308,11.402005077384885,11.531356811523438,11.531356811523438,False
309,11.320565693461432,11.591936111450195,11.596711158752441,False
310,12.793862088206213,12.780940055847168,12.807819366455078,False
311,12.017336559562407,12.098986625671387,12.104442596435547,False
312,11.790564777297387,11.845041275024414,11.845041275024414,False
313,11.694421681264394,11.831443786621094,11.810942649841309,False
314,12.834683971615659,12.379111289978027,12.398530006408691,False
315,12.08954444723597,12.01978874206543,12.01978874206543,False
316,12.146858590895919,12.13636589050293,12.138737678527832,False
317,12.468440756144114,12.38868522644043,12.378154754638672,False
318,12.506180941677357,12.49837589263916,12.492527961730957,False
319,12.468440756144114,12.674603462219238,12.677254676818848,False
320,12.141539457711714,12.215262413024902,12.215262413024902,False
321,12.74444728628135,12.864224433898926,12.839648246765137,False
322,12.777055016970678,12.713196754455566,12.716876029968262,False
323,12.614868865984631,12.497715950012207,12.541616439819336,False
324,11.745433036677353,11.588871955871582,11.618427276611328,False
325,12.396697137361691,12.422268867492676,12.410577774047852,False
326,11.373674891823535,11.355942726135254,11.312080383300781,False
327,12.688501881189456,12.527876853942871,12.53535270690918,False
328,11.886218559372042,11.854890823364258,11.824581146240234,False
329,12.276069679344003,12.08987045288086,12.07280158996582,False
330,11.264476926102367,11.330084800720215,11.330084800720215,False
331,11.686887175419702,11.855904579162598,11.862698554992676,False
332,11.842236406331555,11.800297737121582,11.796025276184082,False
333,12.556733038263905,12.764252662658691,12.76009464263916,False
334,12.240478903153711,12.091362953186035,12.092838287353516,False
335,12.165255859329688,12.179577827453613,12.179577827453613,False
336,12.34126328584159,12.183780670166016,12.194257736206055,False
337,12.841132451487937,12.76600456237793,12.76600456237793,False
338,12.273735966890268,12.323282241821289,12.331189155578613,False
339,12.218500103788143,12.264954566955566,12.250282287597656,False
340,11.951186847493476,11.928157806396484,11.916479110717773,False
341,12.220473454337986,12.296801567077637,12.272994995117188,False
342,11.314486721293981,11.339701652526855,11.311624526977539,False
343,11.37940550085183,11.425276756286621,11.425140380859375,False
344,12.491255347155265,12.546210289001465,12.526749610900879,False
345,11.350418300109132,11.479448318481445,11.482274055480957,False
346,11.850832386224807,11.82097339630127,11.833133697509766,False
347,11.928347504569842,11.83980655670166,11.832588195800781,False
348,11.967187086434018,12.09111213684082,12.09111213684082,False
349,11.944714374881176,12.1343412399292,12.121607780456543,False
350,12.988043102265232,13.07105541229248,13.07105541229248,False
351,12.670001611311875,12.619600296020508,12.652379989624023,False
352,12.154784614286667,12.200639724731445,12.207719802856445,False
353,11.461642696843066,11.446884155273438,11.400392532348633,False
354,11.570259974415547,11.542784690856934,11.542213439941406,False
355,11.849404844423074,12.001237869262695,11.984896659851074,False
356,12.086731521684555,12.090173721313477,12.077588081359863,False
357,12.06105265381003,12.0424165725708,12.043424606323242,False
358,11.80560254159177,11.8308687210083,11.8308687210083,False
359,11.775297421715827,11.760908126831055,11.741058349609375,False
360,12.54254845357358,12.51369571685791,12.51369571685791,False
361,11.957617696467539,11.916914939880371,11.916914939880371,False
362,11.884495917930655,11.857626914978027,11.85429573059082,False
363,12.198549416880068,12.126209259033203,12.126209259033203,False
364,11.678448377988165,11.544424057006836,11.563074111938477,False
365,12.154784614286667,12.16446304321289,12.156336784362793,False
366,11.898194668458823,11.690948486328125,11.667997360229492,False
367,11.976665770490767,12.009926795959473,12.006235122680664,False
368,12.013706813470414,11.97221851348877,11.961821556091309,False
369,11.790564777297387,11.832954406738281,11.834168434143066,False
370,11.995357787034976,12.021666526794434,12.016759872436523,False
371,12.057578437658945,12.081572532653809,12.07846450805664,False
372,11.808821212646512,11.654054641723633,11.665983200073242,False
373,11.736077016252437,11.66779613494873,11.66779613494873,False
374,11.719947764402807,11.738105773925781,11.738105773925781,False
375,12.299112067295642,12.231099128723145,12.227703094482422,False
376,11.0186455364637,11.276261329650879,11.252599716186523,False
377,11.904974309480181,11.759689331054688,11.773038864135742,False
378,12.73670383776449,12.630205154418945,12.626571655273438,False
379,12.885204569609956,12.840612411499023,12.831938743591309,False
380,12.095146671399466,12.02524471282959,12.058135986328125,False
381,11.751950239425476,11.860688209533691,11.839908599853516,False
382,12.142871895843887,12.246578216552734,12.241548538208008,False
383,12.271396795480596,12.245264053344727,12.250752449035645,False
384,11.23850177707664,11.232115745544434,11.250921249389648,False
385,12.388398368982115,12.44301986694336,12.443437576293945,False
386,12.165255859329688,12.14003849029541,12.149130821228027,False
387,11.302216779257382,11.505724906921387,11.505724906921387,False
388,11.736077016252437,11.813541412353516,11.809745788574219,False
389,12.160033942617156,12.168244361877441,12.168244361877441,False
390,12.962196972666593,12.985190391540527,12.985190391540527,False
391,11.686887175419702,11.690958976745605,11.6940279006958,False
392,12.278397958261774,12.268790245056152,12.273896217346191,False
393,11.575909653758895,11.539054870605469,11.55207347869873,False
394,11.51293546492023,11.402591705322266,11.39924430847168,False
395,11.599112335481124,11.616148948669434,11.633735656738281,False
396,11.767575435251748,11.723926544189453,11.760930061340332,False
397,11.719947764402807,11.770116806030273,11.768136978149414,False
398,12.040614105490253,11.933345794677734,11.93619441986084,False
399,11.112462823634855,11.39203929901123,11.430827140808105,False
400,12.392556361841777,12.279914855957031,12.277664184570312,False
401,12.411056299528171,12.350423812866211,12.317147254943848,False
402,12.013646205940514,12.137272834777832,12.125448226928711,False
403,11.58989576532275,11.4188232421875,11.408136367797852,False
404,12.460718739865236,12.417282104492188,12.430742263793945,False
405,12.031725210748633,12.06373405456543,12.06373405456543,False
406,11.918397239722838,11.922662734985352,11.937676429748535,False
407,11.652696102959753,11.679606437683105,11.647725105285645,False
408,12.083910661257521,12.047698974609375,12.050715446472168,False
409,12.54254845357358,12.49341106414795,12.49341106414795,False
410,12.73596827534975,12.64592170715332,12.62830638885498,False
411,11.002116507732017,11.448539733886719,11.44290828704834,False
412,11.884495917930655,11.828166007995605,11.776053428649902,False
413,12.310437165348775,12.351823806762695,12.347015380859375,False
414,11.652696102959753,11.637945175170898,11.627253532409668,False
415,12.337105293891872,12.3420991897583,12.348443984985352,False
416,12.106997888588934,12.217541694641113,12.205925941467285,False
417,11.915058360753719,11.953742027282715,11.955230712890625,False
418,12.384223015005313,12.370049476623535,12.40738296508789,False
419,11.744045122410057,11.525554656982422,11.558914184570312,False
420,11.863589378812122,11.806768417358398,11.819662094116211,False
421,12.237091546357338,12.114209175109863,12.081097602844238,False
422,12.278397958261774,12.337682723999023,12.30693244934082,False
423,11.635151947212842,11.628214836120605,11.632221221923828,False
424,12.660331092405906,12.731310844421387,12.70683479309082,False
425,11.842236406331555,11.890625,11.890625,False
426,11.813037464800539,11.81081771850586,11.825413703918457,False
427,12.524530013005734,12.365161895751953,12.3859224319458,False
428,11.599185726610004,11.672436714172363,11.637153625488281,False
429,12.182809136284991,12.187140464782715,12.207667350769043,False
430,12.07254696717504,12.083894729614258,12.0501070022583,False
431,11.355113089309977,11.463318824768066,11.461808204650879,False
432,11.288543647320601,11.612499237060547,11.626874923706055,False
433,11.715874472198905,11.75121021270752,11.761369705200195,False
434,12.10625783509458,12.108502388000488,12.08782958984375,False
435,11.302216779257382,11.355062484741211,11.355062484741211,False
436,12.264346270624157,12.234463691711426,12.267877578735352,False
437,11.661354090741,11.451041221618652,11.451041221618652,False
438,11.686887175419702,11.693829536437988,11.685479164123535,False
439,11.411457364027745,11.3505859375,11.394304275512695,False
440,11.608244735642321,11.712646484375,11.717700004577637,False
441,13.22672519452875,13.045092582702637,13.045092582702637,False
442,11.678448377988165,11.65010929107666,11.647265434265137,False
443,12.000897933306716,11.914052963256836,11.914052963256836,False
444,12.058158312538197,12.10862922668457,12.123259544372559,False
445,12.25486757159303,12.303630828857422,12.294072151184082,False
446,11.755879486687116,11.932877540588379,11.932877540588379,False
447,12.154784614286667,12.307279586791992,12.307279586791992,False
448,12.20557752297723,12.214896202087402,12.213675498962402,False
449,11.691080018519527,11.703988075256348,11.703988075256348,False
450,11.695255355062795,11.60167407989502,11.60167407989502,False
451,11.608244735642321,11.581928253173828,11.581928253173828,False
452,12.54254845357358,12.307374000549316,12.31130599975586,False
453,12.225880174775122,12.17182731628418,12.1943998336792,False
454,12.25486757159303,12.321014404296875,12.321479797363281,False
455,12.144202560946876,11.888752937316895,11.908096313476562,False
456,12.075400019877522,12.007360458374023,11.999199867248535,False
457,11.49273296168228,11.230962753295898,11.256425857543945,False
458,12.45293662970407,12.147170066833496,12.147170066833496,False
459,11.989165855127435,11.936982154846191,11.940237998962402,False
460,11.608244735642321,11.692299842834473,11.721672058105469,False
461,12.481565733211923,12.462053298950195,12.462053298950195,False
462,11.951186847493476,11.924304962158203,11.887528419494629,False
463,11.04106411122238,11.756896018981934,11.752606391906738,False
464,12.147919030759663,12.157634735107422,12.151177406311035,False
465,11.728044909070785,11.692136764526367,11.686783790588379,False
466,12.093693109638318,12.040240287780762,12.040240287780762,False
467,12.025755079404917,12.03018856048584,12.056204795837402,False
468,11.89478753335453,11.953570365905762,11.941977500915527,False
469,12.429220196836383,12.404804229736328,12.418686866760254,False
470,12.138869243416009,12.103676795959473,12.121850967407227,False
471,12.264346270624157,12.336302757263184,12.338440895080566,False
472,12.154784614286667,12.151141166687012,12.131214141845703,False
473,11.904974309480181,11.80042839050293,11.810407638549805,False
474,12.994532278619134,12.811511993408203,12.831940650939941,False
475,12.433212202169729,12.411091804504395,12.415914535522461,False
476,11.794345471549745,11.80446720123291,11.80446720123291,False
477,12.249615734512616,12.2349214553833,12.235329627990723,False
478,12.847929163278053,12.945574760437012,12.958939552307129,False
479,12.601490784782536,12.610794067382812,12.625837326049805,False
480,11.401681006153428,11.70747184753418,11.704276084899902,False
481,12.694655727828803,12.772443771362305,12.772443771362305,False
482,12.832013750189885,12.757661819458008,12.77455997467041,False
483,11.951186847493476,11.947543144226074,11.943671226501465,False
484,12.00762780434872,11.993192672729492,11.99621295928955,False
485,11.794345471549745,11.83818244934082,11.833128929138184,False
486,11.898194668458823,11.862055778503418,11.860471725463867,False
487,11.957617696467539,11.889761924743652,11.904900550842285,False
488,12.07254696717504,12.100013732910156,12.102002143859863,False
489,11.982935344196433,11.753511428833008,11.710914611816406,False
490,11.362114203075018,11.586031913757324,11.542256355285645,False
491,11.652696102959753,11.635523796081543,11.684233665466309,False
492,11.798111925972618,11.938435554504395,11.93630599975586,False
493,12.059809113551397,12.026470184326172,12.039347648620605,False
494,11.951186847493476,11.925322532653809,11.913771629333496,False
495,11.421917019425596,11.466309547424316,11.489957809448242,False
496,10.460270761075149,11.122488975524902,11.1362886428833,False
497,12.971542813248437,12.68376636505127,12.81039810180664,False
498,12.122696471358964,11.990097045898438,11.99628734588623,False
499,11.775297421715827,11.802250862121582,11.792757034301758,False
500,11.695255355062795,11.778998374938965,11.775930404663086,False
501,11.635151947212842,11.599080085754395,11.613465309143066,False
502,12.331387247601905,12.24793815612793,12.24793815612793,False
503,11.849404844423074,11.861675262451172,11.862359046936035,False
504,12.574185427296195,12.494206428527832,12.499284744262695,False
505,11.898194668458823,11.847240447998047,11.847240447998047,False
506,11.732069026983156,11.791858673095703,11.763128280639648,False
507,12.278397958261774,12.34100341796875,12.360706329345703,False
508,12.246739428005663,12.045297622680664,12.045297622680664,False
509,11.989165855127435,11.937594413757324,11.938104629516602,False
510,11.732069026983156,11.865180015563965,11.863343238830566,False
511,12.013100572810686,11.983625411987305,11.993826866149902,False
512,12.2193145828011,12.146453857421875,12.155997276306152,False
513,11.774527900858468,11.74393367767334,11.738012313842773,False
514,11.80560254159177,11.904778480529785,11.910135269165039,False
515,11.477308649967686,11.446586608886719,11.407235145568848,False
516,12.90634935052389,12.90615177154541,12.93116283416748,False
517,11.970356641102999,12.002010345458984,12.010002136230469,False
518,12.487488878546145,12.5242280960083,12.518641471862793,False
519,12.259618151783465,12.159162521362305,12.147976875305176,False
520,12.36308066783498,12.378303527832031,12.378303527832031,False
521,11.573559498507079,11.349298477172852,11.33605670928955,False
522,11.918397239722838,11.892526626586914,11.934231758117676,False
523,11.976665770490767,11.895959854125977,11.918137550354004,False
524,12.126764251515691,13.27988338470459,13.27988338470459,True
525,12.662709207270272,12.546558380126953,12.561366081237793,False
526,12.07824495582233,12.107688903808594,12.107688903808594,False
527,11.790564777297387,11.800800323486328,11.788207054138184,False
528,13.008661502470739,12.876153945922852,12.931106567382812,False
529,11.362114203075018,11.372099876403809,11.378753662109375,False
530,12.209192772866418,12.412415504455566,12.382625579833984,False
531,12.07254696717504,12.081318855285645,12.081318855285645,False
532,11.759793355371237,11.839943885803223,11.839943885803223,False
533,11.58525542883217,11.568892478942871,11.59816837310791,False
534,10.579005242826247,10.9922456741333,10.9922456741333,False
535,12.08954444723597,12.124491691589355,12.131529808044434,False
536,11.58525542883217,11.76286506652832,11.76258659362793,False
537,12.144202560946876,12.202712059020996,12.202712059020996,False
538,11.619544188752133,11.726313591003418,11.729220390319824,False
539,11.970356641102999,11.840536117553711,11.847338676452637,False
540,12.513561021741964,12.411253929138184,12.411253929138184,False
541,12.660331092405906,12.788468360900879,12.755237579345703,False
542,12.421188057397055,12.457198143005371,12.457198143005371,False
543,12.270225154674701,12.302459716796875,12.275123596191406,False
544,11.798111925972618,11.768516540527344,11.788992881774902,False
545,12.098854850641,12.18851375579834,12.19136905670166,False
546,12.34148164933907,12.41295337677002,12.41295337677002,False
547,12.25486757159303,12.055756568908691,12.057522773742676,False
548,11.771443882099637,11.734587669372559,11.745992660522461,False
549,11.736077016252437,11.744121551513672,11.742774963378906,False
550,12.479913113434042,12.319921493530273,12.330279350280762,False
551,11.849404844423074,11.758676528930664,11.756943702697754,False
552,11.630717389475995,11.641448020935059,11.644941329956055,False
553,12.450981602512561,12.500188827514648,12.487162590026855,False
554,11.58989576532275,11.638826370239258,11.638826370239258,False
555,12.556733038263905,12.446049690246582,12.440600395202637,False
556,11.635151947212842,11.627303123474121,11.627303123474121,False
557,11.856522261533737,11.927024841308594,11.90359878540039,False
558,11.58989576532275,11.46068000793457,11.46068000793457,False
559,12.07254696717504,12.216904640197754,12.225133895874023,False
560,12.36308066783498,12.132376670837402,12.124515533447266,False
561,11.707677772181546,12.022451400756836,12.015015602111816,False
562,12.04355959836804,12.017878532409668,12.010293960571289,False
563,11.58989576532275,11.679458618164062,11.714797019958496,False
564,12.128116509451258,12.070268630981445,12.072114944458008,False
565,12.498745990829315,12.462851524353027,12.44941520690918,False
566,11.759793355371237,11.82951831817627,11.824090003967285,False
567,12.691583538230217,12.68716812133789,12.655874252319336,False
568,12.273735966890268,12.151810646057129,12.159639358520508,False
569,12.665397584983758,12.596949577331543,12.616394996643066,False
570,11.820123358887447,11.865917205810547,11.87191104888916,False
571,11.867805799560465,11.887653350830078,11.873906135559082,False
572,11.695255355062795,11.71628475189209,11.713778495788574,False
573,12.32163544049751,12.22926139831543,12.22926139831543,False
574,12.04355959836804,12.032819747924805,12.038614273071289,False
575,11.842236406331555,11.719256401062012,11.714765548706055,False
576,11.682676678340282,11.65046501159668,11.652412414550781,False
577,11.884495917930655,11.896035194396973,11.88659954071045,False
578,12.010671928196443,11.978589057922363,11.938092231750488,False
579,11.891368749982085,11.964329719543457,11.979219436645508,False
580,11.78676973513378,11.736563682556152,11.736563682556152,False
581,12.111217862017215,12.131636619567871,12.134431838989258,False
582,12.442306148381938,12.871896743774414,12.804173469543457,False
583,11.682676678340282,11.622137069702148,11.636648178100586,False
584,12.691583538230217,12.710527420043945,12.791954040527344,False
585,11.798111925972618,11.79765510559082,11.797416687011719,False
586,12.820990681250251,12.874754905700684,12.807565689086914,False
587,11.775297421715827,11.677891731262207,11.68567180633545,False
588,11.827743504053695,11.825152397155762,11.830854415893555,False
589,11.870606902224587,12.249155044555664,12.242755889892578,False
590,11.283524879179666,11.55907154083252,11.536317825317383,False
591,12.132969552931216,12.155580520629883,12.13927936553955,False
592,13.02132904585825,12.991595268249512,13.085606575012207,False
593,11.835016210489899,11.835851669311523,11.856459617614746,False
594,11.849404844423074,11.862911224365234,11.862911224365234,False
595,11.608244735642321,11.643590927124023,11.63357162475586,False
596,12.672949516558306,12.588016510009766,12.635225296020508,False
597,11.648373769145277,11.651823043823242,11.651823043823242,False
598,12.176654133447505,12.102412223815918,12.119940757751465,False
599,12.289958727201455,12.195650100708008,12.167540550231934,False
600,11.92504173829169,11.903295516967773,11.9097900390625,False
601,12.524530013005734,12.513066291809082,12.518356323242188,False
602,11.856522261533737,11.75213623046875,11.74780559539795,False
603,12.301387370778713,12.342045783996582,12.329338073730469,False
604,11.92504173829169,11.941125869750977,11.941125869750977,False
605,12.30592250537653,12.299270629882812,12.310321807861328,False
606,12.230770136157428,12.231925964355469,12.213400840759277,False
607,11.931642378754141,11.942872047424316,11.941224098205566,False
608,12.323860125621126,12.026982307434082,12.095392227172852,False
609,12.791358964949923,12.702285766601562,12.745884895324707,False
610,11.682676678340282,11.711760520935059,11.711760520935059,False
611,12.653961664405365,12.685361862182617,12.712538719177246,False
612,11.904974309480181,11.988879203796387,11.98525333404541,False
613,12.474193386571581,12.459906578063965,12.486903190612793,False
614,11.898194668458823,11.641362190246582,11.661355972290039,False
615,11.231901180182515,11.252138137817383,11.257617950439453,False
616,11.83138646878959,11.819328308105469,11.810665130615234,False
617,12.118339189722553,12.11810302734375,12.128576278686523,False
618,11.566475710526321,11.694902420043945,11.705567359924316,False
619,12.659737267217572,12.696187019348145,12.676965713500977,False
620,12.628070334272698,12.641799926757812,12.650209426879883,False
621,11.112462823634855,11.011836051940918,10.969781875610352,False
622,12.388398368982115,12.456997871398926,12.431037902832031,False
623,11.813037464800539,11.741147994995117,11.741147994995117,False
624,12.034696963475044,12.114028930664062,12.11331844329834,False
625,12.014615485902027,11.965099334716797,11.965099334716797,False
626,11.982935344196433,11.880084991455078,11.868664741516113,False
627,11.848690308590857,11.717936515808105,11.747429847717285,False
628,11.938199736300925,11.952376365661621,11.977638244628906,False
629,11.813037464800539,12.137898445129395,12.082012176513672,False
630,12.034696963475044,11.973593711853027,11.940752983093262,False
631,11.728044909070785,11.60886287689209,11.596375465393066,False
632,12.252483791602627,12.388134002685547,12.388134002685547,False
633,11.320565693461432,12.098145484924316,12.12869930267334,False
634,11.845109950883979,11.871842384338379,11.874529838562012,False
635,11.87757552297847,11.886648178100586,11.870081901550293,False
636,12.206077645517674,12.2028226852417,12.164711952209473,False
637,11.002116507732017,10.954898834228516,10.878016471862793,False
638,11.440365524765756,11.598288536071777,11.598288536071777,False
639,11.350418300109132,11.479592323303223,11.45639419555664,False
640,12.485830907348902,12.5568265914917,12.507163047790527,False
641,12.520887034998584,12.526350975036621,12.525171279907227,False
642,12.328294703023396,12.378730773925781,12.359204292297363,False
643,12.75130259456002,12.83875560760498,12.75825309753418,False
644,11.931642378754141,11.900147438049316,11.918923377990723,False
645,12.823631142839984,12.751486778259277,12.751486778259277,False
646,11.872353615355413,11.845391273498535,11.884756088256836,False
647,11.495789479023493,11.496682167053223,11.492331504821777,False
648,11.951186847493476,11.83171558380127,11.8504638671875,False
649,11.951186847493476,11.943877220153809,11.958090782165527,False
650,11.344518647594766,11.227813720703125,11.236300468444824,False
651,12.235393555399902,12.214128494262695,12.20913028717041,False
652,11.58989576532275,11.635014533996582,11.633461952209473,False
653,12.160033942617156,12.17857551574707,12.185210227966309,False
654,11.813037464800539,11.84307861328125,11.858535766601562,False
655,12.765691290604371,12.836222648620605,12.820202827453613,False
656,11.385103457032141,11.432999610900879,11.431310653686523,False
657,11.8879382384223,11.866039276123047,11.858887672424316,False
658,11.91170829631447,12.043676376342773,12.027593612670898,False
659,11.487617913343598,11.828056335449219,11.833409309387207,False
660,12.025755079404917,11.938526153564453,11.987552642822266,False
661,12.19552218463499,12.225144386291504,12.217321395874023,False
662,12.904209855160254,12.87065315246582,12.856683731079102,False
663,11.608244735642321,11.946783065795898,11.881002426147461,False
664,11.83138646878959,11.786811828613281,11.814153671264648,False
665,12.955129822091815,12.708389282226562,12.824400901794434,False
666,12.348010479804223,12.42319393157959,12.415496826171875,False
667,11.767575435251748,12.207233428955078,12.207233428955078,False
668,12.173037959397275,12.221443176269531,12.221443176269531,False
669,12.031725210748633,12.018038749694824,12.018038749694824,False
670,11.83138646878959,11.719865798950195,11.670007705688477,False
671,12.063938642041201,12.080804824829102,12.074265480041504,False
672,11.548302261270587,11.709451675415039,11.709451675415039,False
673,12.013706813470414,12.028474807739258,12.053499221801758,False
674,12.458778882573533,12.428481101989746,12.428481101989746,False
675,11.849404844423074,11.891571998596191,11.902688026428223,False
676,11.908346971208951,11.904224395751953,11.912031173706055,False
677,11.373674891823535,11.651484489440918,11.651484489440918,False
678,11.603688960617083,11.624234199523926,11.587224006652832,False
679,12.827995001361906,12.688163757324219,12.694666862487793,False
680,11.763691965388299,11.770206451416016,11.770132064819336,False
681,11.870606902224587,11.718579292297363,11.710736274719238,False
682,11.979391594635791,11.590910911560059,11.588354110717773,False
683,12.06105265381003,12.130778312683105,12.118958473205566,False
684,12.560247968016562,12.58961296081543,12.572915077209473,False
685,12.30592250537653,12.259917259216309,12.237709999084473,False
686,12.242891437918386,12.27876091003418,12.263740539550781,False
687,12.336556900342153,12.31590461730957,12.2842435836792,False
688,11.910365121788654,11.987373352050781,11.95728874206543,False
689,12.879019669789754,12.326215744018555,12.31875228881836,False
690,12.179220327453933,12.14601993560791,12.10389232635498,False
691,11.856522261533737,11.89500617980957,11.902795791625977,False
692,13.534474352733596,13.084863662719727,13.172762870788574,False
693,12.721888795877375,12.586989402770996,12.587306022644043,False
694,11.59433032142082,11.534296035766602,11.571592330932617,False
695,11.860062063178267,11.74997329711914,11.746091842651367,False
696,12.07824495582233,12.031279563903809,12.027313232421875,False
697,11.39640288460621,11.41239070892334,11.4122896194458,False
698,11.724004532183379,11.785307884216309,11.785307884216309,False
699,11.83863282480007,11.806066513061523,11.819493293762207,False
700,12.185875040240456,12.122003555297852,12.138359069824219,False
701,12.652362948153474,12.582571029663086,12.61141586303711,False
702,11.849404844423074,11.882430076599121,11.886305809020996,False
703,12.799178471909892,12.738249778747559,12.703859329223633,False
704,11.849404844423074,11.824943542480469,11.857647895812988,False
705,12.269052139516223,12.25825023651123,12.263779640197754,False
706,10.915106645867503,11.012879371643066,11.009908676147461,False
707,12.618185607609803,12.620451927185059,12.620451927185059,False
708,12.445093483000798,12.291982650756836,12.285759925842285,False
709,12.09815887308463,12.079817771911621,12.079817771911621,False
710,11.60733523953139,11.58156967163086,11.570515632629395,False
711,10.859018228147887,11.305830001831055,11.273859024047852,False
712,11.54031687156214,11.489506721496582,11.50438404083252,False
713,12.149507585033072,12.15885066986084,12.15885066986084,False
714,11.767575435251748,11.596433639526367,11.596433639526367,False
715,11.779136168550774,12.10566520690918,12.091240882873535,False
716,12.013706813470414,11.89035415649414,11.896651268005371,False
717,11.979805470779858,12.2633056640625,12.2633056640625,False
718,11.964007453736912,12.00063705444336,12.002899169921875,False
719,12.739640688812674,12.676054000854492,12.667632102966309,False
720,11.763691965388299,11.795332908630371,11.803484916687012,False
721,12.524530013005734,12.467079162597656,12.48092269897461,False
722,11.870606902224587,11.871567726135254,11.87851333618164,False
723,11.732069026983156,11.683749198913574,11.659052848815918,False
724,11.813037464800539,11.780611991882324,11.780611991882324,False
725,12.676079399771027,12.676648139953613,12.676648139953613,False
726,11.699413330633599,11.680272102355957,11.69170093536377,False
727,12.310437165348775,12.32226276397705,12.330830574035645,False
728,12.178192583415596,12.214533805847168,12.214533805847168,False
729,11.608244735642321,11.750840187072754,11.737933158874512,False
730,11.542493975902508,11.42696762084961,11.413899421691895,False
731,12.373707715234994,12.464055061340332,12.449265480041504,False
732,12.141539457711714,12.130175590515137,12.130175590515137,False
733,12.312686874960354,12.377842903137207,12.36068058013916,False
734,11.786008995353765,11.751497268676758,11.766416549682617,False
735,11.58989576532275,11.6111421585083,11.614267349243164,False
736,12.001511614739405,12.060213088989258,12.047408103942871,False
737,11.44572741040675,11.384909629821777,11.357418060302734,False
738,12.3879816172226,12.360612869262695,12.362467765808105,False
739,12.095146671399466,11.762788772583008,11.803360939025879,False
740,12.154784614286667,12.174224853515625,12.174224853515625,False
741,11.790564777297387,11.630692481994629,11.685848236083984,False
742,11.863589378812122,11.815336227416992,11.815239906311035,False
743,12.095146671399466,12.123690605163574,12.11438274383545,False
744,12.07254696717504,11.948102951049805,11.948102951049805,False
745,12.100717685412471,12.246465682983398,12.250540733337402,False
746,12.61087420020211,12.711033821105957,12.711033821105957,False
747,12.371591321286905,12.385231018066406,12.360712051391602,False
748,12.491176396967154,12.382805824279785,12.40838623046875,False
749,12.469978029554953,12.418392181396484,12.40191650390625,False
750,11.49273296168228,11.182234764099121,11.202659606933594,False
751,11.477308649967686,11.435089111328125,11.42182731628418,False
752,11.995357787034976,11.987935066223145,11.988958358764648,False
753,12.28765724080691,12.216711044311523,12.211593627929688,False
754,12.526346537332584,12.497907638549805,12.482131004333496,False
755,11.957617696467539,11.899308204650879,11.899718284606934,False
756,12.058158312538197,11.987495422363281,11.980743408203125,False
757,12.264346270624157,12.268442153930664,12.268442153930664,False
758,11.97603664577121,11.930108070373535,11.930108070373535,False
759,12.097378802727306,12.023359298706055,12.022181510925293,False
760,12.577639650232573,12.684020042419434,12.644879341125488,False
761,11.755879486687116,11.698773384094238,11.697089195251465,False
762,11.51293546492023,11.629278182983398,11.587994575500488,False
763,12.279327754099118,12.193303108215332,12.18895435333252,False
764,12.727841176689147,12.682107925415039,12.656745910644531,False
765,12.506180941677357,12.425098419189453,12.441123962402344,False
766,12.484208043148733,12.522286415100098,12.522492408752441,False
767,12.188422799337028,12.176008224487305,12.1624755859375,False
768,11.982935344196433,12.052794456481934,12.052794456481934,False
769,12.28690580994122,12.336570739746094,12.326478004455566,False
770,13.195615697878253,13.015589714050293,13.084564208984375,False
771,11.812296455066814,11.784996032714844,11.786771774291992,False
772,11.532737896139919,11.69379997253418,11.69379997253418,False
773,11.580593459194764,11.865200996398926,11.85964584350586,False
774,11.648338835562747,11.719074249267578,11.724437713623047,False
775,12.886643575525625,12.627839088439941,12.582828521728516,False
776,11.995357787034976,11.988943099975586,11.995672225952148,False
777,12.308182383129823,12.27376937866211,12.281004905700684,False
778,11.86710429621008,11.824962615966797,11.819188117980957,False
779,11.87757552297847,11.82142448425293,11.826945304870605,False
780,11.813037464800539,11.953636169433594,11.956631660461426,False
781,12.07824495582233,12.063879013061523,12.063879013061523,False
782,12.077676615757813,12.086128234863281,12.084890365600586,False
783,12.139403856983334,12.126405715942383,12.128796577453613,False
784,12.016732516077072,11.956571578979492,11.956571578979492,False
785,11.759793355371237,11.828518867492676,11.842507362365723,False
786,11.992266613576142,12.01960563659668,12.006589889526367,False
787,11.842236406331555,11.759187698364258,11.75601863861084,False
788,12.358798024384122,12.325956344604492,12.33861255645752,False
789,11.588969419043874,11.649410247802734,11.645532608032227,False
790,12.141539457711714,12.260820388793945,12.25247859954834,False
791,11.984184555794167,12.008740425109863,12.000382423400879,False
792,11.896833207128452,11.956552505493164,11.954270362854004,False
793,12.505402864156405,12.37531566619873,12.37531566619873,False
794,12.323860125621126,12.398015022277832,12.404057502746582,False
795,12.178192583415596,12.194673538208008,12.18835163116455,False
796,12.049424683420915,12.008905410766602,12.003250122070312,False
797,11.874097282798648,11.865522384643555,11.861303329467773,False
798,11.608244735642321,11.537307739257812,11.535572052001953,False
799,13.091906231773164,13.084165573120117,13.079283714294434,False
800,12.07254696717504,11.918732643127441,11.896662712097168,False
801,12.206077645517674,12.254401206970215,12.243508338928223,False
802,11.60733523953139,11.682640075683594,11.685912132263184,False
803,12.149507585033072,12.170360565185547,12.167118072509766,False
804,13.275829251377,13.05057144165039,13.039825439453125,False
805,11.678448377988165,11.655394554138184,11.646240234375,False
806,12.335700805443338,12.238018035888672,12.25693130493164,False
807,11.816734299348461,11.769248008728027,11.7854585647583,False
808,12.317171167298682,12.193918228149414,12.193918228149414,False
809,11.982622797311857,11.867216110229492,11.848955154418945,False
810,11.571203807011969,11.72317123413086,11.753515243530273,False
811,12.10625783509458,12.058761596679688,12.07145881652832,False
812,11.881041706925902,11.873269081115723,11.868670463562012,False
813,10.932999821119937,11.46396541595459,11.446298599243164,False
814,11.969723533345908,11.993160247802734,11.966081619262695,False
815,11.661354090741,11.687325477600098,11.687325477600098,False
816,12.323415584358154,12.220029830932617,12.219057083129883,False
817,11.827743504053695,11.81476879119873,11.81857967376709,False
818,12.509877789891931,12.613631248474121,12.596452713012695,False
819,11.951186847493476,11.875718116760254,11.892365455627441,False
820,12.319405795112926,12.266757011413574,12.256306648254395,False
821,12.117246896289503,12.172637939453125,12.172637939453125,False
822,11.440365524765756,11.406797409057617,11.357623100280762,False
823,12.323860125621126,12.146589279174805,12.174251556396484,False
824,11.845827048676645,11.877870559692383,11.877870559692383,False
825,12.357079818283598,12.352633476257324,12.352633476257324,False
826,12.861001210669146,12.921201705932617,13.06710147857666,False
827,11.603688960617083,11.464838027954102,11.464838027954102,False
828,12.149507585033072,12.160516738891602,12.15521240234375,False
829,12.128116509451258,12.105422019958496,12.105422019958496,False
830,11.900912042974875,11.954686164855957,11.972962379455566,False
831,12.019749091416921,12.004069328308105,12.018594741821289,False
832,11.92504173829169,11.947507858276367,11.950956344604492,False
833,12.37581963951765,12.323898315429688,12.330594062805176,False
834,12.025755079404917,11.931754112243652,11.912403106689453,False
835,11.849047640327147,11.81411075592041,11.81411075592041,False
836,11.759793355371237,11.772517204284668,11.766825675964355,False
837,11.941462360646149,11.795863151550293,11.82585334777832,False
838,11.51293546492023,11.490413665771484,11.46626091003418,False
839,11.87757552297847,11.860005378723145,11.872845649719238,False
840,11.779136168550774,11.772106170654297,11.762084007263184,False
841,11.849404844423074,11.716146469116211,11.761758804321289,False
842,11.967187086434018,11.914824485778809,11.881790161132812,False
843,12.071975378543236,11.965532302856445,11.976317405700684,False
844,11.856522261533737,11.815902709960938,11.801633834838867,False
845,11.944064817531656,11.835138320922852,11.835138320922852,False
846,12.049424683420915,12.089795112609863,12.140522003173828,False
847,12.269052139516223,12.218680381774902,12.220799446105957,False
848,11.80186424743109,11.813212394714355,11.805700302124023,False
849,12.388398368982115,12.296648025512695,12.31302547454834,False
850,12.138869243416009,12.082548141479492,12.075628280639648,False
851,11.78676973513378,11.863473892211914,11.872111320495605,False
852,12.278397958261774,12.174295425415039,12.165143966674805,False
853,12.00762780434872,12.05813217163086,12.05813217163086,False
854,11.970356641102999,12.025092124938965,12.008919715881348,False
855,12.04355959836804,12.022238731384277,12.0419282913208,False
856,11.751950239425476,11.885162353515625,11.888280868530273,False
857,11.898194668458823,11.973322868347168,11.970076560974121,False
858,12.066816325306588,11.978289604187012,11.978289604187012,False
859,11.931642378754141,11.854297637939453,11.854297637939453,False
860,12.429220196836383,12.38457202911377,12.422329902648926,False
861,12.154521423145216,12.027097702026367,12.020689010620117,False
862,11.78676973513378,11.821674346923828,11.820038795471191,False
863,11.931642378754141,11.870668411254883,11.870668411254883,False
864,11.794345471549745,11.878031730651855,11.86643123626709,False
865,12.43153750053306,12.168558120727539,12.168558120727539,False
866,11.908346971208951,11.779792785644531,11.795222282409668,False
867,12.424810506025395,12.398691177368164,12.422781944274902,False
868,11.767575435251748,11.770942687988281,11.770942687988281,False
869,12.037659911047468,11.995072364807129,12.00299072265625,False
870,12.371591321286905,12.331063270568848,12.331063270568848,False
871,11.603688960617083,11.478778839111328,11.474730491638184,False
872,12.208574513247495,12.13382339477539,12.134769439697266,False
873,11.661354090741,11.67928409576416,11.671120643615723,False
874,11.798111925972618,11.779842376708984,11.790925979614258,False
875,11.104972264124868,11.4615478515625,11.512879371643066,False
876,12.623064399210183,12.61211109161377,12.701408386230469,False
877,11.792456911128632,11.787076950073242,11.80713176727295,False
878,12.765691290604371,12.77918529510498,12.774212837219238,False
879,11.904974309480181,11.904817581176758,11.93233585357666,False
880,11.824087219587643,11.810295104980469,11.809585571289062,False
881,11.964007453736912,11.934659004211426,11.928255081176758,False
882,12.141539457711714,12.300189018249512,12.316174507141113,False
883,12.08954444723597,12.059118270874023,12.059118270874023,False
884,11.682676678340282,11.59044075012207,11.62515926361084,False
885,11.51293546492023,11.719107627868652,11.719892501831055,False
886,12.70351207261035,12.57580280303955,12.568890571594238,False
887,11.884495917930655,12.023625373840332,11.982888221740723,False
888,11.816734299348461,11.831336975097656,11.83570384979248,False
889,12.498745990829315,12.588676452636719,12.588676452636719,False
890,11.915058360753719,11.974008560180664,11.989367485046387,False
891,11.719134432217524,11.662550926208496,11.638489723205566,False
892,12.058158312538197,12.068453788757324,12.063800811767578,False
893,11.947955847790901,11.888724327087402,11.878325462341309,False
894,12.013706813470414,11.923813819885254,11.93026065826416,False
895,11.685693195625964,11.697566032409668,11.72755241394043,False
896,11.849404844423074,12.02287483215332,12.010950088500977,False
897,11.575909653758895,11.335938453674316,11.31938648223877,False
898,11.870278179170796,11.816143989562988,11.825157165527344,False
899,13.323928581764989,13.156614303588867,13.17343521118164,False
900,11.813037464800539,11.80423355102539,11.80423355102539,False
901,11.608244735642321,11.656394958496094,11.668482780456543,False
902,11.938199736300925,11.863521575927734,11.87044906616211,False
903,12.100717685412471,12.116065979003906,12.09821605682373,False
904,12.388398368982115,12.365205764770508,12.361846923828125,False
905,11.74006900564972,11.695068359375,11.695068359375,False
906,11.759793355371237,11.781194686889648,11.781194686889648,False
907,12.449022745701502,12.548645973205566,12.531756401062012,False
908,12.429220196836383,12.425735473632812,12.37807846069336,False
909,11.782960235741939,11.784980773925781,11.793684005737305,False
910,12.066816325306588,12.05392837524414,12.05392837524414,False
911,11.946660519211651,11.861917495727539,11.890385627746582,False
912,11.874097282798648,11.92956256866455,11.91402530670166,False
913,11.385103457032141,11.494882583618164,11.512894630432129,False
914,11.884495917930655,11.854159355163574,11.88884449005127,False
915,12.065280672855897,11.981261253356934,11.985170364379883,False
916,11.225256725762893,11.362066268920898,11.366357803344727,False
917,10.471978128496518,11.156126022338867,11.137079238891602,False
918,11.813037464800539,11.758278846740723,11.750693321228027,False
919,12.380030154325457,12.488137245178223,12.486863136291504,False
920,12.081081821061819,12.050827980041504,12.050912857055664,False
921,12.211065162153215,12.172921180725098,12.167496681213379,False
922,11.890683588496984,12.031759262084961,12.030801773071289,False
923,12.043500773454495,12.035223960876465,12.039802551269531,False
924,12.170450649220749,12.207500457763672,12.207500457763672,False
925,12.242891437918386,12.184737205505371,12.148425102233887,False
926,12.07254696717504,11.94804573059082,11.922500610351562,False
927,12.560247968016562,12.584174156188965,12.584174156188965,False
928,12.07824495582233,12.09302806854248,12.087658882141113,False
929,12.373707715234994,12.393107414245605,12.39671516418457,False
930,12.310437165348775,12.36745834350586,12.363134384155273,False
931,12.211065162153215,12.341915130615234,12.315282821655273,False
932,11.674202123168433,11.768387794494629,11.777588844299316,False
933,12.676079399771027,12.613618850708008,12.59318733215332,False
934,12.154784614286667,12.202899932861328,12.202899932861328,False
935,12.396697137361691,12.288566589355469,12.288566589355469,False
936,11.288543647320601,11.40359115600586,11.400519371032715,False
937,12.127575825689417,12.124028205871582,12.10924243927002,False
938,12.441148720271016,12.334223747253418,12.317462921142578,False
939,12.387560521575551,12.467516899108887,12.467516899108887,False
940,12.406565597924235,12.445279121398926,12.432659149169922,False
941,11.924379271639218,12.123058319091797,12.128180503845215,False
942,12.273735966890268,12.359038352966309,12.359038352966309,False
943,11.918397239722838,11.86713695526123,11.86713695526123,False
944,11.870606902224587,11.928815841674805,11.920916557312012,False
945,11.83138646878959,11.948160171508789,11.948160171508789,False
946,11.735276702486741,11.897656440734863,11.897656440734863,False
947,11.870606902224587,11.864645957946777,11.899075508117676,False
948,12.506180941677357,12.584502220153809,12.54868221282959,False
949,12.167856627501678,12.235573768615723,12.23707103729248,False
950,12.193498926601634,12.072297096252441,12.072297096252441,False
951,11.767575435251748,11.833327293395996,11.852477073669434,False
952,11.694421681264394,11.651601791381836,11.641457557678223,False
953,11.804855999911272,11.768476486206055,11.756366729736328,False
954,12.055255569732177,12.019936561584473,12.019936561584473,False
955,11.755879486687116,11.81682300567627,11.84304428100586,False
956,11.884495917930655,11.961094856262207,11.959994316101074,False
957,11.728044909070785,11.793058395385742,11.785316467285156,False
958,11.790564777297387,11.771522521972656,11.772295951843262,False
959,12.128116509451258,12.200758934020996,12.203873634338379,False
960,11.951186847493476,12.067412376403809,12.050644874572754,False
961,11.665655135642039,11.742436408996582,11.751842498779297,False
962,12.513561021741964,12.478190422058105,12.53844928741455,False
963,11.951186847493476,11.965033531188965,11.964740753173828,False
964,12.384223015005313,12.600558280944824,12.57912826538086,False
965,12.277932735946903,12.255720138549805,12.255720138549805,False
966,12.094587859196112,12.04007625579834,12.040937423706055,False
967,11.982935344196433,11.837783813476562,11.817041397094727,False
968,11.813037464800539,11.783391952514648,11.783512115478516,False
969,10.542732775946709,11.021135330200195,11.03695297241211,False
970,11.849404844423074,11.723592758178711,11.717708587646484,False
971,11.813037464800539,11.251728057861328,11.251728057861328,False
972,12.06105265381003,12.047811508178711,12.025660514831543,False
973,11.507922973347437,11.750652313232422,11.73681926727295,False
974,12.111767460549332,12.24490737915039,12.27575397491455,False
975,12.02874460037869,12.126154899597168,12.126154899597168,False
976,12.013706813470414,12.103544235229492,12.07531452178955,False
977,11.356283350762888,11.262569427490234,11.262569427490234,False
978,12.20557752297723,12.202467918395996,12.216532707214355,False
979,11.608244735642321,11.531550407409668,11.543045997619629,False
980,11.842236406331555,11.829041481018066,11.822441101074219,False
981,12.091789104493502,12.047243118286133,12.060198783874512,False
982,12.724869415131389,12.709205627441406,12.708341598510742,False
983,11.982278882874377,12.089110374450684,12.089110374450684,False
984,12.45254592991672,12.450677871704102,12.450677871704102,False
985,11.744045122410057,11.762308120727539,11.772610664367676,False
986,11.736077016252437,11.75836181640625,11.75836181640625,False
987,11.669937760751914,11.697860717773438,11.697860717773438,False
988,12.887129532148373,12.888654708862305,12.888654708862305,False
989,12.180759965737863,12.158271789550781,12.17264461517334,False
990,12.190964083849375,12.14908504486084,12.14738941192627,False
991,12.759960632315702,12.627477645874023,12.639290809631348,False
992,12.031725210748633,12.169845581054688,12.167951583862305,False
993,12.138869243416009,12.161187171936035,12.17623519897461,False
994,12.066241450757124,12.052253723144531,12.052253723144531,False
995,12.729323752253295,12.789306640625,12.816385269165039,False
996,11.7085004721646,11.657960891723633,11.626307487487793,False
997,11.824087219587643,11.836527824401855,11.829939842224121,False
998,12.128116509451258,11.960919380187988,11.960919380187988,False
999,11.418625774449598,11.407116889953613,11.413644790649414,False
1000,12.235636302128867,12.130146980285645,12.130146980285645,False
1001,11.314486721293981,11.156900405883789,11.156900405883789,False
1002,11.362114203075018,11.365616798400879,11.396925926208496,False
1003,12.354496960983985,12.417244911193848,12.395824432373047,False
1004,11.827049837927534,11.955167770385742,11.939743995666504,False
1005,12.10625783509458,12.132938385009766,12.137535095214844,False
1006,11.917730355182513,11.777716636657715,11.770498275756836,False
1007,12.004574385508691,11.980826377868652,11.965293884277344,False
1008,11.385103457032141,11.371943473815918,11.371943473815918,False
1009,12.388398368982115,12.453937530517578,12.449514389038086,False
1010,11.532737896139919,11.616083145141602,11.61025333404541,False
1011,11.813037464800539,11.735214233398438,11.775154113769531,False
1012,11.51293546492023,11.554448127746582,11.52069091796875,False
1013,12.013706813470414,11.978882789611816,12.004847526550293,False
1014,11.350418300109132,11.614243507385254,11.622408866882324,False
1015,11.688566422839942,11.761932373046875,11.782832145690918,False
1016,12.33270970174018,12.287454605102539,12.279325485229492,False
1017,12.220966184120165,12.323249816894531,12.304012298583984,False
1018,12.141539457711714,12.07490348815918,12.102163314819336,False
1019,11.982935344196433,12.010502815246582,12.025146484375,False
1020,12.271349956195543,12.188817977905273,12.191912651062012,False
1021,12.07824495582233,11.881153106689453,11.901053428649902,False
1022,12.175618592671356,12.229427337646484,12.211893081665039,False
1023,11.373674891823535,11.586934089660645,11.586934089660645,False
1024,12.160033942617156,12.155406951904297,12.170173645019531,False
1025,12.567240979056246,12.696982383728027,12.626832962036133,False
1026,11.630717389475995,11.703347206115723,11.729842185974121,False
1027,12.02874460037869,11.872565269470215,11.872565269470215,False
1028,12.588194064175278,12.668803215026855,12.686508178710938,False
1029,11.561725152903833,11.777759552001953,11.796309471130371,False
1030,11.678448377988165,11.647420883178711,11.689470291137695,False
1031,11.982935344196433,11.809412956237793,11.824631690979004,False
1032,12.190964083849375,12.237151145935059,12.279984474182129,False
1033,12.644330802262578,12.748226165771484,12.719863891601562,False
1034,12.345838935721968,12.390000343322754,12.401692390441895,False
1035,11.693169865968983,11.734720230102539,11.734720230102539,False
1036,11.338583982516495,11.382561683654785,11.382561683654785,False
1037,12.66191713053049,12.694430351257324,12.703143119812012,False
1038,12.567240979056246,12.528167724609375,12.528167724609375,False
1039,11.48247656671073,11.584468841552734,11.615362167358398,False
1040,11.289794413577894,11.390843391418457,11.375419616699219,False
1041,11.951186847493476,12.012316703796387,11.99811840057373,False
1042,12.06105265381003,12.006743431091309,12.001381874084473,False
1043,12.185875040240456,12.143462181091309,12.138720512390137,False
1044,12.47717172708952,12.426982879638672,12.417169570922852,False
1045,12.535379989788607,12.54787826538086,12.71029281616211,False
1046,11.846543632608535,11.696483612060547,11.681474685668945,False
1047,13.229569788348705,12.933241844177246,12.993598937988281,False
1048,11.884495917930655,11.844111442565918,11.838608741760254,False
1049,11.652696102959753,11.847527503967285,11.834722518920898,False
1050,11.349241150793087,11.523235321044922,11.544169425964355,False
1051,12.080996832096167,12.134597778320312,12.134597778320312,False
1052,12.206782393599413,12.169459342956543,12.16341495513916,False
1053,12.013706813470414,11.981891632080078,11.981891632080078,False
1054,11.881041706925902,11.895801544189453,11.902095794677734,False
1055,12.449022745701502,12.494729995727539,12.508277893066406,False
1056,12.100717685412471,11.978915214538574,11.978915214538574,False
1057,12.13270055639427,12.307783126831055,12.305658340454102,False
1058,12.421188057397055,12.388874053955078,12.378639221191406,False
1059,12.721888795877375,12.775490760803223,12.748665809631348,False
1060,12.301387370778713,12.119044303894043,12.132869720458984,False
1061,12.271396795480596,12.2706937789917,12.249513626098633,False
1062,11.302216779257382,11.486260414123535,11.480378150939941,False
1063,11.407576060361786,11.742314338684082,11.719034194946289,False
1064,11.612779849672751,11.814590454101562,11.841612815856934,False
1065,11.944714374881176,11.920828819274902,11.940776824951172,False
1066,12.700771936142122,12.534947395324707,12.534947395324707,False
1067,12.08954444723597,12.072592735290527,12.058187484741211,False
1068,12.031129798974042,12.063865661621094,12.063865661621094,False
1069,11.927687224983487,12.054428100585938,12.054428100585938,False
1070,11.813037464800539,11.739974975585938,11.703424453735352,False
1071,11.813037464800539,11.768348693847656,11.768348693847656,False
1072,11.944714374881176,11.991114616394043,11.96153450012207,False
1073,11.424105180165641,11.663352966308594,11.651719093322754,False
1074,11.979805470779858,11.907121658325195,11.943394660949707,False
1075,12.175618592671356,12.143135070800781,12.148957252502441,False
1076,12.299112067295642,12.231203079223633,12.231203079223633,False
1077,12.04355959836804,11.918652534484863,11.940350532531738,False
1078,11.840796531639839,11.784455299377441,11.783591270446777,False
1079,11.956976469393481,11.865235328674316,11.861310958862305,False
1080,11.744045122410057,11.760025978088379,11.760025978088379,False
1081,11.884495917930655,12.009991645812988,12.009991645812988,False
1082,11.798111925972618,11.817233085632324,11.813688278198242,False
1083,12.165255859329688,12.175325393676758,12.180615425109863,False
1084,11.982935344196433,11.93763542175293,11.944001197814941,False
1085,12.141539457711714,12.133233070373535,12.13809585571289,False
1086,11.898194668458823,12.000954627990723,12.009727478027344,False
1087,11.332613886815139,11.446948051452637,11.431010246276855,False
1088,12.437188334739655,12.481514930725098,12.481514930725098,False
1089,11.83138646878959,11.80575180053711,11.807701110839844,False
1090,12.190964083849375,12.258493423461914,12.224514961242676,False
1091,11.439289689006644,11.407508850097656,11.424142837524414,False
1092,11.982935344196433,11.95341682434082,11.95341682434082,False
1093,11.824087219587643,11.952568054199219,11.95775032043457,False
1094,11.891368749982085,11.954093933105469,11.961453437805176,False
1095,11.767575435251748,11.770611763000488,11.782581329345703,False
1096,12.080696479888445,12.06756591796875,12.076410293579102,False
1097,11.751950239425476,11.704338073730469,11.704338073730469,False
1098,12.04355959836804,11.923479080200195,11.936606407165527,False
1099,11.759793355371237,11.580760955810547,11.594182014465332,False
1100,11.964007453736912,11.955744743347168,11.96566104888916,False
1101,11.002116507732017,11.107866287231445,11.064070701599121,False
1102,11.691080018519527,11.641742706298828,11.650262832641602,False
1103,11.813037464800539,11.798550605773926,11.777764320373535,False
1104,11.979805470779858,11.975948333740234,11.966301918029785,False
1105,11.571203807011969,11.577138900756836,11.580377578735352,False
1106,12.691583538230217,12.774460792541504,12.759799003601074,False
1107,12.100161978566867,12.110880851745605,12.110880851745605,False
1108,12.52352951631214,12.349531173706055,12.349531173706055,False
1109,12.10625783509458,12.046314239501953,12.041505813598633,False
1110,12.54254845357358,12.614212989807129,12.589722633361816,False
1111,12.144202560946876,12.1361665725708,12.135979652404785,False
1112,12.230770136157428,12.138895034790039,12.120402336120605,False
1113,11.774527900858468,11.750429153442383,11.750429153442383,False
1114,11.80932691294063,11.787846565246582,11.786367416381836,False
1115,11.669937760751914,11.73581600189209,11.720556259155273,False
1116,12.669809806411457,12.527532577514648,12.545634269714355,False
1117,12.123239799036943,12.127570152282715,12.127570152282715,False
1118,11.775297421715827,11.810171127319336,11.810171127319336,False
1119,11.849404844423074,11.775903701782227,11.810129165649414,False
1120,11.803361242493628,11.737313270568848,11.737313270568848,False
1121,11.681832447342321,11.70207691192627,11.680967330932617,False
1122,12.268582547911404,12.298982620239258,12.304282188415527,False
1123,11.626263078808801,11.232601165771484,11.303101539611816,False
1124,11.678448377988165,11.513181686401367,11.516468048095703,False
1125,12.007017865994577,12.010257720947266,12.010257720947266,False
1126,11.652696102959753,11.617719650268555,11.593798637390137,False
1127,12.066816325306588,12.156855583190918,12.176403999328613,False
1128,12.464587201678082,12.381270408630371,12.374414443969727,False
1129,12.278397958261774,12.264034271240234,12.252488136291504,False
1130,11.849404844423074,11.781661987304688,11.79623794555664,False
1131,11.813037464800539,11.776949882507324,11.764082908630371,False
1132,11.44572741040675,11.530232429504395,11.532374382019043,False
1133,11.674202123168433,11.760637283325195,11.769217491149902,False
1134,12.386312871189734,12.421247482299805,12.417886734008789,False
1135,12.037659911047468,12.05263614654541,12.070152282714844,False
1136,11.532737896139919,11.607937812805176,11.623322486877441,False
1137,11.686887175419702,11.757079124450684,11.717931747436523,False
1138,11.451060699493427,11.421550750732422,11.374567985534668,False
1139,12.185875040240456,12.212080955505371,12.219366073608398,False
1140,11.87757552297847,11.664151191711426,11.667552947998047,False
1141,11.842236406331555,11.748116493225098,11.73227310180664,False
1142,12.193498926601634,12.147955894470215,12.112967491149902,False
1143,12.959540872420414,12.889254570007324,12.907644271850586,False
1144,11.289794413577894,11.505378723144531,11.505631446838379,False
1145,11.289794413577894,11.29578971862793,11.29578971862793,False
1146,11.91170829631447,11.730575561523438,11.739591598510742,False
1147,12.100717685412471,12.081242561340332,12.076898574829102,False
1148,12.069685751267224,12.127613067626953,12.12183952331543,False
1149,11.669082701743504,11.627456665039062,11.627456665039062,False
1150,11.870606902224587,11.849004745483398,11.845978736877441,False
1151,11.728044909070785,11.734167098999023,11.734167098999023,False
1152,11.917730355182513,12.013336181640625,11.992429733276367,False
1153,12.345838935721968,12.166576385498047,12.157907485961914,False
1154,11.699413330633599,11.667518615722656,11.654400825500488,False
1155,12.215037342290755,12.28735065460205,12.277545928955078,False
1156,12.292254928916668,12.193777084350586,12.161771774291992,False
1157,12.100161978566867,12.121593475341797,12.120219230651855,False
1158,12.345838935721968,12.276359558105469,12.246261596679688,False
1159,12.367889578686164,12.334468841552734,12.334737777709961,False
1160,12.128116509451258,12.102811813354492,12.097729682922363,False
1161,11.891368749982085,11.883309364318848,11.895208358764648,False
1162,12.319405795112926,12.241437911987305,12.266351699829102,False
1163,11.767575435251748,11.691211700439453,11.699953079223633,False
1164,11.59873612138334,11.777514457702637,11.77652359008789,False
1165,12.175618592671356,12.138016700744629,12.151237487792969,False
1166,12.359527368950229,12.31742000579834,12.320475578308105,False
1167,12.41044511731981,12.427749633789062,12.395445823669434,False
1168,12.06105265381003,12.11559772491455,12.11559772491455,False
1169,12.367345048436391,12.219804763793945,12.219804763793945,False
1170,13.345508528717259,13.29187297821045,13.29187297821045,False
1171,12.049424683420915,11.901301383972168,11.94233512878418,False
1172,12.001511614739405,11.996072769165039,11.985514640808105,False
1173,12.05467400868968,11.989355087280273,11.979894638061523,False
1174,12.208574513247495,12.22396469116211,12.216848373413086,False
1175,12.384223015005313,12.262544631958008,12.299445152282715,False
1176,12.560247968016562,12.6324462890625,12.635762214660645,False
1177,11.691080018519527,11.778146743774414,11.806933403015137,False
1178,11.652696102959753,11.640591621398926,11.643379211425781,False
1179,11.950541482162043,11.75688648223877,11.769417762756348,False
1180,11.440365524765756,11.50894546508789,11.50894546508789,False
1181,12.429220196836383,12.398029327392578,12.420080184936523,False
1182,12.880294363972055,12.655149459838867,12.662583351135254,False
1183,13.521140839642674,12.9954252243042,13.07194709777832,False
1184,11.695255355062795,11.8495454788208,11.841185569763184,False
1185,12.137263685701864,12.12893009185791,12.138543128967285,False
1186,11.560772327227417,11.757840156555176,11.757840156555176,False
1187,11.461642696843066,11.5964994430542,11.590547561645508,False
1188,12.476103599529843,12.54025650024414,12.507183074951172,False
1189,12.180759965737863,12.156031608581543,12.156031608581543,False
1190,12.149507585033072,12.21286678314209,12.19943904876709,False
1191,12.031725210748633,12.018784523010254,11.99221420288086,False
1192,12.066816325306588,12.038531303405762,12.038531303405762,False
1193,11.736077016252437,11.704257011413574,11.70712947845459,False
1194,12.013706813470414,11.954572677612305,12.007270812988281,False
1195,11.970356641102999,11.923844337463379,11.900812149047852,False
1196,12.07824495582233,12.025411605834961,12.02025032043457,False
1197,12.29779001527865,12.328217506408691,12.313121795654297,False
1198,11.87757552297847,11.907858848571777,11.875726699829102,False
1199,12.08954444723597,12.067116737365723,12.067116737365723,False
1200,11.904974309480181,11.779796600341797,11.779796600341797,False
1201,11.6617850286409,11.519364356994629,11.527116775512695,False
1202,12.19552218463499,12.21536636352539,12.201728820800781,False
1203,11.669937760751914,11.82384204864502,11.82384204864502,False
1204,12.269052139516223,12.276481628417969,12.283754348754883,False
1205,11.941462360646149,11.921056747436523,11.910905838012695,False
1206,12.513193308436527,12.622422218322754,12.604238510131836,False
1207,11.580593459194764,11.673789978027344,11.673789978027344,False
1208,12.206077645517674,12.253678321838379,12.254158020019531,False
1209,11.849404844423074,11.878570556640625,11.877673149108887,False
1210,12.577639650232573,12.545238494873047,12.587346076965332,False
1211,12.149507585033072,12.1243896484375,12.131768226623535,False
1212,12.00762780434872,12.233698844909668,12.264532089233398,False
1213,11.635151947212842,11.351511001586914,11.351511001586914,False
1214,11.884495917930655,11.665032386779785,11.671371459960938,False
1215,11.80932691294063,11.764692306518555,11.749656677246094,False
1216,11.736077016252437,11.608905792236328,11.610474586486816,False
1217,11.626263078808801,11.781987190246582,11.772697448730469,False
1218,12.343470927093518,12.387707710266113,12.393452644348145,False
1219,11.296024885689746,11.1306791305542,11.10777473449707,False
1220,11.424105180165641,11.499387741088867,11.520917892456055,False
1221,11.652696102959753,11.620697021484375,11.646350860595703,False
1222,11.80560254159177,11.698935508728027,11.685744285583496,False
1223,11.870606902224587,11.91441535949707,11.939598083496094,False
1224,11.834291315386718,11.915443420410156,11.843807220458984,False
1225,12.122696471358964,12.180947303771973,12.195713996887207,False
1226,11.884495917930655,11.807388305664062,11.793574333190918,False
1227,12.273735966890268,12.218525886535645,12.224260330200195,False
1228,11.898194668458823,11.883987426757812,11.888557434082031,False
1229,12.813920618864572,12.835368156433105,12.80743408203125,False
1230,11.751950239425476,11.859206199645996,11.859206199645996,False
1231,12.154784614286667,12.133554458618164,12.133554458618164,False
1232,11.794345471549745,11.898308753967285,11.877296447753906,False
1233,11.530775206233024,11.520674705505371,11.519118309020996,False
1234,11.863589378812122,11.83138656616211,11.802542686462402,False
1235,11.775297421715827,11.62710952758789,11.644092559814453,False
1236,11.841423131921784,11.872488975524902,11.867996215820312,False
1237,12.075400019877522,11.99398136138916,11.99398136138916,False
1238,12.180759965737863,12.262642860412598,12.265777587890625,False
1239,11.86710429621008,11.85169792175293,11.842458724975586,False
1240,12.490879338036375,12.36922550201416,12.36268424987793,False
1241,12.323415584358154,12.265880584716797,12.267248153686523,False
1242,12.42250975887691,12.36602783203125,12.346866607666016,False
1243,12.04355959836804,12.049911499023438,12.044544219970703,False
1244,13.049794835104816,13.01725959777832,13.04687786102295,False
1245,12.345838935721968,12.168973922729492,12.168973922729492,False
1246,12.08954444723597,12.172309875488281,12.162973403930664,False
1247,12.136191879981927,12.162017822265625,12.162017822265625,False
1248,12.042971193457888,11.885148048400879,11.885148048400879,False
1249,11.771443882099637,11.82139778137207,11.839133262634277,False
1250,11.686887175419702,11.723000526428223,11.721170425415039,False
1251,12.404927602627597,12.370123863220215,12.38262939453125,False
1252,12.053801032483948,12.164613723754883,12.171865463256836,False
1253,11.775297421715827,11.707314491271973,11.665741920471191,False
1254,12.591338447675579,12.563044548034668,12.538515090942383,False
1255,12.016128107502665,12.082184791564941,12.136285781860352,False
1256,11.755879486687116,11.75121021270752,11.782779693603516,False
1257,12.616528611893463,12.71929931640625,12.713101387023926,False
1258,11.511934974596555,11.363876342773438,11.399227142333984,False
1259,12.154784614286667,12.082294464111328,12.10594367980957,False
1260,11.92504173829169,11.918381690979004,11.922514915466309,False
1261,12.10625783509458,12.140225410461426,12.173372268676758,False
1262,11.766799946849087,11.738770484924316,11.745743751525879,False
1263,11.992266613576142,11.808281898498535,11.78868293762207,False
1264,12.103491596905931,11.95516586303711,11.996618270874023,False
1265,12.10625783509458,11.995511054992676,12.007004737854004,False
1266,12.12215284831553,12.026490211486816,12.026580810546875,False
1267,11.711784520403112,11.828018188476562,11.84343147277832,False
1268,12.843973993864076,12.72063159942627,12.718831062316895,False
1269,12.850557278777309,12.921669960021973,12.857871055603027,False
1270,11.87757552297847,11.804605484008789,11.814047813415527,False
1271,12.468440756144114,12.351529121398926,12.351529121398926,False
1272,12.132162346145595,12.076398849487305,12.044391632080078,False
1273,11.827743504053695,11.808981895446777,11.80040454864502,False
1274,12.083910661257521,12.063043594360352,12.063043594360352,False
1275,11.842236406331555,11.788766860961914,11.81122875213623,False
1276,11.827743504053695,11.882089614868164,11.909173965454102,False
1277,11.995357787034976,12.029733657836914,12.033782958984375,False
1278,12.19552218463499,12.127571105957031,12.081899642944336,False
1279,12.37581963951765,12.513825416564941,12.497584342956543,False
1280,11.133142723386813,11.531598091125488,11.527775764465332,False
1281,12.33270970174018,12.249530792236328,12.249530792236328,False
1282,12.100717685412471,12.1364164352417,12.13465404510498,False
1283,11.921725007667265,11.90617561340332,11.904889106750488,False
1284,11.842236406331555,11.864591598510742,11.866451263427734,False
1285,12.037659911047468,12.107665061950684,12.114933967590332,False
1286,11.794345471549745,11.699992179870605,11.651814460754395,False
1287,11.870606902224587,11.96043872833252,11.96043872833252,False
1288,12.154784614286667,12.058302879333496,12.07685375213623,False
1289,12.535379989788607,12.4497652053833,12.457818031311035,False
1290,12.546113507028412,12.53661060333252,12.545690536499023,False
1291,12.103491596905931,12.00178050994873,12.031283378601074,False
1292,11.691080018519527,11.644768714904785,11.63925552368164,False
1293,11.58525542883217,11.680378913879395,11.670472145080566,False
1294,12.000897933306716,12.092687606811523,12.10909652709961,False
1295,11.652696102959753,11.701205253601074,11.697080612182617,False
1296,11.83863282480007,11.84203815460205,11.84203815460205,False
1297,11.951186847493476,11.926044464111328,11.924484252929688,False
1298,11.849404844423074,11.898445129394531,11.88133430480957,False
1299,11.982935344196433,13.189029693603516,13.189029693603516,True
1300,11.944714374881176,11.974442481994629,12.013132095336914,False
1301,12.323860125621126,12.305100440979004,12.286104202270508,False
1302,12.086731521684555,12.000031471252441,12.033516883850098,False
1303,12.577639650232573,12.657115936279297,12.664582252502441,False
1304,12.354496960983985,12.30810260772705,12.290105819702148,False
1305,11.775297421715827,11.861063003540039,11.890390396118164,False
1306,12.691583538230217,12.66128158569336,12.66128158569336,False
1307,12.218500103788143,12.129901885986328,12.135892868041992,False
1308,11.835016210489899,11.833321571350098,11.830890655517578,False
1309,11.898194668458823,11.869938850402832,11.883100509643555,False
1310,12.09626335986454,12.06787109375,12.059782028198242,False
1311,12.721888795877375,12.567934036254883,12.583377838134766,False
1312,12.220966184120165,12.234455108642578,12.245993614196777,False
1313,12.618185607609803,12.629693984985352,12.656679153442383,False
1314,12.716405147731708,12.706021308898926,12.666844367980957,False
1315,11.686887175419702,11.74119758605957,11.74119758605957,False
1316,12.239995696974733,12.107789039611816,12.107789039611816,False
1317,12.596403811053621,12.516117095947266,12.512853622436523,False
1318,12.249615734512616,12.13346004486084,12.154580116271973,False
1319,12.524530013005734,12.455683708190918,12.473146438598633,False
1320,11.6172944892629,11.726176261901855,11.726176261901855,False
1321,11.960817678718287,12.01538372039795,11.98758602142334,False
1322,11.19135563385109,11.236425399780273,11.267252922058105,False
1323,12.154784614286667,12.280264854431152,12.267060279846191,False
1324,11.320565693461432,11.250203132629395,11.25428295135498,False
1325,11.898194668458823,12.562047958374023,12.562047958374023,False
1326,10.915106645867503,11.1334867477417,11.115081787109375,False
1327,11.277215789596893,11.324112892150879,11.416339874267578,False
1328,11.779136168550774,11.769622802734375,11.744086265563965,False
1329,12.45293662970407,12.23320484161377,12.264803886413574,False
1330,12.081081821061819,12.103610038757324,12.1202392578125,False
1331,12.33270970174018,12.388795852661133,12.38475513458252,False
1332,11.794345471549745,11.756904602050781,11.766027450561523,False
1333,11.51293546492023,11.532727241516113,11.574941635131836,False
1334,11.74006900564972,11.777581214904785,11.784777641296387,False
1335,11.736077016252437,11.655275344848633,11.66889476776123,False
1336,12.031129798974042,11.993857383728027,11.993857383728027,False
1337,11.813037464800539,11.893550872802734,11.873223304748535,False
1338,10.868587496017359,10.995474815368652,10.988255500793457,False
1339,12.206077645517674,12.304134368896484,12.305432319641113,False
1340,11.763691965388299,11.733644485473633,11.74345874786377,False
1341,11.719947764402807,11.580461502075195,11.549949645996094,False
1342,11.951186847493476,12.015877723693848,12.023802757263184,False
1343,12.339295865674435,12.47085952758789,12.485244750976562,False
1344,12.083910661257521,11.978333473205566,12.01837158203125,False
1345,11.95655945119582,12.116938591003418,12.103802680969238,False
1346,11.59451466851004,11.433187484741211,11.428827285766602,False
1347,12.47801017053037,12.537583351135254,12.537583351135254,False
1348,12.554840409959793,12.565431594848633,12.602274894714355,False
1349,12.278397958261774,12.371371269226074,12.38654899597168,False
1350,11.711784520403112,11.997785568237305,11.997785568237305,False
1351,12.206077645517674,12.035136222839355,12.073930740356445,False
1352,12.049424683420915,12.0575590133667,12.042806625366211,False
1353,11.812296455066814,11.740179061889648,11.727460861206055,False
1354,12.923914877701906,12.935456275939941,12.96435832977295,False
1355,12.367345048436391,12.4050874710083,12.39154052734375,False
1356,12.04355959836804,12.163115501403809,12.150449752807617,False
1357,11.608244735642321,11.658533096313477,11.64696216583252,False
1358,11.917730355182513,11.970674514770508,11.970674514770508,False
1359,12.086731521684555,12.030436515808105,12.030512809753418,False
1360,12.660331092405906,12.835351943969727,12.85077953338623,False
1361,12.149507585033072,12.134254455566406,12.141324996948242,False
1362,12.468440756144114,12.450237274169922,12.449399948120117,False
1363,11.560772327227417,11.78127384185791,11.78127384185791,False
1364,11.963574241653713,12.02717113494873,12.0374116897583,False
1365,11.878630514504515,11.922676086425781,11.922676086425781,False
1366,12.283038316285214,12.251225471496582,12.260360717773438,False
1367,12.170450649220749,12.206817626953125,12.22482681274414,False
1368,11.751950239425476,11.822502136230469,11.82219123840332,False
1369,11.87757552297847,11.84322738647461,11.84106159210205,False
1370,12.354496960983985,12.459953308105469,12.452153205871582,False
1371,11.561725152903833,11.591917991638184,11.57740592956543,False
1372,12.016732516077072,12.10717487335205,12.086286544799805,False
1373,12.521981322562505,12.455076217651367,12.45514965057373,False
1374,13.05301544288996,12.963692665100098,13.063165664672852,False
1375,12.429220196836383,12.370194435119629,12.375364303588867,False
1376,12.384223015005313,12.461435317993164,12.461435317993164,False
1377,11.418625774449598,11.46627426147461,11.465031623840332,False
1378,11.669937760751914,11.83727741241455,11.813401222229004,False
1379,11.326607934898927,11.528743743896484,11.516823768615723,False
1380,12.02874460037869,11.887192726135254,11.887192726135254,False
1381,10.97679912709094,11.107714653015137,11.138818740844727,False
1382,12.377927112974284,12.225544929504395,12.207598686218262,False
1383,11.964007453736912,11.859689712524414,11.8983793258667,False
1384,11.626263078808801,11.909488677978516,11.909488677978516,False
1385,11.561725152903833,11.642009735107422,11.628372192382812,False
1386,11.74006900564972,11.571470260620117,11.56135082244873,False
1387,12.429220196836383,12.572225570678711,12.597155570983887,False
1388,11.820417517632333,11.87427806854248,11.87427806854248,False
1389,12.84132849667433,12.798094749450684,12.798094749450684,False
1390,11.782960235741939,11.82544231414795,11.82544231414795,False
1391,12.367345048436391,12.344701766967773,12.329290390014648,False
1392,11.728044909070785,11.756698608398438,11.756698608398438,False
1393,11.719947764402807,11.8025541305542,11.795381546020508,False
1394,12.001511614739405,11.895748138427734,11.929553985595703,False
1395,12.415437707935368,12.34096908569336,12.305356979370117,False
1396,12.546871224308068,12.556570053100586,12.557242393493652,False
1397,11.982935344196433,12.008194923400879,11.998579978942871,False
1398,11.83138646878959,11.82530689239502,11.818708419799805,False
1399,11.835016210489899,11.821310997009277,11.800105094909668,False
1400,11.831022768939789,12.002135276794434,11.987715721130371,False
1401,11.695255355062795,11.68370532989502,11.702203750610352,False
1402,12.170450649220749,12.132573127746582,12.132573127746582,False
1403,12.174994689959313,12.194292068481445,12.194292068481445,False
1404,12.552930054797935,12.420706748962402,12.393712997436523,False
1405,11.561725152903833,11.473977088928223,11.485182762145996,False
1406,12.524530013005734,12.61225700378418,12.609827041625977,False
1407,11.798111925972618,11.774784088134766,11.774784088134766,False
1408,11.626263078808801,11.694450378417969,11.682821273803711,False
1409,11.74006900564972,11.6132173538208,11.6132173538208,False
1410,12.278397958261774,12.314679145812988,12.296814918518066,False
1411,12.345838935721968,12.263667106628418,12.290241241455078,False
1412,11.849404844423074,11.919376373291016,11.903241157531738,False
1413,11.407576060361786,11.415942192077637,11.433146476745605,False
1414,12.456835254920371,12.489027976989746,12.489027976989746,False
1415,12.240478903153711,12.208244323730469,12.182774543762207,False
1416,12.077676615757813,12.308591842651367,12.308591842651367,False
1417,11.715874472198905,11.689615249633789,11.67711353302002,False
1418,12.73670383776449,12.727002143859863,12.727002143859863,False
1419,11.728044909070785,11.796976089477539,11.823136329650879,False
1420,12.314931534737134,12.361154556274414,12.344537734985352,False
1421,12.100161978566867,12.035462379455566,12.058137893676758,False
1422,11.755879486687116,11.845715522766113,11.854538917541504,False
1423,11.824087219587643,11.82882022857666,11.830015182495117,False
1424,12.524420916542532,12.138251304626465,12.090187072753906,False
1425,11.87757552297847,11.878738403320312,11.878738403320312,False
1426,11.863589378812122,11.848898887634277,11.872299194335938,False
1427,12.509877789891931,12.389906883239746,12.41067123413086,False
1428,11.849404844423074,11.837867736816406,11.870499610900879,False
1429,11.686887175419702,11.69421672821045,11.691121101379395,False
1430,12.116700301832573,12.124579429626465,12.124579429626465,False
1431,12.165984756488543,12.067147254943848,12.094267845153809,False
1432,11.87583791515714,11.832473754882812,11.82789421081543,False
1433,11.07443600653965,11.560857772827148,11.588981628417969,False
1434,12.136191879981927,12.115653038024902,12.121460914611816,False
1435,11.982935344196433,12.028040885925293,11.997279167175293,False
1436,12.066816325306588,11.979918479919434,11.987106323242188,False
1437,11.699413330633599,11.668316841125488,11.660938262939453,False
1438,12.885673487343764,12.759856224060059,12.806427955627441,False
1439,11.916395250412128,11.945469856262207,11.949017524719238,False
1440,12.190964083849375,12.070359230041504,12.070359230041504,False
1441,12.160033942617156,12.068751335144043,12.068751335144043,False
1442,11.913719681428494,11.885465621948242,11.881675720214844,False
1443,12.644330802262578,12.787920951843262,12.817268371582031,False
1444,11.703554089007538,11.610633850097656,11.610633850097656,False
1445,12.098493002763465,12.18808650970459,12.18808650970459,False
1446,11.767575435251748,11.78996467590332,11.786479949951172,False
1447,11.969723533345908,11.900362968444824,11.901121139526367,False
1448,12.388398368982115,12.504414558410645,12.51175594329834,False
1449,11.626263078808801,11.59601879119873,11.574135780334473,False
1450,11.429554725537322,11.33659553527832,11.384661674499512,False
1451,11.820417517632333,11.7998685836792,11.800529479980469,False
1452,12.567554517655415,12.424931526184082,12.426810264587402,False
1453,11.884495917930655,11.77269172668457,11.764922142028809,False
1454,11.344518647594766,11.761214256286621,11.761214256286621,False
1455,12.128116509451258,12.139303207397461,12.151211738586426,False
1456,12.07254696717504,12.075879096984863,12.075879096984863,False
1457,12.25486757159303,12.1724271774292,12.156685829162598,False
1458,12.493133274926212,12.44129467010498,12.439595222473145,False
1459,11.864469267087891,11.794578552246094,11.796186447143555,False
1460,11.901590234400047,11.875056266784668,11.914947509765625,False
