slice,group,n,log_bias_actual_minus_pred,log_rmse,supported_fold_count,log_bias_sd_across_supported_folds,dollar_bias_pred_minus_actual,dollar_rmse,relative_bias_pred_over_actual,mean_abs_relative_error
Neighborhood,IDOTRR,37,-0.059012444911221755,0.26064283219445444,5,0.12851902774186233,1550.9429509431998,18397.362308692707,0.10077944316246207,0.20274312443153616
Quality_x_Age,"4|(60.2, 136.0]",46,-0.05644924914441048,0.241034515224612,5,0.07787214137699046,3759.7380911194095,19586.90174747102,0.09066259492682856,0.19922317906342063
OverallCond,3,25,-0.062190248653903664,0.2235762281251107,3,0.02230712345906326,4670.743792504761,17941.170170010308,0.09030205631729579,0.18597776564412163
Quality_x_RemodelAge,"4|(47.0, 60.0]",57,0.0019637833398203305,0.22158922455436414,4,0.03273449392958019,-1887.9503384206748,18713.85548518915,0.025715852553979048,0.1621394932092437
Quality_x_Size,"4|(1066.6, 1339.0]",34,-0.028491515091863415,0.22136405066353668,4,0.08206002074273083,1535.6568671165564,19206.748208680332,0.0566609249278293,0.1591382579545242
YearBuilt_era,"(2007.0, 2011.0]",42,0.0032929864399431352,0.2144602723389652,5,0.06011638274427684,-3857.422083633855,69845.92917245887,0.027491997219414553,0.13658659044009766
KitchenQual,Ex,100,0.005004547066577238,0.21343614680457426,5,0.06857967683676884,-4953.157682346328,76555.67787647335,0.024664632199618702,0.13707346588598993
SaleCondition,Family,20,0.016230700204488357,0.21314480963683907,1,0.0,-2561.8171091284494,28872.511973108987,0.00960877746897657,0.16067009039200075
Neighborhood,Edwards,100,-0.03313623327718029,0.21216112457137068,5,0.041665534320389275,7096.587182159291,55825.74064964431,0.06276275896092984,0.1410052663672436
OverallQual,3,20,-0.06717172458608527,0.21083991292217014,1,0.0,4260.044496762865,15416.943070263203,0.09241007494814575,0.17892260491463646
SaleCondition,Partial,125,-0.006177092872680447,0.2048484919762573,5,0.0420648186484571,381.7204533525072,63735.55031787244,0.033196541304524464,0.12897990189264982
SaleType,New,122,-0.0034648707857249136,0.2015966233165264,5,0.042105306679162395,-245.69866564904305,63912.597639599335,0.029767483546892064,0.1254329900616121
SaleCondition,Abnorml,101,-0.014671487432525446,0.20116054314111018,5,0.055420286192810184,-2248.6081139368857,34076.68849819957,0.03653936443026843,0.15240861337818892
SaleType_x_Quality,New|8,37,0.006681229176223125,0.19982622962559277,5,0.07195317238172672,-5127.279192003897,57907.15943999618,0.014725373724489305,0.13726362088858365
Neighborhood_x_SaleCondition,IDOTRR|Normal,29,-0.011823026563419051,0.1929754549982325,3,0.0848023152293775,-1437.9278007262421,15370.106944193592,0.0351906638257311,0.13185702548984204
OverallCond,4,57,-0.029822662051726286,0.1858615936814952,5,0.06215121900309325,2142.2381690300854,17788.073885965703,0.04930427936290924,0.13187952691117757
GarageCars,0,81,-0.010882251492496072,0.18200394539427137,5,0.04303353715496827,-921.5937545219836,16276.258639484893,0.028798195902012918,0.13218257497207542
OverallQual,4,116,-0.013992076635707762,0.1811182563685658,5,0.026294154577705082,416.1693765597215,16396.645795088712,0.03222190487925328,0.13147253075358165
SaleType_x_Quality,WD|4,107,-0.01715337168951964,0.17964681046923944,5,0.020563117260546986,740.4790798603628,16121.712794017474,0.035243872310988064,0.12850003663108567
Quality_x_RemodelAge,"7|(28.0, 47.0]",26,0.010795074571526756,0.17864482512759236,2,0.053165186166759006,-6670.479014088005,33865.82630063492,0.007305901815493121,0.11104299168849771
Neighborhood_x_Size,"Somerst|(1578.0, 1869.0]",20,-0.01538954314129981,0.17404566037734226,2,0.053259336767751124,940.2091859607114,39184.12434960372,0.03394389685991091,0.10038831889438052
Neighborhood_x_Size,"OldTown|(1869.0, 5642.0]",22,0.01828627328851332,0.17298776042944963,2,0.05408668597113919,-11196.842203585453,44497.19895468685,-0.0039369893013975,0.12513665284288306
Quality_x_Size,"4|(333.999, 1066.6]",59,-0.008887582841146591,0.17238466437647634,5,0.04016123949203636,-323.6301341306678,15056.540986849905,0.025156038328805443,0.12762859658622144
Neighborhood_x_SaleCondition,NAmes|Abnorml,23,0.014346673856633622,0.17190105058528804,2,0.00893017061844886,-1584.7817369156855,20416.734376399472,-0.0002581516272944832,0.1250931555616368
Neighborhood_x_Size,"OldTown|(333.999, 1066.6]",29,-0.011424553537422551,0.1661002721577149,2,0.056372029152215376,-730.3422345894169,12988.047495537687,0.026862843993832198,0.12440044465763282
Neighborhood_x_Quality,Somerst|Q8,29,0.008033902187432097,0.16404687483564315,3,0.054685784478481686,-4924.772558042558,39468.9511113896,0.007605693001527814,0.10601475274230142
Quality_x_Age,"7|(24.0, 42.4]",31,-0.0009957963263856858,0.16123930541856532,3,0.05086410380934139,-1709.63212057953,27172.910324595057,0.016230617124193356,0.10866160553837226
Neighborhood_x_Quality,NAmes|Q4,20,0.02338677315293882,0.1612247946497187,1,0.0,-2640.302091935184,17504.270250932426,-0.011375870406802397,0.10360644753950261
Neighborhood_x_Size,"Edwards|(333.999, 1066.6]",26,-0.018224790676869773,0.1600803668572681,2,0.002499704719599527,1584.5034804991833,15076.093696623146,0.03129243769039923,0.12769733646642922
Neighborhood_x_Quality,NWAmes|Q7,26,-0.005986862454381326,0.1570170847143712,3,0.08268962776336572,-324.75708965287777,23250.998626455268,0.020874115248373612,0.09923344052954677
Neighborhood_x_SaleCondition,Somerst|Partial,33,-0.002913640628220193,0.1568328200576909,5,0.006299095435622007,-1103.301751890853,36300.76852149028,0.017229468889719362,0.10112515351465565
GarageCars,3,181,-0.003737173002038358,0.15669037788665355,5,0.028763288747293444,-2620.7884939070245,55208.76583436098,0.01833234852052788,0.0996992430636403
YearBuilt_era,"(1799.999, 1945.0]",280,-0.006460705392514044,0.1551734548552234,5,0.025378440841962033,-1892.0233562426251,21106.67356688441,0.019513303971806558,0.11567710785216931
Age_quintile,"(60.2, 136.0]",292,-0.008657357271616139,0.1550395457922619,5,0.024131801619270588,-1588.3566120774396,20866.186819167862,0.021683003090603274,0.11569745325361816
TotalSF_quintile,"(3166.4, 11752.0]",292,0.0006098732804266748,0.15482630378578968,5,0.028227351442486205,-2846.2111459042253,51173.26222802972,0.0138375580265828,0.09972611951542573
RemodelAge_quintile,"(47.0, 60.0]",278,-0.006983032776179954,0.15312866373197215,5,0.016090477662759173,-768.3023468168258,15383.390920536607,0.01991173268094728,0.10735100038910636
Neighborhood_x_Size,"BrkSide|(333.999, 1066.6]",23,-0.028912529014837936,0.15258634142579744,3,0.014881249748786185,1297.8336051506074,11475.552416359795,0.0417937708852598,0.1138237982683919
GrLivArea_quintile,"(1869.0, 5642.0]",291,0.006682297040059755,0.15246235802616703,5,0.024960198165919403,-4106.264253769272,50036.2438175111,0.007161552597484245,0.09723958149386662
Neighborhood_x_Size,"OldTown|(1066.6, 1339.0]",24,-0.00789202255337281,0.1510432346758036,3,0.02598744179066496,401.9952482058525,15066.66682764855,0.019717724585940736,0.12106381491057454
Neighborhood_x_Quality,Edwards|Q4,25,-0.015248596545796005,0.14987197827624182,2,0.038818650311226006,1595.017361311452,15210.806952203744,0.026598214711329463,0.10439974138931812
Quality_x_Size,"8|(1339.0, 1578.0]",24,0.05778709354354946,0.14973517686764057,2,0.0788481914492188,-14924.255651240202,40919.61654142832,-0.04778674381999054,0.08656645312694324
OverallCond,9,22,0.0803392822632932,0.14943962492610385,2,0.017171229414930433,-18411.641430715652,44949.583160927,-0.07017990532679114,0.09552280734684998
Neighborhood,OldTown,113,0.0060747269949727204,0.14908860049813144,5,0.019107821408789288,-3371.6498973970106,23186.86818513212,0.005459173848821638,0.11242860334071532
Quality_x_RemodelAge,"8|(-1.001, 3.0]",81,0.01657793180704982,0.1479872257481329,5,0.04218014899205751,-6035.87060831418,42016.090370678256,-0.005058458213425451,0.09271637307441016
KitchenQual,Fa,39,-0.026100238647407136,0.14749807396482037,5,0.035421409482438514,1963.4563362653773,14503.481981400853,0.03799685652944408,0.11395564481651121
RemodelAge_quintile,"(-1.001, 3.0]",317,-0.0011717185325850303,0.1471525215111205,5,0.02198380805928771,-865.9484185300494,42534.208408399754,0.014412873917656726,0.09245266357259582
SaleType,COD,43,-0.012314384906439928,0.14580565652474128,5,0.05576048224773442,1148.1734765861218,16284.47648660737,0.023585518769771153,0.10871250016516575
Neighborhood_x_Quality,Mitchel|Q5,22,-0.01031991499409565,0.14416132996578992,2,0.013928183068773215,151.81374144977732,18313.492578441874,0.02119998451602899,0.0987123733418961
Quality_x_Age,"8|(-0.001, 5.0]",89,0.010875342545673277,0.14240282797338444,5,0.04058588849913375,-4276.989915788685,40435.68549991309,-0.00021017931933442604,0.08861780011561811
Age_quintile,"(-0.001, 5.0]",310,-0.0031845666508474213,0.1415281866551989,5,0.021788996299783647,-125.9866490970101,42691.07124657229,0.015604893741027387,0.08495423266646288
Neighborhood_x_SaleCondition,NridgHt|Partial,32,0.018543763368330524,0.14001760009171935,4,0.022644848281939783,-8661.395069107712,55008.80386792191,-0.008606900729914834,0.10197380290150425
Quality_x_Size,"5|(1339.0, 1578.0]",62,0.004115346360158838,0.1397373944453974,5,0.02166060944378613,-590.3541528995805,20318.001379938323,0.005982436202109157,0.10010403272085218
Neighborhood,ClearCr,28,0.007187246942409432,0.1394385163281989,3,0.05294972255845811,-2911.304014957432,29767.456834867186,0.0033256839734735083,0.10353074705684513
Quality_x_Age,"4|(42.4, 60.2]",36,0.05193106868006349,0.13715130440600137,4,0.020996693216715507,-5630.353549136722,14848.629159049737,-0.04347748569571456,0.07922691120277488
Neighborhood_x_Size,"Edwards|(1066.6, 1339.0]",34,-0.02517947017016783,0.13669396057343516,3,0.047117377717831484,1560.0277269298185,15380.880623773242,0.03529387209840038,0.09460573560662754
Neighborhood_x_Quality,OldTown|Q6,22,0.023116091465093917,0.13659355133115827,4,0.05287753413612695,-4127.158480949618,20602.60211703739,-0.013876068816937138,0.10791263060668693
Neighborhood,StoneBr,25,0.040903292255895424,0.13652114785908162,3,0.03529339645339694,-16694.25302341742,45929.38308307985,-0.0325277731246149,0.0757510522514715
Neighborhood_x_Size,"NoRidge|(1869.0, 5642.0]",37,0.012170521886590851,0.13648913902626753,5,0.018378939093998757,-12143.295114507997,64669.04791373188,-0.00325192773598157,0.08951086213219041
Neighborhood_x_Size,"NAmes|(1869.0, 5642.0]",22,-0.02448210810145697,0.136089945372273,3,0.04771519882783512,4320.060125690864,25823.461479023354,0.0343250301712324,0.11096366293609895
TotalSF_quintile,"(333.999, 1903.6]",292,-0.010388552608049335,0.1358756298543189,5,0.024547510626015533,89.12089733131302,11989.092346605279,0.020666296387327008,0.09276573467545167
Neighborhood_x_Size,"Sawyer|(333.999, 1066.6]",34,0.0016793991337331745,0.13476990031077635,4,0.019850166274452734,-1095.9681624978523,13162.452588401919,0.009239907816731011,0.07664021896616864
Neighborhood_x_Quality,Edwards|Q5,38,-0.016440109229030078,0.13460107058411996,4,0.03819117285706481,661.9028585121655,15790.27157915778,0.02604831394512732,0.09636768822415623
Neighborhood,SWISU,25,0.00028215070938216515,0.1339016072202658,2,0.020567675535878325,361.16412221565145,18756.89878094851,0.008365676304598639,0.09483552706606113
Quality_x_Size,"5|(1869.0, 5642.0]",26,0.007955872686145025,0.1319094734229117,5,0.059068923964904915,-1902.6605582177979,19616.204570063117,0.0009276824001415718,0.0979949151998388
Quality_x_Size,"8|(1578.0, 1869.0]",53,-0.01005633583724441,0.1317415237501004,5,0.028879673244373197,968.9234522132863,32643.933588999153,0.019992704290965935,0.08317810753354
GrLivArea_quintile,"(333.999, 1066.6]",292,-0.010720094544084879,0.13174101562264304,5,0.020084473145892807,189.89329100803616,11840.54058975609,0.020402014175140117,0.0894563010998724
Neighborhood_x_Quality,NridgHt|Q8,27,-0.0010622968850592396,0.13108116079827214,4,0.01318695056323733,-547.8024127625459,42093.782758388086,0.010007282621793935,0.09124131549547806
Neighborhood_x_Size,"NridgHt|(1869.0, 5642.0]",37,0.00042158601467828344,0.13103439255992397,5,0.02107995100014522,-3131.074482162994,52873.14230479624,0.008344947627036805,0.09262116469896427
Neighborhood_x_Quality,Edwards|Q6,23,0.010192709465879723,0.13091868166683054,3,0.040189887400085014,-4643.955152740564,24575.13846260869,-0.0019585867002051825,0.08688600719359796
Neighborhood,NoRidge,41,0.011914733500723402,0.1307560629589288,5,0.017218900833628616,-11119.53812748812,61584.24857745617,-0.0037235367692419886,0.08532610650600433
Neighborhood_x_SaleCondition,OldTown|Normal,94,0.010687540335700216,0.13071285009328298,5,0.027782421597298903,-4005.4888097559874,23995.59771242581,-0.0020668472498412745,0.09783205560738766
Quality_x_Age,"5|(60.2, 136.0]",105,-0.008168783368665309,0.12758887709336267,5,0.032376469726201194,292.42497404792925,15029.58336568692,0.01641892348169685,0.1001126769528518
Quality_x_RemodelAge,"5|(47.0, 60.0]",115,-0.017612555326564576,0.12745698252270107,5,0.012934502559474018,1139.1252655590308,13540.092981743255,0.02634974792341997,0.0943945870623417
Quality_x_RemodelAge,"5|(3.0, 9.6]",38,-0.010040152246755321,0.1273888288467984,3,0.01814127396546389,1408.0347353564866,20612.59463842124,0.018578525263731983,0.0760225502700651
Neighborhood_x_Quality,Sawyer|Q5,54,-0.002935582478970152,0.12661143790802754,5,0.03380763676661722,-250.44273386181212,14208.446784150228,0.012292438250488634,0.07968010415819549
Quality_x_Size,"6|(1869.0, 5642.0]",49,0.01090398406339278,0.12650843143966692,5,0.048046030468051525,-3435.6005993005124,25536.163575063343,-0.0031678659925400737,0.09041530604501448
KitchenQual,TA,735,0.0015962092809112772,0.1262788382146573,5,0.007223524563329913,-1437.4650944396853,15843.211026194007,0.007025399600790688,0.08663230900212117
Neighborhood_x_SaleCondition,Sawyer|Normal,67,-0.0062822591108915036,0.1260180947060832,5,0.02507862867037498,296.51501695678564,14836.600155951357,0.015392433030275349,0.08258669468250136
Neighborhood_x_Quality,OldTown|Q5,47,-0.004605840627917057,0.1256728269233741,5,0.037220822390352216,-550.1275466404012,13604.638214260325,0.012727768099858951,0.09794385056733294
Neighborhood,Sawyer,74,-0.005962629583614052,0.12558635255414213,5,0.02386240904645495,215.08826990847692,14959.342935384379,0.014936456946346604,0.08398777968368581
GarageCars,1,369,-0.004798265935008678,0.12447634236426408,5,0.012962027841771352,-33.46262007985028,13816.192675482383,0.01340635807936098,0.08427155421726058
Neighborhood_x_SaleCondition,BrkSide|Normal,54,0.008366549410173731,0.12424776763314066,5,0.01765658604081835,-3325.1929430549153,13903.857026784932,-0.00020120856860977247,0.091364663435528
OverallCond,5,821,-0.002297388513784319,0.123821805366844,5,0.007445212369130477,-678.8780113043267,31104.559580521778,0.011166616478091309,0.08043733806354905
Quality_x_RemodelAge,"5|(-1.001, 3.0]",39,-0.019961277500668666,0.12361538735086897,5,0.035467055642169384,2145.4773077678797,14915.99028713859,0.02809175163455558,0.08357978839902105
Neighborhood,BrkSide,58,0.011463651815428515,0.12241504054196888,5,0.015941012229266603,-3575.972407515254,13732.703913217716,-0.003561933063553103,0.09130581602956044
OverallQual,8,168,0.009596604370972898,0.12208835634813267,5,0.030029360843974152,-3815.4766931147633,34941.433353894674,-0.0018916357337753539,0.08016802713354283
Quality_x_Age,"4|(24.0, 42.4]",31,-0.0306608458096631,0.12071484621537928,4,0.03660539593222365,2779.5025722622677,13340.942710392812,0.03822909118748116,0.10097709339675413
Quality_x_Size,"9|(1869.0, 5642.0]",23,0.013482571365683427,0.12062392670320385,2,0.006344550968458821,-9221.55988623733,56634.08792847066,-0.006455485047198844,0.08857867722475925
YearBuilt_era,"(1945.0, 1970.0]",404,0.004011374383489418,0.11876824769178083,5,0.006975054622742818,-1419.1623979208998,16998.65929368652,0.003449790779632915,0.08077394100874535
Neighborhood,Crawfor,51,0.04027906148097754,0.11869555899925271,5,0.034649529783689924,-11115.2202874462,29091.197356083263,-0.033496648582603344,0.08883107486484862
YearBuilt_era,"(2000.0, 2007.0]",322,-0.00016044970577959631,0.11865212785284339,5,0.011874010434217413,-417.5501715130091,34259.093437146286,0.00849547405726139,0.07295020440541986
GrLivArea_quintile,"(1066.6, 1339.0]",293,-0.0008077956725336475,0.11693204956668124,5,0.025101013298277595,-712.7717980319189,13675.406694707493,0.008221837843185939,0.07845719414014053
Neighborhood,Somerst,86,0.008059938544043405,0.1167444349414481,5,0.02585888226629039,-3396.882784791077,27477.641029476403,-0.0005412742836220301,0.07666961846865132
Quality_x_Size,"7|(1339.0, 1578.0]",93,-0.005099921308242979,0.1164108973299317,5,0.027007331575911276,-37.455028718487945,20852.31274162521,0.012572790351683754,0.08171659709426009
Age_quintile,"(42.4, 60.2]",292,0.006354917715034998,0.11600856375673496,5,0.005800050558756936,-1840.3397700149576,15642.333513252179,0.0007911949542717305,0.07644436346572012
TotalSF_quintile,"(2676.0, 3166.4]",290,0.004898956798392546,0.11417427785163031,5,0.0084200593458048,-2460.6261230816267,22755.17990363892,0.0018438460917357584,0.07735269671381413
Neighborhood_x_SaleCondition,NoRidge|Normal,37,0.001351968790840697,0.11411165623953315,5,0.038589748378133795,-5337.906989406533,47019.16879629054,0.005113255518130517,0.07839629893576287
GrLivArea_quintile,"(1339.0, 1578.0]",292,0.007681814227470984,0.1139013256033243,5,0.016441250588639936,-1796.1438306558703,20446.108582893834,-0.000993827415074644,0.07752324035234508
Neighborhood_x_Size,"OldTown|(1578.0, 1869.0]",20,-0.014431183851745378,0.11349491645363025,2,0.03830539667614702,1065.4279423743078,13482.102236771267,0.021241122828546826,0.08561443893985925
Neighborhood,Mitchel,49,-0.010011679033148405,0.11344450442747545,5,0.01796444623974993,1377.883496880538,16492.4901398787,0.01666728893735228,0.07765306160378742
OverallCond,8,72,0.010007754351126972,0.11307104173839291,5,0.021106342035274873,-1934.1293255482435,19105.095912343604,-0.003200749910758536,0.08478031211734907
OverallQual,5,397,-0.004794383170105823,0.11267540079674179,5,0.007094306011314268,67.50826373404082,14123.031948386531,0.01155737051475833,0.07811292083758226
SaleType,WD,1267,0.0002790262704947413,0.11246253220597113,5,0.004406030301919498,-1465.3061693525435,20724.875338847723,0.006430834678260225,0.07705390156587587
Quality_x_Size,"5|(1066.6, 1339.0]",109,-0.004825310419088167,0.11179597309648878,5,0.02066689103427598,-235.49473289222806,12950.579267708543,0.011460214518949156,0.07755155348773728
Quality_x_Age,"5|(42.4, 60.2]",162,-0.00803696121445045,0.11164622751187002,5,0.017474983484984052,266.3931470495891,12770.769506846078,0.01499220227376255,0.07348590557176857
Neighborhood_x_Size,"NAmes|(1578.0, 1869.0]",26,-0.0336715467072524,0.11160709454410157,4,0.04779796746686953,4498.434622956222,16647.483895355148,0.040137698589259876,0.09451312262178849
OverallCond,6,252,0.0013728167207228675,0.11157504608415,5,0.008244177071614607,-2126.0487404227,21898.925710201303,0.005057348945698925,0.07643018212288388
Neighborhood_x_SaleCondition,Edwards|Normal,82,-0.015343171444825695,0.11143537394379258,5,0.035688880323387344,923.9413662356094,13536.697709185779,0.021700296922714742,0.08484342693338662
Neighborhood,NridgHt,77,-0.001599077573648741,0.1109353414293531,5,0.026119380896071447,-1364.1444318076594,39831.911728192994,0.00786672355999628,0.08107631166650846
Quality_x_RemodelAge,"4|(28.0, 47.0]",32,-0.02945657421208142,0.11059730422158587,4,0.019610006936778356,2980.8822414664864,12180.577375216675,0.035850960226957926,0.08855398314355065
RemodelAge_quintile,"(28.0, 47.0]",303,0.0068105290836626385,0.11052341461095413,5,0.007990981615558784,-2000.342012048821,16952.470324900318,-0.00031514105133287,0.07641907120000656
TotalSF_quintile,"(1903.6, 2272.0]",293,0.0026273301067442304,0.10933282390375247,5,0.015186918282525528,-830.6837136638385,12696.890196234428,0.0037834731253408335,0.07549014383156462
Quality_x_RemodelAge,"9|(-1.001, 3.0]",35,-0.001918100816760569,0.10897628768316826,5,0.02490799303469582,-3057.5477887182005,48472.236899243995,0.007733971306488677,0.0844252087915723
SaleType_x_Quality,WD|5,373,-0.005933836918846627,0.10864988421389966,5,0.006135693030548935,222.24623738894832,13824.34092639315,0.012233958020206324,0.07530214959954375
Neighborhood_x_Quality,NridgHt|Q9,24,-0.0073979240683079706,0.1084737824843187,3,0.02001795414264396,146.86958247700628,49561.25548377776,0.01313267849894397,0.08098125283670655
Neighborhood,NWAmes,73,-0.004027902086186121,0.108463948389449,5,0.04189281290907462,351.0415538991606,17320.0225559994,0.010819851506729396,0.07113895976188564
Neighborhood_x_SaleCondition,Timber|Normal,28,0.003652202629030908,0.10825685000431391,3,0.049668151743019064,-1971.5027129522039,31280.48394727108,0.0018606810426412665,0.07239856190250547
Quality_x_Size,"8|(1869.0, 5642.0]",80,0.0072012732923770525,0.10812750897075711,5,0.023583229797559484,-3687.6266946547403,35970.08514795208,-0.0012982666216496811,0.07547625911954323
Quality_x_Age,"6|(60.2, 136.0]",79,0.011888924255121067,0.10787942898195955,5,0.02189208227474158,-2904.9776733979807,16850.24608840386,-0.006075563346716462,0.08014990940292152
GarageCars,2,824,0.0032082429715695657,0.10742431030234564,5,0.006741296889317727,-1592.0144382305443,22622.764523781672,0.0030500067481079255,0.07329054686231415
Neighborhood_x_SaleCondition,ClearCr|Normal,24,0.03257203626173707,0.10704061207533307,3,0.031171648968371008,-7905.925708528648,25329.784722220047,-0.026988607811809003,0.08753333404508006
Age_quintile,"(24.0, 42.4]",291,0.00229536401561061,0.10646641702117197,5,0.004210272210258904,-850.5837933158423,17147.783520217097,0.003725507761718608,0.07492014721948681
OverallQual,9,43,0.007375671979891366,0.10625835290987339,5,0.01558718402591097,-5234.508656289909,45437.60099108421,-0.001878321417534177,0.07879011035689909
Neighborhood_x_Size,"Somerst|(1339.0, 1578.0]",30,0.014798454200078895,0.1060272721696385,4,0.043686105560021664,-3774.984654047546,23626.8742539805,-0.00932058484732013,0.08244930851618774
Quality_x_Age,"9|(-0.001, 5.0]",39,0.0006957447859475288,0.10450937484415423,5,0.019743438779298187,-3436.912977586143,46189.92413008151,0.004651638130844867,0.0788141350387026
Neighborhood_x_SaleCondition,SWISU|Normal,22,-0.03160268198246988,0.10413635921332194,2,0.00565725244972024,4862.242111468342,14975.336165839204,0.037176315882037514,0.0800977788573486
Quality_x_Size,"7|(1869.0, 5642.0]",93,0.01289727152535573,0.10351999788232588,5,0.019616740705944474,-4102.406711913858,27151.134518532937,-0.007575896744125777,0.07393633923278785
Neighborhood,Timber,38,-0.011660526098980759,0.10266099961964838,4,0.038924377642391456,2151.899915700296,28760.693706689606,0.01671549087911664,0.07234857771760103
Neighborhood_x_SaleCondition,Crawfor|Normal,43,0.0370058644028174,0.10252918301689169,5,0.04661855627861221,-9227.6057361922,22497.130652887965,-0.031913512238282954,0.07863500074281954
Quality_x_RemodelAge,"5|(28.0, 47.0]",130,0.013192415380580828,0.10252144460096813,5,0.007363068351799356,-2314.06521153546,12999.95178535499,-0.007479544098610592,0.0697829155607556
Quality_x_Size,"5|(333.999, 1066.6]",155,-0.00997643086789842,0.10170634383597064,5,0.018501439441757028,737.5023979445258,10265.08119335779,0.015768480556133578,0.06728338473637993
Quality_x_Age,"6|(24.0, 42.4]",112,0.009674236894715835,0.10042473389990221,5,0.023209149234747328,-1919.9916366323182,16580.726686692713,-0.004649190992851398,0.07349826101296612
Neighborhood_x_Size,"NAmes|(1339.0, 1578.0]",33,0.0018656221637555238,0.1004000986293759,4,0.02581567496338648,-994.3713235393781,13738.155561587226,0.0032327054528643664,0.07592656281291718
Quality_x_Age,"7|(60.2, 136.0]",36,0.023875422236504296,0.09977540379643,5,0.030453334907665806,-5284.019431538981,20371.17332613624,-0.01898171727929371,0.07784990349838333
RemodelAge_quintile,"(3.0, 9.6]",267,-0.002093023539083683,0.09869593843764364,5,0.01677366682481555,-656.3797022757639,18827.40504418038,0.007158303551418086,0.0690604350230331
SaleType_x_Quality,WD|7,264,0.006159315047564688,0.09852132213080907,5,0.01823717359112134,-2109.716267694638,20987.392708569005,-0.0010632424644216106,0.06993997597833945
GrLivArea_quintile,"(1578.0, 1869.0]",292,-0.0035413706140106174,0.0978877320993998,5,0.005394496751285403,-293.70604805452496,20377.83955253929,0.008607302401656821,0.07098450411053499
SaleCondition,Normal,1198,0.0013758429998267567,0.09733068295689885,5,0.006366962462033421,-1318.4287961550522,18328.309872158414,0.003569649260196968,0.06943293264289531
Neighborhood_x_Quality,NoRidge|Q8,24,-0.004538272406622745,0.09699986477226566,3,0.011038947484249518,-254.2961260243052,32549.15554242679,0.009151408531698662,0.07210861877159587
TotalSF_quintile,"(2272.0, 2676.0]",293,0.0015408716918723258,0.09690046196016801,5,0.010186647255401205,-670.68294163424,14731.18838196365,0.0032598452148614506,0.0682991869921821
Neighborhood,NAmes,225,0.002996305823251441,0.09660770229565298,5,0.01079570639725663,-472.07880316907386,13959.900377559501,0.0016521123224340645,0.07072353313615362
RemodelAge_quintile,"(9.6, 28.0]",295,0.0020154952340871797,0.09636626465714383,5,0.006966579923846344,-2335.937786548386,28912.42662005996,0.0025539359398949434,0.06788132276835189
Neighborhood_x_Size,"NAmes|(1066.6, 1339.0]",67,0.023851298481651077,0.09631492971079068,5,0.030260955522820335,-3208.8805047426727,12110.751841885749,-0.01961552386482589,0.05859289459588779
OverallQual,7,319,0.006470305025747343,0.09623056524769978,5,0.01595210953358875,-2197.9813044032667,20627.622923003633,-0.0016504685767727355,0.06863165554151232
Neighborhood_x_Quality,BrkSide|Q5,21,0.004865836702264946,0.09607333341578816,2,0.002326586494463056,-1774.905734996899,11285.297427122114,-0.0001817340279648839,0.07757633200860312
Quality_x_Size,"5|(1578.0, 1869.0]",45,-0.006512636944372553,0.09562611026364734,5,0.030975488225687398,538.3992644378288,14120.265711495254,0.011110387525743245,0.07498817298509455
YearBuilt_era,"(1970.0, 1990.0]",237,0.0014098491725749501,0.09510754926394613,5,0.015289673104833283,-938.6225143378914,15408.137752642018,0.003401148102719584,0.06619980668458551
KitchenQual,Gd,586,-0.0014831962218702422,0.09510178321354829,5,0.011045694867915436,-824.7005848905244,22201.419285833144,0.006077685662035769,0.06645701970835852
Quality_x_RemodelAge,"6|(28.0, 47.0]",111,0.014236671564448264,0.09506614909349621,5,0.019958849825458543,-2786.293620940987,16041.04246920027,-0.009817710534002983,0.06966594249671013
OverallCond,7,205,0.013347527236281322,0.09494394955796273,5,0.019431345390068702,-2991.535135426173,16227.600675009613,-0.008891304171135112,0.06823593511404283
Quality_x_RemodelAge,"6|(47.0, 60.0]",72,0.01245345904023671,0.09481513995377727,5,0.03587255245934903,-2745.6490417961145,15219.83236227023,-0.00803070168721442,0.06694996485942652
Quality_x_RemodelAge,"7|(9.6, 28.0]",77,0.002209253026801284,0.09440014121917358,5,0.014456759648239914,-795.1038599067845,22776.6159117037,0.002372940641439188,0.07173370968655193
Neighborhood_x_Quality,NAmes|Q6,74,0.0020712700498215497,0.0920108707436859,5,0.03338740773694738,-657.3424279880088,14437.266739060855,0.0022509362152484803,0.07181256265839113
Quality_x_RemodelAge,"8|(3.0, 9.6]",44,-0.0003326014964624348,0.09195882324953936,5,0.04559079963394671,-1164.8135356716905,25927.802153323453,0.004581362320063936,0.06892166881671281
Quality_x_Age,"8|(5.0, 24.0]",62,0.002248241133939632,0.09133778931884079,5,0.03092278273458633,-1916.5978322512626,26765.351447044206,0.0019210796524618634,0.0698483386695669
Quality_x_RemodelAge,"6|(3.0, 9.6]",66,-0.004830421705543863,0.09078779623603216,5,0.026260274410967958,674.7250807910126,14752.801449646655,0.00910508911559468,0.06907689858681258
Quality_x_Age,"5|(24.0, 42.4]",107,0.005986361189943895,0.08998671876920142,5,0.010542797114912416,-751.0808341964814,14329.298648980537,-0.0016907004963279003,0.060810202304517474
Neighborhood_x_Size,"NridgHt|(1578.0, 1869.0]",22,0.00033022550772588875,0.08990845868242084,2,0.06092557765818868,-968.0162461916559,24021.476984595985,0.003759276603151189,0.07031175742641686
SaleType_x_Quality,WD|8,126,0.00994602855861247,0.0892311168265992,5,0.02334421358566941,-3317.7413984112663,25028.62164904763,-0.006047866217524997,0.06497726290693215
Quality_x_RemodelAge,"5|(9.6, 28.0]",75,-0.005772328633997503,0.08892012067682475,5,0.01590282128733853,792.6789028832219,12280.056348957816,0.009717780562875407,0.06580272506171114
OverallQual,6,374,0.005908786508648842,0.0888326470874896,5,0.0067939399023393115,-1255.3330397912766,14747.217945006036,-0.0019667421105937152,0.06534320800368626
YearBuilt_era,"(1990.0, 2000.0]",175,-0.0025472364873140867,0.08863953361707012,5,0.007206215279701681,-1923.0159493338815,32693.298069668348,0.006398936640392288,0.061896904198191376
Quality_x_RemodelAge,"7|(-1.001, 3.0]",104,0.0057489314836935805,0.08860759879081737,5,0.02592977278797761,-2210.822441200451,19368.376353093627,-0.0018780001404762785,0.06662919353143179
Quality_x_Size,"6|(1066.6, 1339.0]",88,0.012268763584378258,0.08816165451326365,5,0.026654043042739186,-2186.9955876117206,12653.737575870353,-0.008367784116796478,0.06477131717814376
Quality_x_RemodelAge,"8|(9.6, 28.0]",40,0.00548227667394201,0.08738859981180683,5,0.040599490829725554,-2447.2763994473075,27305.941499199223,-0.0017521542201748897,0.06496843422870424
SaleType_x_Quality,WD|6,340,0.008368814449378254,0.08681496758112778,5,0.005350566932025902,-1593.814486736186,14656.718146869527,-0.004618569375835573,0.06337474831340366
Neighborhood_x_Size,"CollgCr|(1869.0, 5642.0]",21,-0.0008256146521362375,0.08655101434465191,2,0.02633443736413312,-883.0080138800092,25406.003217547415,0.004646101419551531,0.06676612268561155
SaleType_x_Quality,New|7,46,0.005870630183587799,0.08610353766490027,5,0.03592555846842266,-2347.784670851439,19585.99278269943,-0.002233866079880392,0.061660322160490035
Age_quintile,"(5.0, 24.0]",275,0.002829757522197741,0.08459585783701842,5,0.007984974268392333,-2439.262798666676,28186.2569868857,0.0006888272060443545,0.06009887982756053
Neighborhood_x_SaleCondition,NridgHt|Normal,45,-0.015922875576833997,0.08436091005981404,5,0.03006335847465921,3825.0115769390436,23727.976775056533,0.01958130083282196,0.06621587345495591
Quality_x_Age,"6|(42.4, 60.2]",75,0.007086457664848259,0.083644421849104,5,0.03018952625060418,-1399.3194907696618,14186.408434304063,-0.0035772895508271794,0.06657823461472233
Neighborhood_x_Quality,NAmes|Q5,113,-0.0002462220038680538,0.08307426300248444,5,0.018680215735455176,-137.3194139453404,11499.825896876237,0.003737700281612181,0.0630071475443806
Quality_x_Size,"6|(333.999, 1066.6]",59,0.01849164760240586,0.08280767055520663,5,0.03734078055439263,-2593.2040582456043,10422.691731990455,-0.015074765688332352,0.06400513388818754
Quality_x_Age,"7|(-0.001, 5.0]",125,-0.0024278021590462373,0.08235304424937977,5,0.02157206508272142,-379.1423755180583,17269.34613672014,0.0058178247970933185,0.06211340163189219
Neighborhood_x_Quality,SawyerW|Q6,23,-0.007712891872322574,0.08190373123963061,3,0.01095297665056187,1347.656882855868,10982.936996333821,0.011110985329463096,0.05981897802932819
Neighborhood_x_SaleCondition,NAmes|Normal,198,0.0034112522161184296,0.0815017014405645,5,0.014013126161370038,-626.3431481708749,12648.89330944812,-5.82915839047628e-05,0.06331514822399635
Neighborhood_x_Quality,CollgCr|Q8,23,0.0003172774750369734,0.08132449425853935,3,0.06108645821150436,-723.2895923128893,23708.548648632594,0.003056137935099575,0.060310191290973446
Neighborhood_x_Quality,Somerst|Q7,41,-0.000758418103801227,0.08124406403696745,5,0.03338569841127848,-699.4053991056195,17023.201823863623,0.004060268732437784,0.06290429479455274
Quality_x_Size,"7|(1578.0, 1869.0]",84,0.013861805058671628,0.08038843690201841,5,0.021493352718459875,-3476.340405514157,16131.474840766954,-0.010643686174592933,0.06175100044304328
Quality_x_Size,"6|(1578.0, 1869.0]",80,-0.012135168705404898,0.0798089465758044,5,0.014975435588708792,1720.8364427965596,14180.281605428669,0.015361768540411148,0.06359875581206906
Neighborhood_x_Size,"Gilbert|(1578.0, 1869.0]",24,-0.008712072762146139,0.07918722195941784,3,0.007028992920279138,1048.7379574617808,15507.004842371296,0.01189856071256526,0.054183371643105445
Quality_x_RemodelAge,"6|(9.6, 28.0]",87,-0.011445807693036098,0.0783222168586399,5,0.010057723370763442,1755.2974214825806,13212.224743169038,0.014598955219269641,0.05735433532267962
Neighborhood_x_Quality,SawyerW|Q7,21,0.0007471600112874267,0.0775365328821468,3,0.01482178661343137,-589.9054787494506,18000.645878939646,0.0022693814279418265,0.06438033604153086
Quality_x_Age,"7|(5.0, 24.0]",117,0.004937180847304174,0.07749740220429685,5,0.013976883648603725,-1299.0480196387316,18554.120369895347,-0.0018855141332011788,0.05908071980565762
SaleType_x_Quality,WD|9,25,-0.017839666256649664,0.07731902220872536,3,0.021030061689745187,5841.982589700566,26112.293826181252,0.02092037824020573,0.06239495790988294
Neighborhood_x_SaleCondition,SawyerW|Normal,50,-0.0014616030931567537,0.07713024691586992,5,0.015470946491447524,-85.2846113581321,14275.042440233536,0.004458181158750403,0.059732365866093345
Quality_x_RemodelAge,"6|(-1.001, 3.0]",38,0.02756735951431321,0.07663810566827524,4,0.01945451880925678,-4204.525393404183,13124.751153153064,-0.02470079327142074,0.06147737438322021
Quality_x_Size,"6|(1339.0, 1578.0]",98,0.0048545513019753045,0.07619816602886062,5,0.012772840534492909,-952.6774672817864,11428.10064701001,-0.001872463480314073,0.05555031144007867
Neighborhood_x_SaleCondition,Somerst|Normal,49,0.01646002380370531,0.07613959296094366,5,0.04187569803720274,-4696.8134026312555,18223.916953017713,-0.013657552540581394,0.057106558952479514
Quality_x_RemodelAge,"7|(3.0, 9.6]",97,0.005991096472934516,0.07401216832076153,5,0.0069605603958833575,-1685.1107039017527,15868.355451368263,-0.0032362638164639317,0.05731948084248645
Neighborhood,SawyerW,59,0.0019608874270482,0.07366116981134084,5,0.009033888748722371,-498.80513873948024,13451.042105481109,0.0007678121302702913,0.0571902966578812
Neighborhood_x_Size,"NAmes|(333.999, 1066.6]",77,0.005566660690618642,0.07336528906210418,5,0.01384381478763147,-914.4039763706994,8765.467063414539,-0.0028499316304077186,0.05951886587172902
Neighborhood_x_Size,"NWAmes|(1869.0, 5642.0]",23,-0.0021127942888784067,0.07209313880675118,1,0.0,951.124994339086,18050.46644672184,0.004761499075363954,0.05531782170737961
Neighborhood_x_Size,"CollgCr|(1339.0, 1578.0]",28,-0.007367747742528685,0.0703119803199228,3,0.012753326696641122,1097.715939549618,15636.09232175872,0.009795682490006055,0.05048480027864005
Neighborhood,Gilbert,79,0.004766251312435327,0.0699961777742697,5,0.0123459530009288,-1066.0501493027823,13238.350536272857,-0.002357401951889962,0.04552656228360729
Neighborhood_x_Quality,NWAmes|Q6,36,-0.0004720030332216278,0.06885335860650048,3,0.01397642092076593,76.10836053562282,12217.5083606873,0.0028338147046067736,0.05735247928940471
Neighborhood_x_SaleCondition,Mitchel|Normal,42,-0.0066796598586582705,0.06858604345917346,5,0.028422070207326976,982.0959261724201,10391.303439646379,0.009020830024144385,0.05186224870522005
Neighborhood_x_SaleCondition,NWAmes|Normal,64,0.001857940857267204,0.06708525269559458,5,0.007891329626379421,-235.74340336213072,14109.873266712897,0.00040112588778302635,0.053041982443520846
Neighborhood_x_Size,"NWAmes|(1578.0, 1869.0]",22,0.0018486018378135358,0.06669471841808995,2,0.0020265419856342584,-363.48765699113505,12142.879106800632,0.0003709298263074514,0.05599922265575514
Neighborhood,CollgCr,150,0.00021219053803156623,0.0659582830204491,5,0.01003764947449822,-578.0328597699755,14918.134086308888,0.0019571150779289083,0.0503610618245083
Neighborhood_x_Quality,CollgCr|Q7,71,0.0049879139998965155,0.06480595062821327,5,0.008730652337056936,-1610.567604126739,14593.633831671319,-0.002919697968056921,0.04996725898681605
Neighborhood_x_SaleCondition,Gilbert|Normal,64,-0.0008656562931273204,0.06463692206896245,5,0.0051006668839114104,294.8570251865908,11330.617377556187,0.002945694139537153,0.04127353687699728
Neighborhood_x_Quality,Gilbert|Q7,36,0.0073705981678898625,0.06359872099901628,5,0.034295505568058694,-2023.952782741237,13643.108064576303,-0.005412991185909207,0.042804685663227274
Neighborhood_x_Quality,CollgCr|Q5,28,-0.016051938511155366,0.06272966410352576,3,0.032685621000913496,2168.536679034531,8440.828285352518,0.01801884821601876,0.04821320832682015
Quality_x_Age,"6|(-0.001, 5.0]",37,0.007271329466807503,0.061411867916808145,4,0.019425671486035908,-1238.9859786264294,10563.806552530985,-0.005418609537476586,0.045448494651261315
Neighborhood_x_Size,"CollgCr|(1578.0, 1869.0]",46,0.012049728776581966,0.06113415910466591,5,0.014248778501089942,-2816.749876198454,13833.708078676058,-0.010204339868113494,0.04777715445443589
Neighborhood_x_SaleCondition,CollgCr|Normal,129,0.0002000414083938494,0.059215847088990844,5,0.012688565250290208,-566.3259383008879,12236.700264463796,0.0015473580002683856,0.04699213014103001
Neighborhood_x_Quality,CollgCr|Q6,24,0.007085525156155977,0.05843641075641737,3,0.023811815706082443,-1426.0459742378855,10758.208174751795,-0.00538973652043868,0.046780149280978706
Neighborhood_x_Size,"CollgCr|(333.999, 1066.6]",37,-0.0068732680972875505,0.058394725967874164,5,0.0320743715818349,850.9580123743799,7877.087058045734,0.008571461384058855,0.04377713998855629
Quality_x_Age,"6|(5.0, 24.0]",71,-0.008639111398078424,0.057911764066570066,5,0.011703401484402475,1772.2420512144388,11191.680104094426,0.010336656555303938,0.045066898857673385
Quality_x_Size,"7|(1066.6, 1339.0]",46,0.0008170971659507733,0.05611597177514451,4,0.0118774664090857,-56.09166775250355,10018.182948844158,0.000764443630077192,0.045617079397830385
Neighborhood_x_Quality,Gilbert|Q6,33,-0.0010997225645619493,0.05364965335195962,5,0.010798259958887127,230.82470737005738,10041.18861120986,0.0025479818225611546,0.04119250287903327
Neighborhood_x_Size,"Gilbert|(1339.0, 1578.0]",31,-0.0005609005191718922,0.04827790356041598,4,0.022783866043165877,1.1524330759467933,8877.619030875694,0.0017311307654550578,0.03584491649333133
