experiment_id,hypothesis,change,cv,cv_std,validation_scheme,runtime_seconds,oof_correlation,decision,reason,status
BASELINE_0,Existing pipeline is reproducible,Original CatBoost/XGBoost 70/30,0.124471,0.015763,KFold5 seed 42,,1.0,KEEP,Reproduced exactly; Kaggle public score 0.127417,KEEP
P2-FEATURES,Compact semantic ratios/interactions add signal,Fold-local imputation plus size/quality/age ratios,0.12357082685974234,0.016616660441163285,Nested held-fold blend evaluation,,,INVESTIGATE,Small CV gain; higher worst-fold error and no external confirmation,INVESTIGATE
P2-CAT-900,Native-category CatBoost can improve the current baseline,"Depth 6, 900 iterations, native categories",0.127433,0.014502,KFold5 seed 42 screen,509.0,,REJECT,Standalone mean fold RMSE is worse than baseline; expensive screening fit,REJECT
P2-BLEND,XGBoost and robust GradientBoosting residuals add complementary signal,XGBoost_regularized+GradientBoosting+Baseline_ensemble,0.12357082685974234,0.016616660441163285,Nested held-fold OOF weights; 5 fixed folds,,,INVESTIGATE,0.0009 lower mean fold RMSE; one fold and worst-fold performance regress slightly,INVESTIGATE
P2-XGBoost_regularized,Different inductive bias may add complementary OOF signal,XGBoost_regularized,0.12808984712862015,0.016215540613127893,KFold5 seed 42,6.18,0.9262618432403487,INVESTIGATE,Included in the small nested-blend gain,INVESTIGATE
P2-LightGBM_regularized,Different inductive bias may add complementary OOF signal,LightGBM_regularized,0.13047769586716124,0.017580437630702796,KFold5 seed 42,4.83,0.9185738494388248,REJECT,Standalone score materially weaker; no demonstrated blend contribution,REJECT
P2-ExtraTrees,Different inductive bias may add complementary OOF signal,ExtraTrees,0.13948047958482734,0.015067974286294748,KFold5 seed 42,22.77,0.883443503146964,REJECT,Standalone score materially weaker; no demonstrated blend contribution,REJECT
P2-RandomForest,Different inductive bias may add complementary OOF signal,RandomForest,0.14188272233121887,0.015965227313671483,KFold5 seed 42,19.77,0.8555851013361971,REJECT,Standalone score materially weaker; no demonstrated blend contribution,REJECT
P2-GradientBoosting,Different inductive bias may add complementary OOF signal,GradientBoosting,0.12977197344083177,0.01749266991643681,KFold5 seed 42,24.38,0.9063582081511973,INVESTIGATE,Included in the small nested-blend gain,INVESTIGATE
P2-Ridge,Different inductive bias may add complementary OOF signal,Ridge,0.1418708897861613,0.042280488767571386,KFold5 seed 42,0.72,0.8426883288781929,REJECT,Standalone score materially weaker; no demonstrated blend contribution,REJECT
P2-Ridge_log_skew,Different inductive bias may add complementary OOF signal,Ridge_log_skew,0.13638969065213052,0.03177331203194628,KFold5 seed 42,0.79,0.8635460907899724,REJECT,Standalone score materially weaker; no demonstrated blend contribution,REJECT
P2-ElasticNet,Different inductive bias may add complementary OOF signal,ElasticNet,0.141025272621697,0.03737478782590981,KFold5 seed 42,8.04,0.7886049260248791,REJECT,Standalone score materially weaker; no demonstrated blend contribution,REJECT
P2-SVR_RBF,Different inductive bias may add complementary OOF signal,SVR_RBF,0.14763940349183233,0.013364700941805151,KFold5 seed 42,1.62,0.8120914035949205,REJECT,Standalone score materially weaker; no demonstrated blend contribution,REJECT
P3-ADV-CANONICALIZE,Adversarial validation should distinguish real shift rather than dtype fingerprints,Canonical integer strings and explicit Missing category in both preprocessing paths,,,StratifiedKFold5 train-vs-test AUC before 0.999991 after 0.515209,,,FIX,Near-perfect AUC came from GarageCars labels such as 2 versus 2.0,KEEP
P3-XGB-SERIALIZATION,Consistent category labels should preserve useful GarageCars signal at inference,Paired OOF counterfactual using identical XGBoost fold models,0.129112,,KFold5 paired OOF format counterfactual,,,FIX_CANDIDATE,Float-string labels increased pooled RMSE to 0.131353; mean absolute prediction shift was 0.014428 log-price,INVESTIGATE
P3-XGB-REPEATED,Regularized XGBoost performance should be checked across split seeds,Repeated OOF evaluation of existing XGBoost_regularized spec,0.124369,0.013851,RepeatedKFold5x2 seed117 mean fold RMSE,14.84,,INVESTIGATE,Worst fold 0.149489; repeated baseline comparison not run,INVESTIGATE
P3-OUTLIER-EXCLUSION,Extreme low-price large homes may distort the ordinary-house fit,Exclude Id 524 and 1299 only from each XGBoost training fold; retain them in validation,0.127188,,Paired KFold5 seed42 XGBoost_regularized,,,INVESTIGATE,"Baseline pooled RMSE 0.129112; non-flagged RMSE 0.121586 to 0.119538. Test Id 2550 is a close analogue; deletion doubles its XGBoost estimate, so do not delete globally. OOF: experiments/outlier_exclusion_oof.csv",INVESTIGATE
P3-EDWARDS-ARCHETYPE-TE,A fold-trained archetype mean may correct a test-matched rare regime,Strict fold-local log-target mean for Edwards/quality10/year>=2007/New/Partial,0.118528,,RepeatedKFold5x2 across five seeds using preserved baseline OOF,,,INVESTIGATE,18/20 validation appearances had a training peer; pooled repeated RMSE 0.125466 to 0.118528 and group RMSE 1.181 to 0.397. Only two train examples; group selection followed residual/test inspection. OOF: experiments/edwards_archetype_oof.csv; candidate: experiments/edwards_archetype_candidate_submission.csv,INVESTIGATE
P3-CANONICALIZED-CANDIDATE,Canonical categories recover train-known GarageCars levels at inference,Full-data fit of original 70/30 CatBoost/XGBoost ensemble; separate candidate output,,,Full-data test inference only; no test labels,,,HOLD,"Candidate: experiments/canonicalized_baseline_submission.csv; no Kaggle CLI or credentials, so no external score",HOLD
P3-FINAL-SELECTED,Canonical categories should align held-out test levels without changing the learned training representation,Promote full-data canonicalized 70/30 baseline to root submission.csv,0.124471,0.015763,Historical KFold5 seed42; training representation verified identical,,1.0,SELECTED,Training-side values unchanged; fixes test GarageCars category serialization. Kaggle score unavailable; archetype specialist excluded due two-row selection risk,SELECTED
P3-GENERAL-TE-NEGCTRL,Neighborhood and quality target means should add signal beyond the global model,Fold-local encoding of neighborhood x quality x sale type x sale condition x recent-build era with shrinkage,0.129313,,RepeatedKFold5x2 across five seeds using baseline OOF,,,,Rejected: every tested smoothing value (0.5-50) worsened pooled RMSE; best was 0.129313 versus baseline 0.125466,REJECT
P4-COMPARABLE-LOCALITY,"Continuous, fold-local comparable homes provide local market information beyond broad group means.",Neighborhood-gated continuous comparables with log-price and price-density targets,0.135398,0.015495,Discovery/confirmation; RepeatedKFold5x2; 3 seeds each,8.7,,REJECT,Discovery selected neighborhood|bw=0.65|k=10|mix=0.5|target=log_price_per_living_sf; confirmation pooled RMSE 0.125466 -> 0.135398; gain=-0.009932; eligible=False. External champion not locally identifiable.,REJECT
P4-BASELINE-ERROR-MAP,"Error structure may cluster by location, quality, size, age, and sale context.",Descriptive log/dollar/relative OOF error slices and interactions,0.125466,,Historical KFold5 seed42 OOF; subgroup fold-bias diagnostics,,,DIAGNOSTIC,"Saved 451 subgroup slices; descriptive only, no correction promoted",DIAGNOSTIC
P4-NESTED-RESIDUAL,Inner-fold residuals may contain feature-predictable error that transfers to an untouched outer fold.,Outer-fold XGBoost plus inner-OOF residual Ridge/Huber learners,0.123749,0.008810,"Nested outer KFold5; inner KFold4; discovery 2 seeds, confirmation 1 seed",94.29,,INVESTIGATE,"Best confirmation correction=gradient_boosting; compared with nested XGBoost only, not the current external champion",INVESTIGATE
P4-RESIDUAL-CONFIRM2,The fixed shallow Huber residual correction improves XGBoost across fresh outer split seeds.,Fixed nested XGBoost + 120-tree depth-1 Huber residual correction,0.122560,0.013835,"Fresh nested KFold5 outer / KFold4 inner; seeds 2027, 2028",59.88,-0.099744,PROMISING_LOCAL_ONLY,Pooled gain=0.000488; no current external champion artifact/OOF comparison,PROMISING_LOCAL_ONLY
P4-RESIDUAL-AGGREGATE,Fixed residual correction should improve when independent confirmation seeds are pooled.,Aggregate predeclared nested confirmation seeds 2026-2030,0.123211,0.013418,Nested KFold5 outer / KFold4 inner; five confirmation seeds pooled,,,PROMISING_LOCAL_ONLY,"Across five fixed confirmation seeds, corrected pooled RMSE 0.123211 vs base 0.123604; gain=0.000393; worst-fold change=+0.001171. XGBoost-only comparison; champion ensemble nested OOF still required.",PROMISING_LOCAL_ONLY
P4-PRICE-DENSITY-NESTED,Log price can be decomposed into a property-specific area term plus learnable price density.,"Nested selection among log-price, log(price/area), three structural area definitions",0.124018,0.013620,Nested KFold5 outer/KFold4 inner; 3 development and 2 confirmation seeds,439.89,,REJECT,"Confirmation direct=0.124018, nested area target=0.124018; compared with champion OOF 0.125466",REJECT
P4-RESIDUAL-CONFIRM3,The fixed shallow Huber residual correction improves XGBoost across fresh outer split seeds.,Fixed nested XGBoost + 120-tree depth-1 Huber residual correction,0.123590,0.014796,"Fresh nested KFold5 outer / KFold4 inner; seeds 2029,2030",62.65,-0.071743,REJECT,Pooled gain=0.000144; no current external champion artifact/OOF comparison,REJECT
P4-HIERARCHICAL-RESIDUAL,Fold-local residual shrinkage by market and property segments may capture systematic local price formation beyond a global regressor.,Nested group-residual offsets for neighborhood/quality/sale/size regimes,0.122246,0.012395,Discovery/confirmation nested KFold5 outer / KFold4 inner; three seeds each,158.23,,REJECT_FOR_PROMOTION,Selected Neighborhood_x_OverallQual k=5; pooled gain=0.001708; worst-fold change=-0.004404; XGBoost-only; support-floor negative control: effect vanishes at >=2 peers; excluding IDs 524/1299 leaves <0.0003 gain,REJECT_FOR_PROMOTION
P4-HIERARCHICAL-RESIDUAL-CONFIRM2,The frozen neighborhood-quality residual effect transfers to two additional outer split seeds.,"No retuning; neighborhood x quality residual mean, shrinkage 5",0.122165,0.012016,"Nested KFold5 outer / KFold4 inner; confirmation seeds 2029,2030 plus prior confirmation",52.79,,REJECT_FOR_PROMOTION,"Combined five-seed confirmation gain=0.001701; worst-fold change=-0.004404; XGBoost-only, no champion-ensemble test; support-floor negative control: effect vanishes at >=2 peers; excluding IDs 524/1299 leaves <0.0003 gain",REJECT_FOR_PROMOTION
P4-HIERARCHICAL-SUPPORT-ABLATION,The neighborhood×quality residual correction should generalize beyond singleton cells and the Edwards outliers.,"Support floors 2, 3, 5, 10, 20; score with and without IDs 524/1299",0.123866,,Five nested confirmation seeds; OOF support-count ablation,,,REJECT_FOR_PROMOTION,Gain vanishes at support>=2; excluding the two flagged observations leaves only 0.000259 gain; shadow changes test ID 2550 materially.,REJECT_FOR_PROMOTION
P5-SHRUNK-HIERARCHICAL-RESIDUAL,A ridge-shrunk additive market hierarchy can capture stable residual structure while suppressing singleton cell effects.,Ridge-shrunk categorical hierarchy on inner-OOF XGBoost residuals,0.121502,0.011092,Discovery/confirmation nested KFold5 outer / KFold4 inner; 3 seeds per stage,175.0,,SHADOW_ONLY_XGB,"Selected {'representation': 'hierarchy', 'ridge_alpha': 10.0, 'minimum_frequency': 2}; confirmation gain=0.002000; worst-fold change=-0.004699; XGBoost-only, no champion-matched CV",SHADOW_ONLY_XGB
P5-CHAMPION-RESIDUAL-TRANSFER,A leakage-safe XGBoost residual hierarchy transfers to the protected champion's OOF residuals.,Apply nested XGBoost hierarchy correction to protected champion OOF; scale chosen on discovery seeds,0.123403,0.015407,Champion OOF transfer; discovery/confirmation correction seeds; nested base residual firewall,6.89,,SHADOW_ONLY_CHAMPION_TRANSFER,"Selected residual scale=0.75; confirmation gain=0.002063; caveat: fixed champion OOF seed42, not repeated champion OOF",SHADOW_ONLY_CHAMPION_TRANSFER
P5-RESIDUAL-INFLUENCE-ABLATION,The champion-transfer hierarchy may depend on the two extreme Edwards residuals; winsorization or excluding them from residual fitting should reveal that dependence.,Frozen hierarchical residual; exclude two Edwards rows or winsorize residual target,0.122971,0.012123,"Nested KFold5 outer / KFold4 inner; seeds 2024,2025,2029",83.33,,REVIEW; do not promote without champion-transfer stability,All-data gain=0.002000; exclude-flagged correction gain=0.000531; winsorized gain=0.001817,REVIEW; do not promote without champion-transfer stability
P5-WINSORIZED-CHAMPION-TRANSFER,"A robustly fit, ridge-shrunk hierarchy transfers residual information to the protected champion without depending on extreme residual labels.",Winsorized inner-OOF XGB residual hierarchy transferred to champion OOF; discovery-only scale,0.124782,0.016800,Champion OOF transfer; nested residual folds; discovery/confirmation 3 seeds each,69.88,,SHADOW_ONLY_ROBUST_TRANSFER,"Selected all_residuals, scale=0.75; gain=0.000684; fixed champion OOF seed42, no external score",SHADOW_ONLY_ROBUST_TRANSFER
P5-POOLED-CHAMPION-HIERARCHY,Pooling sparse categories at the encoder level and regularizing additive group effects should transfer the XGB residual structure to the protected champion without singleton-driven corrections.,Ridge hierarchy with rare-level pooling; champion OOF transfer; discovery-only scale selection,0.123595,0.015712,Nested residual KFold5 outer/KFold4 inner; 3 discovery and 3 confirmation seeds,136.96,,SHADOW_ONLY,"Selected hierarchy, alpha=10, minfreq=5, scale=0.75; gain=0.001870; fixed champion OOF",SHADOW_ONLY
P5-SUPPORT-FLOOR-CHAMPION-TRANSFER,Higher category pooling/support and ridge shrinkage will retain champion residual gains while preventing low-support market cells from dominating.,"Residual hierarchy champion transfer, min-frequency pooling 10/20, Ridge alpha 10/50",0.124070,0.013531,Discovery seeds 2031/2032; confirmation 2033/2034/2035; nested XGB residuals,113.45,,SHADOW_ONLY,"Selected alpha=10, minfreq=10, scale=0.5; gain=0.001396; champion seed42 OOF transfer only",SHADOW_ONLY
P5-LOCAL-PROMOTION,Support-pooled hierarchy residual transfers across confirmation seeds without singleton dependence,Promote phase5_support_floor_hierarchy.csv to root locally after checks,0.124070,0.013531,"Champion OOF transfer; discovery 2031/2032, confirmation 2033/2034/2035",,,LOCALLY_PROMOTED,3/3 seeds improve; outlier-excluded OOF 0.117692 to 0.116668; paired bootstrap favors candidate 98.6% overall and 94.5% outlier-excluded; Kaggle score pending,LOCALLY_PROMOTED
P6-UNCERTAINTY-GATED-RESIDUAL,Cross-seed uncertainty of the local residual effect can gate a small extra correction in high-confidence regions.,Uncertainty-gated incremental residual correction from cross-seed local-effect dispersion,0.124194,0.014261,Discovery correction seeds 2031/2032; confirmation 2033/2034/2035; fixed champion OOF,24.05,,REJECT,"Discovery chose q=0.9, increment=0.5; confirmation gain=-0.000262; external score pending",REJECT
P6-CHAMPION-ERROR-MAP,The new champion residuals reveal stable error families beyond the Phase 5 support-pooled correction.,Log/dollar/relative OOF slices over 19 domain features and interactions,0.123932,,Champion crossfit OOF; descriptive subgroup fold stability,,,DIAGNOSTIC,Saved 213 slices; identify only repeatable residual families for next experiment,DIAGNOSTIC
P6-AGE-QUALITY-RESIDUAL-HIERARCHY,"Residual errors among old low-quality homes arise from a quality-dependent age/renovation valuation curve, not merely neighborhood singleton effects.",Age/quality/renovation nested residual hierarchy transfer,0.124438,0.016746,"Nested KFold5 outer/KFold4 inner; discovery 3 seeds, confirmation 3 seeds",137.5,,REJECT,"Selected base_hierarchy, alpha=50, minfreq=20, scale=0.25; confirmation gain=-0.000506",REJECT
P6-TREE-LEAF-RESIDUAL-NEIGHBORS,Properties sharing terminal leaves across a fitted tree ensemble have residual similarity beyond raw feature distance.,Tree-leaf similarity weighted inner-OOF residual correction,0.122940,0.009437,Nested KFold5 outer/KFold4 inner; discovery/confirmation 3 seeds each,182.08,,REJECT_FOR_PROMOTION,"Selected topk=5, power=2, shrinkage=10; gain=0.000992; champion OOF transfer; outlier-excluded RMSE gain is negative and one test price shifts by +$74.7k; outlier-excluded pooled RMSE gain is only 0.000089, bootstrap interval crosses zero, and one test price shifts by +$74,668",REJECT_FOR_PROMOTION
P6-LEAF-INFLUENCE-ABLATION,Tree-leaf residual gains should survive removal of known influential houses and test-shift audit.,"Paired bootstrap, outlier exclusion, original-fold and test-shift sensitivity",0.116397,,"Champion crossfit OOF; 20,000 paired house bootstrap samples",,,REJECT_FOR_PROMOTION,"Outlier-excluded RMSE gain=0.000089; 95% paired bootstrap interval crosses zero; max test price change=+$74,668.",REJECT_FOR_PROMOTION
P6-NATIVE-CATBOOST-RESIDUAL,Native-categorical CatBoost can model nonlinear feature interactions in the champion residuals beyond the XGBoost residual hierarchy.,Native CatBoost correction on inner-OOF XGBoost residuals,0.123932,0.014186,Nested KFold5 outer/KFold4 inner; discovery/confirmation 3 seeds each,285.3,,REJECT,Selected residual scale=0; gain=0.000000; current champion OOF transfer,REJECT
P6-CHAMPION-CALIBRATION,Global log-price calibration may remove systematic multiplicative bias from the current champion.,Identity vs intercept/affine/Ridge/isotonic calibration of champion log OOF,0.123932,0.014186,KFold5; discovery seeds 23/47/83; confirmation 2036/2037/2041,0.19,,REJECT,Every calibration method worsened pooled confirmation RMSE relative to identity.,REJECT
