submission_id,CV,CV_std,architecture,features,Kaggle_score,notes
BASELINE_0,0.124471,0.015763,70% CatBoost + 30% XGBoost,Original features + baseline engineering,0.127417,Known-good public submission; preserved under experiments/baseline/
FINAL_A,0.12357082685974234,0.016616660441163285,"{'XGBoost_regularized': 0.17277422947431892, 'GradientBoosting': 0.17244774296262172, 'Baseline_ensemble': 0.6547780275630595}",Compact semantic ratios/interactions,,"Research finalist only; not submitted, gain is small and not robustly confirmed"
CANONICALIZED_CANDIDATE,,,70% CatBoost + 30% XGBoost,Original features + baseline engineering,0.12654,"At initial candidate checkpoint it was unsubmitted; user later confirmed these exact bytes were submitted and scored 0.12654 (~#1084). Frozen at experiments/champion/submission_0.12654.csv"
EDWARDS_ARCHETYPE_CANDIDATE,,,Baseline blend with fold-safe archetype target-mean override,Edwards/quality10/new/partial/year>=2007 archetype,,"Not submitted; adjusts test Id 2550 to 171930 using two training examples; exploratory OOF result only"
FINAL_SELECTED_CANONICALIZED,0.124471,0.015763,Canonicalized 70% CatBoost + 30% XGBoost,Original features + baseline engineering,0.12654,"User confirmed root submission.csv was the latest externally evaluated file; public rank approximately 1084/3775. API/submission ID unavailable. Exact file frozen under experiments/champion/. Historical submission preserved as best_submission.csv"
PHASE5_SUPPORT_FLOOR_HIERARCHY,0.124070,0.013531,Champion log + support-pooled Ridge hierarchy residual,"Neighborhood/quality/sale hierarchy; inner-OOF XGBoost residuals; alpha10; min_frequency10; scale0.5",0.12374,"User reports this exact root/versioned CSV earned RMSLE 0.12374 / approximately rank 759; current external champion, SHA-256 52e1309c46960f1d2c411dae3a9148de6db21a00ed264629097edd9cf7a756f8; Kaggle API query unavailable"
P6_UNCERTAINTY_GATE,0.124194,0.014261,Uncertainty-gated incremental residual hierarchy,Cross-seed residual uncertainty threshold q90 and additional correction,,"Rejected: confirmation worsened current champion OOF 0.123932 to 0.124194; shadow CSV experiments/shadow_candidates/phase6_uncertainty_gate.csv"
P6_TREE_LEAF,0.122940,0.009437,XGBoost tree-leaf similarity residual neighbor,TopK=5; similarity power=2; shrinkage=10,,"Rejected for promotion: outlier-excluded RMSE gain only 0.000089 with bootstrap interval crossing zero; NoRidge test Id 2683 shifts +$74,668; shadow CSV experiments/shadow_candidates/phase6_leaf_residual.csv"
P6_AGE_QUALITY,0.124438,0.016746,Age/quality residual hierarchy,Quality×age and renovation interactions,,"Rejected: nested confirmation worsened champion OOF 0.123932 to 0.124438; no submission candidate"
